brand_name,salt_composition,strength,dosage_form,manufacturer,pack_size,mrp,rx_required
A2 5 mg/10 mg Tablet,Amlodipine + Atorvastatin,5mg + 10mg,Tablet,Zydus Cadila,strip of 10 tablets,37.52,true
A2 5mg/10mg Tablet,Amlodipine + Atorvastatin,5mg + 10mg,Tablet,Zydus Cadila,strip of 10 tablets,32.12,true
AB Phylline Capsule,Acebrophylline,100mg,Capsule,Sun Pharmaceutical Industries Ltd,strip of 10 capsules,162.0,false
AB Phylline N Tablet,Acebrophylline + Acetylcysteine,100mg + 600mg,Tablet,Sun Pharmaceutical Industries Ltd,strip of 10 tablets,209.0,false
AB Phylline SR 200 Tablet,Acebrophylline,200mg,Tablet,Sun Pharmaceutical Industries Ltd,strip of 10 tablet sr,252.0,false
AB Phylline Syrup,Acebrophylline,10mg/ml,Syrup,Sun Pharmaceutical Industries Ltd,bottle of 100 ml Syrup,178.0,false
AB-Flo Capsule,Acebrophylline,100mg,Capsule,Lupin Ltd,strip of 10 capsules,156.6,false
AB-Flo SR Tablet,Acebrophylline,200mg,Tablet,Lupin Ltd,strip of 10 tablet sr,238.5,false
AB-Flo-N Tablet,Acebrophylline + Acetylcysteine,100mg + 600mg,Tablet,Lupin Ltd,strip of 10 tablets,207.25,false
AB-Next Gel,Adapalene + Benzoyl Peroxide,0.1% w/w + 2.5% w/w,Gel,Lupin Ltd,tube of 20 gm Gel,384.8,false
AB-Ramprel 2.5mg Tablet,Ramipril,2.5mg,Tablet,Abbott,strip of 10 tablets,55.55,true
AB-Ramprel 5 Tablet,Ramipril,5mg,Tablet,Abbott,strip of 10 tablets,97.38,true
Abd 200mg Suspension,Albendazole,200mg,Suspension,Intas Pharmaceuticals Ltd,bottle of 10 ml Suspension,17.12,true
Abd 400mg Tablet,Albendazole,400mg,Tablet,Intas Pharmaceuticals Ltd,strip of 1 Tablet,9.58,true
Abd Plus Syrup,Ivermectin + Albendazole,3mg + 200mg,Syrup,Intas Pharmaceuticals Ltd,bottle of 10 ml Syrup,39.0,true
Abd Plus Tablet,Ivermectin + Albendazole,6mg + 400mg,Tablet,Intas Pharmaceuticals Ltd,strip of 1 Tablet,37.0,true
Abel 40 Tablet,Azilsartan medoxomil,40mg,Tablet,Lupin Ltd,strip of 10 tablets,126.8,true
Abel 80 Tablet,Azilsartan medoxomil,80mg,Tablet,Lupin Ltd,strip of 10 tablets,217.8,true
Abendol Plus 12mg/400mg Tablet,Ivermectin + Albendazole,12mg + 400mg,Tablet,Leeford Healthcare Ltd,strip of 1 Tablet,24.0,true
Abendol Plus Syrup,Ivermectin + Albendazole,1.5mg/5ml + 200mg/5ml,Syrup,Leeford Healthcare Ltd,bottle of 10 ml Syrup,30.0,true
Abiways 200 SR Tablet,Acebrophylline,200mg,Tablet,Mankind Pharma Ltd,strip of 10 tablet sr,180.0,false
Abixim 50mg Dry Syrup,Cefixime,50mg/5ml,Syrup,Abbott,bottle of 30 ml Dry Syrup,18.75,true
Abrofyl 100mg Tablet,Acebrophylline,100mg,Tablet,Alkem Laboratories Ltd,strip of 10 tablets,47.0,false
Abrofyl Syrup,Acebrophylline,50mg/5ml,Syrup,Alkem Laboratories Ltd,bottle of 100 ml Syrup,89.5,false
Abvida-M 50mg/1000mg Eazy Glide Tablet,Metformin + Vildagliptin,50mg + 1000mg,Tablet,Abbott,strip of 15 tablets,254.04,true
Abzorb 1% Cream,Clotrimazole,1% w/w,Cream,Sun Pharmaceutical Industries Ltd,tube of 15 gm Cream,94.5,false
Accuzon 125mg Injection,Ceftriaxone,125mg,Injection,Macleods Pharmaceuticals Pvt Ltd,vial of 1 Injection,29.0,true
Ace Proxyvon Spas Tablet,Drotaverine + Aceclofenac,,Tablet,Dr Reddy's Laboratories Ltd,strip of 10 tablets,112.0,false
Ace Proxyvon TH 4 Tablet,Thiocolchicoside + Aceclofenac,4mg + 100mg,Tablet,Dr Reddy's Laboratories Ltd,strip of 10 tablets,237.25,true
Ace Proxyvon TH 8 mg Tablet,Thiocolchicoside + Aceclofenac,8mg + 100mg,Tablet,Dr Reddy's Laboratories Ltd,strip of 10 tablets,317.75,true
Ace-Proxyvon CR Tablet,Aceclofenac + Rabeprazole,200mg + 20mg,Tablet,Dr Reddy's Laboratories Ltd,strip of 10 tablet cr,143.25,true
Acec P Syrup,Aceclofenac + Paracetamol,100mg + 500mg,Syrup,Encyclo Healthcare,bottle of 60 ml Syrup,46.0,false
Acedol-P 500mg/100mg Tablet,Aceclofenac + Paracetamol,500mg + 100mg,Tablet,Doff Biotech Pvt Ltd,strip of 10 tablets,39.0,false
Acefex Forte Tablet,Aceclofenac,,Tablet,Zydus Cadila,strip of 10 tablets,19.87,false
Acefex Tablet,Aceclofenac,,Tablet,Zydus Cadila,strip of 10 tablets,85.0,false
Acegaba 300 Capsule,Gabapentin,300mg,Capsule,Emcure Pharmaceuticals Ltd,strip of 10 capsules,192.3,true
Acegaba ME 100mg/500mcg Tablet,Gabapentin + Methylcobalamin,100mg + 500mcg,Tablet,Emcure Pharmaceuticals Ltd,strip of 10 tablets,105.55,true
Acemiz 100mg Tablet,Aceclofenac,100mg,Tablet,Lupin Ltd,strip of 10 tablets,67.0,false
Acemiz 200 SR Tablet,Aceclofenac,200mg,Tablet,Lupin Ltd,strip of 10 tablet sr,74.7,false
Acemiz Fast 100mg/4mg Tablet,Aceclofenac + Thiocolchicoside,100mg + 4mg,Tablet,Lupin Ltd,strip of 10 tablets,105.7,true
Acemiz Plus 5mg Suspension,Astemizole,5mg,Suspension,Lupin Ltd,bottle of 60 ml Suspension,65.85,false
Acemiz Plus Oral Suspension,Aceclofenac + Paracetamol,50mg + 125mg,Suspension,Lupin Ltd,bottle of 60 ml Oral Suspension,65.85,false
Acemiz Spaz 100mg/500mg Tablet,Aceclofenac + Paracetamol,100mg + 500mg,Tablet,Lupin Ltd,strip of 10 tablets,23.43,false
Acenac Gel,Aceclofenac,,Gel,Medley Pharmaceuticals,tube of 30 gm Gel,38.0,false
Acera 20 Capsule,Rabeprazole,20mg,Capsule,Ipca Laboratories Ltd,strip of 10 capsules,90.65,true
Acetis P Tablet,Aceclofenac + Paracetamol,100mg + 650mg,Tablet,Atlantis Formulations Pvt Ltd,strip of 10 tablets,43.0,false
Acevis-P Suspension,Aceclofenac + Paracetamol,100mg + 325mg,Suspension,Innova Formulations Pvt Ltd,bottle of 60 ml Suspension,38.0,false
Acigo P Oral Suspension,Aceclofenac + Paracetamol,25mg + 125mg,Suspension,Penardo Biotech,bottle of 60 ml Oral Suspension,35.6,false
Acilex Plus Oral Suspension,Aceclofenac + Paracetamol,50mg + 120mg,Suspension,Glenvox Biotech,bottle of 60 ml Oral Suspension,53.6,false
Aciloc RD 20 Tablet,Domperidone + Omeprazole,10mg + 20mg,Tablet,Cadila Pharmaceuticals Ltd,strip of 15 tablets,77.0,true
Aciloc-S Suspension Sugar Free,Magaldrate + Simethicone,480mg + 20mg,Suspension,Cadila Pharmaceuticals Ltd,bottle of 200 ml Suspension,146.0,false
Acimol 200mg Tablet SR,Aceclofenac,200mg,Tablet,Leeford Healthcare Ltd,strip of 10 tablet sr,45.0,false
Acimol Gel,Aceclofenac,,Gel,Leeford Healthcare Ltd,tube of 30 gm Gel,65.0,false
Acimol-SP Tablet,Aceclofenac + Serratiopeptidase,100mg + 15mg,Tablet,Leeford Healthcare Ltd,strip of 10 tablets,65.0,false
Acivir 200 DT Tablet,Acyclovir,200mg,Tablet,Cipla Ltd,strip of 10 tablet dt,84.22,true
Acivir 400 DT Tablet,Acyclovir,400mg,Tablet,Cipla Ltd,strip of 5 tablet dt,76.55,true
Acivir 400mg Syrup,Acyclovir,400mg,Syrup,Cipla Ltd,bottle of 100 ml Syrup,100.0,true
Acivir 500 Infusion,Acyclovir,500mg,Injection,Cipla Ltd,vial of 1 Infusion,514.79,true
Acivir 800 DT Tablet,Acyclovir,800mg,Tablet,Cipla Ltd,strip of 5 tablet dt,246.23,true
Acivir Cream,Acyclovir,5% w/w,Cream,Cipla Ltd,tube of 5 gm Cream,72.53,true
Acivir Cream,Acyclovir,5% w/w,Cream,Cipla Ltd,tube of 10 gm Cream,146.41,true
Acivir Eye Drop,Acyclovir,3% w/v,Drops,Cipla Ltd,packet of 5 ml Eye Drop,48.35,true
Acivir Eye Ointment,Acyclovir,3% w/w,Ointment,Cipla Ltd,tube of 5 gm Eye Ointment,58.11,true
Acivir IV Injection,Acyclovir,25mg/ml,Injection,Cipla Ltd,vial of 1 Injection,441.77,true
Aciz MR Tablet,Aceclofenac + Paracetamol,250mg + 100mg,Tablet,Ritz Pharma,strip of 10 tablets,50.0,false
Aciz Plus 100 mg/650 mg Tablet,Aceclofenac + Paracetamol,100mg + 650mg,Tablet,Ritz Pharma,strip of 10 tablets,35.57,false
Aclocare-Plus Oral Suspension,Aceclofenac + Paracetamol,100mg + 250mg,Suspension,Carezone Healthcare,bottle of 60 ml Oral Suspension,45.0,false
Aclonac P Syrup,Aceclofenac + Paracetamol,50mg + 125mg,Syrup,Medfence Labs,bottle of 60 ml Syrup,49.0,false
Aclozest-P Oral Suspension,Aceclofenac + Paracetamol,50mg/5ml + 125mg/5ml,Suspension,Ikon Remedies Pvt Ltd,bottle of 60 ml Oral Suspension,58.95,false
Acnac-MR Tablet,Aceclofenac + Paracetamol,100mg + 250mg,Tablet,Atishya Biotech,strip of 10 tablets,75.0,false
Acnetoin Capsule,Clindamycin,300mg,Capsule,Leeford Healthcare Ltd,strip of 10 capsules,232.7,true
Acnetoin Gel,Clindamycin + Nicotinamide,1% w/w + 4% w/w,Gel,Leeford Healthcare Ltd,tube of 15 gm Gel,85.0,true
Acnetoin Soft Gelatin Capsule,Isotretinoin,20mg,Capsule,Leeford Healthcare Ltd,strip of 10 soft gelatin capsules,180.0,true
Acno(Intas) Cream,Isotretinoin,,Cream,Intas Pharmaceuticals Ltd,tube of 15 gm Cream,45.0,true
Aconmox-CV DDS Dry Syrup,Amoxycillin + Clavulanic Acid,400mg + 28.5mg,Suspension,Aconwell Pharma Pvt Ltd,bottle of 30 ml Oral Suspension,145.0,true
Acota MR Tablet,Aceclofenac + Paracetamol,,Tablet,Cadila Pharmaceuticals Ltd,strip of 10 tablets,39.95,false
Actibile 150 Tablet,Ursodeoxycholic Acid,150mg,Tablet,Zydus Cadila,strip of 10 tablets,215.35,true
Actibile 300 Tablet,Ursodeoxycholic Acid,300mg,Tablet,Zydus Cadila,strip of 10 tablets,398.3,true
Actibile 450 SR Tablet,Ursodeoxycholic Acid,450mg,Tablet,Zydus Cadila,strip of 10 tablet sr,316.0,true
Actibile 600 SR Tablet,Ursodeoxycholic Acid,600mg,Tablet,Zydus Cadila,strip of 10 tablet sr,421.0,true
Actibile 75 Tablet,Ursodeoxycholic Acid,75mg,Tablet,Zydus Cadila,strip of 10 tablets,128.55,true
Actiheal-D Tablet,Trypsin + Bromelain,48mg + 90mg,Tablet,Macleods Pharmaceuticals Pvt Ltd,strip of 10 tablets,281.5,false
Activa Plus Tablet,Diclofenac,,Tablet,Zydus Cadila,strip of 10 tablets,29.56,false
Actizo 20 mg/120 mg Tablet,Artemether + Lumefantrine,20mg + 120mg,Tablet,Sun Pharmaceutical Industries Ltd,strip of 8 tablets,93.0,true
Actizo 40mg/240mg Tablet,Artemether + Lumefantrine,40mg + 240mg,Tablet,Sun Pharmaceutical Industries Ltd,strip of 8 tablets,109.5,true
Actizo 80 mg/480 mg Tablet,Artemether + Lumefantrine,80mg + 480mg,Tablet,Sun Pharmaceutical Industries Ltd,strip of 8 tablets,164.0,true
Acuclav 125mg/25mg Injection,Amoxycillin + Clavulanic Acid,125mg + 25mg,Injection,Macleods Pharmaceuticals Pvt Ltd,vial of 1 Injection,49.3,true
Acuclav 250mg/50mg Injection,Amoxycillin + Clavulanic Acid,250mg + 50mg,Injection,Macleods Pharmaceuticals Pvt Ltd,vial of 1 Injection,63.0,true
Acudrox 125mg Syrup,Cefadroxil,125mg/5ml,Syrup,Macleods Pharmaceuticals Pvt Ltd,bottle of 30 ml Syrup,11.26,true
Acudrox 250mg Dry Syrup,Cefadroxil,250mg/5ml,Syrup,Macleods Pharmaceuticals Pvt Ltd,bottle of 30 ml Dry Syrup,27.28,true
Acutrol 400 Tablet,Sevelamer,400mg,Tablet,Intas Pharmaceuticals Ltd,strip of 15 tablets,306.0,false
Acutrol 800 Tablet,Sevelamer,800mg,Tablet,Intas Pharmaceuticals Ltd,strip of 10 tablets,367.0,false
Acutrol C 400 Tablet,Sevelamer,400mg,Tablet,Intas Pharmaceuticals Ltd,strip of 15 tablets,177.0,false
Acutrol C 800 Tablet,Sevelamer,800mg,Tablet,Intas Pharmaceuticals Ltd,strip of 10 tablets,217.0,false
Adcef 125mg Tablet DT,Cefdinir,125mg,Tablet,Torrent Pharmaceuticals Ltd,strip of 10 tablet dt,171.0,true
Adcef 300mg Capsule,Cefdinir,300mg,Capsule,Torrent Pharmaceuticals Ltd,strip of 10 capsules,313.0,true
Adcef Insta Use Syrup,Cefdinir,125mg/5ml,Syrup,Torrent Pharmaceuticals Ltd,bottle of 30 ml Syrup,184.05,true
Adcef LB 150mg/45Million spores Tablet,Cefdinir + Lactobacillus,150mg + 45Million spores,Tablet,Torrent Pharmaceuticals Ltd,strip of 10 tablets,150.0,true
Adcef LB Tablet,Cefdinir + Lactobacillus,300mg + 60Million spores,Tablet,Torrent Pharmaceuticals Ltd,strip of 10 tablets,313.0,true
Add App 2mg/5ml Syrup,Cyproheptadine,2mg/5ml,Syrup,Cadila Pharmaceuticals Ltd,bottle of 200 ml Syrup,29.92,false
Add App 4mg Tablet,Cyproheptadine,4mg,Tablet,Cadila Pharmaceuticals Ltd,strip of 10 tablets,11.45,false
Add Tears Lubricant Eye Drop,Carboxymethylcellulose,0.5% w/v,Drops,Cipla Ltd,bottle of 10 ml Eye Drop,135.25,false
Adequet 25 Tablet,Quetiapine,25mg,Tablet,Abbott,strip of 10 tablets,41.1,true
Adiflox Ointment,Ciprofloxacin,0.3% w/w,Ointment,Intas Pharmaceuticals Ltd,tube of 1 gm Ointment,9.0,true
Advacort 18mg Tablet,Deflazacort,18mg,Tablet,Abbott,strip of 6 tablets,66.0,true
Advent 1.2gm Injection,Amoxycillin + Clavulanic Acid,1000mg + 200mg,Injection,Cipla Ltd,packet of 1 Injection,140.96,true
Advent 150mg Injection,Amoxycillin + Clavulanic Acid,125mg + 25mg,Injection,Cipla Ltd,vial of 1 Injection,55.66,true
Advent 200mg/28.5mg Tablet DT,Amoxycillin + Clavulanic Acid,200mg + 28.5mg,Tablet,Cipla Ltd,strip of 10 tablet dt,167.03,true
Advent 228.5mg Dry Syrup,Amoxycillin + Clavulanic Acid,200mg + 28.5mg,Syrup,Cipla Ltd,bottle of 60 ml Dry Syrup,134.4,true
Advent 228.5mg Dry Syrup,Amoxycillin + Clavulanic Acid,200mg/5ml + 28.5mg/5ml,Syrup,Cipla Ltd,bottle of 30 ml Dry Syrup,67.2,true
Advent 300mg Injection,Amoxycillin + Clavulanic Acid,250mg + 50mg,Injection,Cipla Ltd,vial of 1 Injection,96.49,true
Advent 457mg Tablet DT,Amoxycillin + Clavulanic Acid,400mg + 57mg,Tablet,Cipla Ltd,strip of 6 tablet dt,178.61,true
Advent 600mg Injection,Amoxycillin + Clavulanic Acid,500mg + 100mg,Injection,Cipla Ltd,vial of 1 Injection,105.0,true
Advent 875mg/125mg Tablet,Amoxycillin + Clavulanic Acid,875mg + 125mg,Tablet,Cipla Ltd,strip of 4 tablets,169.0,true
Advent 91.4mg Drops Tangy Orange,Amoxycillin + Clavulanic Acid,80mg + 11.4mg,Drops,Cipla Ltd,bottle of 10 ml Oral Drops,105.8,true
Advent Forte 457mg Syrup Tangy Orange,Amoxycillin + Clavulanic Acid,400mg/5ml + 57mg/5ml,Syrup,Cipla Ltd,bottle of 30 ml Syrup,193.74,true
Advent Forte 457mg Syrup Tangy Orange,Amoxycillin + Clavulanic Acid,400mg/5ml + 57mg/5ml,Syrup,Cipla Ltd,bottle of 60 ml Syrup,263.53,true
Aece-P Oral Suspension,Aceclofenac + Paracetamol,50mg/5ml + 125mg/5ml,Suspension,Aadi Health Care,bottle of 60 ml Oral Suspension,52.0,false
Aero P 50mg/325mg Tablet,Aceclofenac + Paracetamol,50mg + 325mg,Tablet,Abron Healthcare,strip of 10 tablets,35.0,false
Aerodil Cold Oral Suspension,Chlorpheniramine Maleate + Paracetamol,1mg/5ml + 125mg/5ml,Suspension,Zydus Cadila,bottle of 60 ml Oral Suspension,45.0,false
Aerodil-DX Syrup Raspberry Sugar Free,Chlorpheniramine Maleate + Dextromethorphan Hydrobromide,4mg/5ml + 10mg/5ml,Syrup,Zydus Cadila,bottle of 100 ml Syrup,108.0,false
Afenak 100mg Tablet,Aceclofenac,100mg,Tablet,Sun Pharmaceutical Industries Ltd,strip of 10 tablets,23.0,false
Afenak Plus MR Tablet,Aceclofenac + Paracetamol,,Tablet,Sun Pharmaceutical Industries Ltd,strip of 10 tablets,20.0,false
Afoglip M 1000 Tablet ER,Metformin + Teneligliptin,1000mg + 20mg,Tablet,Torrent Pharmaceuticals Ltd,strip of 15 tablet er,267.35,true
Afoglip M 500 Tablet ER,Metformin + Teneligliptin,500mg + 20mg,Tablet,Torrent Pharmaceuticals Ltd,strip of 15 tablet er,255.8,true
Afoglip Tablet,Teneligliptin,20mg,Tablet,Torrent Pharmaceuticals Ltd,strip of 15 tablets,216.45,true
Airtec FB 6mcg/100mcg Capsule,Formoterol + Budesonide,6mcg + 100mcg,Capsule,Glenmark Pharmaceuticals Ltd,strip of 30 capsules,127.68,true
Akurit 4 Tablet,Isoniazid + Rifampicin,75mg + 150mg,Tablet,Lupin Ltd,strip of 10 tablets,82.6,true
Akurit Kid 60 mg/30 mg Tablet,Rifampicin + Isoniazid,60mg + 30mg,Tablet,Lupin Ltd,strip of 6 tablets,7.9,true
Akurit Kid LD Tablet,Rifampicin + Isoniazid,,Tablet,Lupin Ltd,bottle of 100 tablets,8.25,true
Akurit Tablet,Rifampicin + Isoniazid,150mg + 75mg,Tablet,Lupin Ltd,strip of 6 tablets,20.3,true
Akurit Z Kid Tablet,Isoniazid + Pyrazinamide,60mg + 30mg,Tablet,Lupin Ltd,strip of 6 tablets,10.8,true
Akurit Z Tablet,Isoniazid + Pyrazinamide,60mg + 30mg,Tablet,Lupin Ltd,strip of 6 tablets,8.5,true
AL Pthrin 5% Cream,Permethrin,5%,Cream,Alkem Laboratories Ltd,tube of 30 gm Cream,53.1,false
Albendol 400mg Suspension,Albendazole,400mg,Suspension,Micro Labs Ltd,bottle of 10 ml Suspension,23.65,true
Alcephin 125mg Syrup,Cefalexin,125mg,Syrup,Alembic Pharmaceuticals Ltd,bottle of 30 ml Syrup,15.0,true
Alcephin PX 125mg Dry Syrup,Cefalexin,125mg,Syrup,Alembic Pharmaceuticals Ltd,bottle of 30 ml Dry Syrup,17.37,true
Alcephin PX Kid Tablet,Cefalexin,,Tablet,Alembic Pharmaceuticals Ltd,strip of 10 tablets,12.5,true
Alcetam 400mg Tablet,Piracetam,400mg,Tablet,Alkem Laboratories Ltd,strip of 10 tablets,48.07,true
Alcid O Syrup,Magaldrate + Simethicone,,Syrup,Alkem Laboratories Ltd,bottle of 170 ml Syrup,40.0,false
Alcid S Syrup,Sucralfate,,Syrup,Alkem Laboratories Ltd,bottle of 170 ml Syrup,29.37,true
Alcid Tablet,Aluminium Hydroxide + Magnesium,300mg + 550mg,Tablet,Alkem Laboratories Ltd,strip of 9 tablets,12.0,false
Alcinac RB 200mg/20mg Capsule,Aceclofenac + Rabeprazole,200mg + 20mg,Capsule,Leeford Healthcare Ltd,strip of 10 capsules,34.5,true
Alcinac-P Oral Suspension,Aceclofenac + Paracetamol,50mg + 125mg,Suspension,Leeford Healthcare Ltd,bottle of 60 ml Oral Suspension,65.0,false
Alcipro 1000mg Tablet,Ciprofloxacin,1000mg,Tablet,Alkem Laboratories Ltd,strip of 5 tablets,75.0,true
Alcipro 2mg Infusion,Ciprofloxacin,2mg,Injection,Alkem Laboratories Ltd,bottle of 100 ml Infusion,17.14,true
Alcipro 750mg Tablet,Ciprofloxacin,750mg,Tablet,Alkem Laboratories Ltd,strip of 10 tablets,96.68,true
Aldigesic 100mg/500mg/250mg Tablet MR,Aceclofenac + Paracetamol,100mg + 500mg,Tablet,Alkem Laboratories Ltd,strip of 10 tablet mr,100.0,false
Aldigesic Injection,Aceclofenac + Paracetamol,,Injection,Alkem Laboratories Ltd,vial of 1 ml Injection,21.0,true
Aldigesic MR Tablet,Aceclofenac + Chlorzoxazone,100mg + 250mg,Tablet,Alkem Laboratories Ltd,strip of 10 tablets,100.0,false
Aldigesic P 100 mg/500 mg Suspension,Aceclofenac + Paracetamol,100mg + 500mg,Suspension,Alkem Laboratories Ltd,bottle of 60 ml Suspension,37.7,false
Aldigesic P 50mg/125mg Oral Suspension,Aceclofenac + Paracetamol,50mg/5ml + 125mg/5ml,Suspension,Alkem Laboratories Ltd,bottle of 60 ml Oral Suspension,60.0,false
Aldigesic Spas 80mg/100mg Tablet,Drotaverine + Aceclofenac,80mg + 100mg,Tablet,Alkem Laboratories Ltd,strip of 10 tablets,120.0,false
Aldigesic TH 100mg/4mg Tablet,Aceclofenac + Thiocolchicoside,100mg + 4mg,Tablet,Alkem Laboratories Ltd,strip of 10 tablets,253.0,true
Aldigesic-Rab Capsule SR,Aceclofenac + Rabeprazole,200mg + 20mg,Capsule,Alkem Laboratories Ltd,strip of 10 capsule sr,160.0,true
Aldom 20mg Tablet DT,Domperidone,20mg,Tablet,Alkem Laboratories Ltd,strip of 10 tablet dt,47.23,true
Alergin Cold Total Tablet,Paracetamol + Caffeine,,Tablet,Cipla Ltd,strip of 10 tablets,51.5,false
Alergin LX Syrup,Levocetirizine + Ambroxol,,Syrup,Cipla Ltd,bottle of 30 ml Syrup,40.0,false
Alerid Cold Tablet,Cetirizine + Paracetamol,5mg + 325mg,Tablet,Cipla Ltd,strip of 10 tablets,65.5,false
Alerid Syrup,Cetirizine,5mg/5ml,Syrup,Cipla Ltd,bottle of 30 ml Syrup,21.84,false
Alerid Syrup,Cetirizine,5mg/5ml,Syrup,Cipla Ltd,bottle of 60 ml Syrup,43.68,false
Alerid Tablet,Cetirizine,10mg,Tablet,Cipla Ltd,strip of 10 tablets,20.48,false
Alerid-D Syrup,Phenylpropanolamine + Cetirizine,,Syrup,Cipla Ltd,bottle of 100 ml Syrup,26.0,false
Alerid-D Tablet,Cetirizine + Phenylephrine,5mg + 10mg,Tablet,Cipla Ltd,strip of 10 tablets,57.97,false
Alernex 30mg Tablet DT,Fexofenadine,30mg,Tablet,Alembic Pharmaceuticals Ltd,strip of 10 tablet dt,26.25,false
Alert 120mg Tablet,Fexofenadine,120mg,Tablet,Alkem Laboratories Ltd,strip of 10 tablets,28.5,false
Alert 180mg Tablet,Fexofenadine,180mg,Tablet,Alkem Laboratories Ltd,strip of 10 tablets,60.0,false
Alevo 250 Tablet,Levofloxacin,250mg,Tablet,Alkem Laboratories Ltd,strip of 10 tablets,49.47,true
Alevo 500 Tablet,Levofloxacin,500mg,Tablet,Alkem Laboratories Ltd,strip of 10 tablets,100.24,true
Alevo 500mg Infusion,Levofloxacin,500mg,Injection,Alkem Laboratories Ltd,bottle of 100 ml Infusion,192.0,true
Alevo 750 Tablet,Levofloxacin,750mg,Tablet,Alkem Laboratories Ltd,strip of 10 tablets,135.83,true
Alevo CP 200 mg/250 mg Tablet,Cefpodoxime Proxetil + Levofloxacin,200mg + 250mg,Tablet,Alkem Laboratories Ltd,strip of 10 tablets,175.0,true
Alex Junior Syrup,Chlorpheniramine Maleate + Dextromethorphan Hydrobromide,2mg/5ml + 5mg/5ml,Syrup,Glenmark Pharmaceuticals Ltd,bottle of 60 ml Syrup,95.0,false
Alex P Paed Drop,Chlorpheniramine Maleate + Paracetamol,2mg/ml + 125mg/ml,Drops,Glenmark Pharmaceuticals Ltd,bottle of 15 ml Drop,73.0,false
Alex P Syrup,Chlorpheniramine Maleate + Paracetamol,0.5mg/5ml + 125mg/5ml,Syrup,Glenmark Pharmaceuticals Ltd,bottle of 60 ml Syrup,98.0,false
Alex Plus Paediatric Oral Drops,Chlorpheniramine Maleate + Phenylephrine,2mg/ml + 2.5mg/ml,Drops,Glenmark Pharmaceuticals Ltd,packet of 15 ml Oral Drops,73.0,false
Alexin Syrup,Cefalexin,250mg/5ml,Syrup,Alembic Pharmaceuticals Ltd,bottle of 30 ml Syrup,13.12,true
Alfa GPC Tablet,Alpha glycerylphosphorylcholine,400mg,Tablet,Intas Pharmaceuticals Ltd,strip of 10 tablets,755.0,false
Alfakim 100mg Injection,Amikacin,100mg,Injection,Sun Pharmaceutical Industries Ltd,vial of 2 ml Injection,31.25,true
Alfakim 250mg Injection,Amikacin,250mg,Injection,Sun Pharmaceutical Industries Ltd,vial of 2 ml Injection,46.8,true
Alfakim 500mg Injection,Amikacin,500mg,Injection,Sun Pharmaceutical Industries Ltd,vial of 2 ml Injection,138.0,true
Alflox 100mg Tablet DT,Norfloxacin,100mg,Tablet,Alkem Laboratories Ltd,strip of 10 tablet dt,3.46,true
Alflox 200mg Tablet,Norfloxacin,200mg,Tablet,Alkem Laboratories Ltd,strip of 10 tablets,23.65,true
Alflox 400 Tablet,Norfloxacin,400mg,Tablet,Alkem Laboratories Ltd,strip of 10 tablets,70.0,true
Alfucoz 100mg Tablet,Fluconazole,100mg,Tablet,Alembic Pharmaceuticals Ltd,strip of 4 tablets,79.75,true
Algat Eye Drop,Gatifloxacin,400mg,Drops,Alkem Laboratories Ltd,packet of 10 ml Eye Drop,10.62,true
Algesia CR 200mg/20mg Capsule,Aceclofenac + Rabeprazole,200mg + 20mg,Capsule,Macleods Pharmaceuticals Pvt Ltd,strip of 10 capsules,121.0,true
Algesia Plus 100 mg/325 mg/10 mg Capsule,Aceclofenac + Paracetamol,100mg + 325mg,Capsule,Macleods Pharmaceuticals Pvt Ltd,strip of 10 capsules,69.0,false
Algest 100mg Capsule,Progesterone,100mg,Capsule,Cadila Pharmaceuticals Ltd,strip of 10 capsules,120.0,true
Algest 200mg Capsule,Progesterone,200mg,Capsule,Cadila Pharmaceuticals Ltd,strip of 10 capsules,228.0,true
Algest SR 200 Tablet,Progesterone,200mg,Tablet,Cadila Pharmaceuticals Ltd,strip of 10 tablet sr,315.5,true
Alkem Cold 5 mg/500 mg/5 mg Tablet,Cetirizine + Paracetamol,5mg + 500mg,Tablet,Alkem Laboratories Ltd,strip of 10 tablets,28.0,false
Alkem Cold Suspension,Cetirizine + Paracetamol,2.5mg/5ml + 125mg/5ml,Suspension,Alkem Laboratories Ltd,bottle of 60 ml Suspension,53.0,false
Alkem Nandrolone 25mg Injection,Nandrolone Decanoate,25mg,Injection,Alkem Laboratories Ltd,vial of 1 ml Injection,12.95,true
Alkem Nandrolone 50mg Injection,Nandrolone Decanoate,50mg,Injection,Alkem Laboratories Ltd,vial of 1 ml Injection,259.0,true
Alkem Piroxicam 10mg Tablet DT,Piroxicam,10mg,Tablet,Alkem Laboratories Ltd,strip of 10 tablet dt,40.0,false
Alkem Plus Suspension,Cetirizine + Paracetamol,,Suspension,Alkem Laboratories Ltd,bottle of 60 ml Suspension,32.0,false
Alkem Plus Syrup,Cetirizine + Paracetamol,,Syrup,Alkem Laboratories Ltd,bottle of 100 ml Syrup,28.47,false
Alkepin 100mg Tablet DT,Asenapine,100mg,Tablet,Alkem Laboratories Ltd,strip of 10 Sublingual tablet,84.89,false
Alkepin 25mg Tablet DT,Clozapine,25mg,Tablet,Alkem Laboratories Ltd,strip of 10 tablet dt,31.0,true
Alkepin Odt 100mg Tablet,Clozapine,100mg,Tablet,Alkem Laboratories Ltd,strip of 10 tablets,96.26,true
Alkepin Odt 12.5mg Tablet,Clozapine,12.5mg,Tablet,Alkem Laboratories Ltd,strip of 10 tablets,30.0,true
Alkepin Odt 200 Tablet,Clozapine,200mg,Tablet,Alkem Laboratories Ltd,strip of 10 tablets,230.0,true
Alkepin Odt 25mg Tablet,Clozapine,25mg,Tablet,Alkem Laboratories Ltd,strip of 10 tablets,31.2,true
Alkepin Odt 50mg Tablet,Clozapine,50mg,Tablet,Alkem Laboratories Ltd,strip of 10 tablets,59.71,true
Alkof 100 mg/2 mg/10 mg Tablet,Guaifenesin + Chlorpheniramine Maleate,100mg + 2mg,Tablet,Alkem Laboratories Ltd,strip of 10 tablets,40.0,false
Alkof A Syrup,Cetirizine + Dextromethorphan Hydrobromide,2mg/5ml + 10mg/5ml,Syrup,Alkem Laboratories Ltd,bottle of 100 ml Syrup,29.97,false
Alkof AP Plus Syrup,Ambroxol + Guaifenesin,15mg/5ml + 50mg/5ml,Syrup,Alkem Laboratories Ltd,bottle of 100 ml Syrup,92.0,false
Alkof AP Syrup,Phenylephrine + Guaifenesin,5mg/5ml + 50mg/5ml,Syrup,Alkem Laboratories Ltd,bottle of 100 ml Syrup,77.0,false
Alkof Cofgel Tablet,Guaifenesin + Bromhexine,,Tablet,Alkem Laboratories Ltd,strip of 10 tablets,28.0,false
Alkof DX Syrup,Chlorpheniramine Maleate + Dextromethorphan Hydrobromide,4mg + 10mg,Syrup,Alkem Laboratories Ltd,bottle of 100 ml Syrup,110.0,false
Alkof Junior Syrup,Phenylephrine + Chlorpheniramine Maleate,5mg/5ml + 2mg/5ml,Syrup,Alkem Laboratories Ltd,bottle of 60 ml Syrup,61.0,false
Alkof LS Syrup,Cetirizine + Dextromethorphan Hydrobromide,5mg + 10mg,Syrup,Alkem Laboratories Ltd,bottle of 100 ml Syrup,99.0,false
Alkof Q Tablet,Guaifenesin + Phenylephrine,,Tablet,Alkem Laboratories Ltd,strip of 10 tablets,50.0,false
Alkof SF Syrup,Guaifenesin + Bromhexine,50mg + 4mg,Syrup,Alkem Laboratories Ltd,bottle of 100 ml Syrup,27.5,false
Alkof Syrup,Cetirizine + Dextromethorphan Hydrobromide,2mg + 10mg,Syrup,Alkem Laboratories Ltd,bottle of 450 ml Syrup,27.73,false
Alkof Syrup,Guaifenesin + Terbutaline,50mg + 1.25mg,Syrup,Alkem Laboratories Ltd,bottle of 100 ml Syrup,85.0,false
Alkof Syrup Orange,Guaifenesin + Terbutaline,50mg + 1.25mg,Syrup,Alkem Laboratories Ltd,bottle of 60 ml Syrup,58.0,false
Allegra 120mg Tablet,Fexofenadine,120mg,Tablet,Sanofi India Ltd,strip of 10 tablets,218.81,false
Allegra 180mg Tablet,Fexofenadine,180mg,Tablet,Sanofi India Ltd,strip of 10 tablets,251.2,false
Allercet 5mg/5ml Syrup,Cetirizine,5mg/5ml,Syrup,Micro Labs Ltd,bottle of 60 ml Syrup,43.68,false
Allercet AX 5mg/60mg Tablet,Cetirizine + Ambroxol,5mg + 60mg,Tablet,Micro Labs Ltd,strip of 10 tablets,53.44,false
Allercet AX Syrup,Cetirizine + Ambroxol,2.5mg + 30mg,Syrup,Micro Labs Ltd,bottle of 60 ml Syrup,50.0,false
Allercet Cold Syrup,Chlorpheniramine Maleate + Phenylephrine,2mg/5ml + 5mg/5ml,Syrup,Micro Labs Ltd,bottle of 60 ml Syrup,84.0,false
Allercet Cold Tablet,Levocetirizine + Phenylephrine,5mg + 10mg,Tablet,Micro Labs Ltd,strip of 10 tablets,77.0,false
Allercet L 2.5mg Syrup,Levocetirizine,2.5mg,Syrup,Micro Labs Ltd,bottle of 30 ml Syrup,34.0,false
Allercet Paed 5mg Tablet,Cetirizine,5mg,Tablet,Micro Labs Ltd,strip of 10 tablets,32.5,false
Allercet-DC Tablet,Cetirizine + Phenylephrine,10mg + 10mg,Tablet,Micro Labs Ltd,strip of 10 tablets,80.0,false
Allercet-L Syrup,Levocetirizine,2.5mg,Syrup,Micro Labs Ltd,bottle of 60 ml Syrup,95.0,false
Allercet-M Syrup,Levocetirizine + Montelukast,2.5mg/5ml + 4mg/5ml,Syrup,Micro Labs Ltd,bottle of 60 ml Syrup,104.0,true
Allerkast Syrup,Levocetirizine + Montelukast,5mg + 10mg,Syrup,Lupin Ltd,bottle of 30 ml Syrup,20.58,true
Almefkem 250 DT Tablet,Mefenamic Acid,250mg,Tablet,Alkem Laboratories Ltd,strip of 10 tablet dt,18.79,false
Almefkem 250mg Tablet,Mefenamic Acid,250mg,Tablet,Alkem Laboratories Ltd,strip of 10 tablets,18.79,false
Almefkem 500mg Tablet,Mefenamic Acid,500mg,Tablet,Alkem Laboratories Ltd,strip of 10 tablets,23.96,false
Almefkem Forte 500mg/450mg Tablet,Mefenamic Acid + Paracetamol,500mg + 450mg,Tablet,Alkem Laboratories Ltd,strip of 10 tablets,35.0,false
Almefkem Spas 10mg/250mg Tablet,Dicyclomine + Mefenamic Acid,10mg + 250mg,Tablet,Alkem Laboratories Ltd,strip of 10 tablets,49.0,false
Almefkem-D Tablet,Drotaverine + Mefenamic Acid,80mg + 250mg,Tablet,Alkem Laboratories Ltd,strip of 10 tablets,130.0,false
Alminth 200mg Syrup,Albendazole,200mg,Syrup,Torrent Pharmaceuticals Ltd,bottle of 10 ml Syrup,16.18,true
Almox 100mg Oral Drops,Amoxycillin,100mg,Drops,Alkem Laboratories Ltd,bottle of 10 ml Oral Drops,40.0,true
Almox 250 Capsule,Amoxycillin,250mg,Capsule,Alkem Laboratories Ltd,strip of 10 capsules,24.72,true
Almox 250 Capsule,Amoxycillin,250mg,Capsule,Alkem Laboratories Ltd,strip of 15 capsules,37.08,true
Almox 250 mg Tablet DT,Amoxycillin,250mg,Tablet,Alkem Laboratories Ltd,strip of 10 tablet dt,82.0,true
Almox 500 Capsule,Amoxycillin,500mg,Capsule,Alkem Laboratories Ltd,strip of 15 capsules,120.4,true
Almox 500 Capsule,Amoxycillin,500mg,Capsule,Alkem Laboratories Ltd,strip of 10 capsules,80.26,true
Almox C 250 mg/250 mg Capsule,Amoxycillin + Cloxacillin,250mg + 250mg,Capsule,Alkem Laboratories Ltd,strip of 10 capsules,35.0,true
Almox C Plus Tablet,Amoxycillin + Dicloxacillin,250mg + 250mg,Tablet,Alkem Laboratories Ltd,strip of 10 tablets,85.0,true
Almox C Tablet,Amoxycillin + Cloxacillin,125mg + 125mg,Tablet,Alkem Laboratories Ltd,strip of 10 tablets,79.0,true
Almox CV Syrup,Amoxycillin + Clavulanic Acid,200mg/5ml + 28.5mg/5ml,Syrup,Alkem Laboratories Ltd,bottle of 30 ml Syrup,56.98,true
Almox DS 250mg Oral Suspension,Amoxycillin,250mg/5ml,Suspension,Alkem Laboratories Ltd,bottle of 60 ml Oral Suspension,75.51,true
Almox DT 125 Tablet,Amoxycillin,125mg,Tablet,Alkem Laboratories Ltd,strip of 10 tablet dt,41.0,true
Alocet-M Syrup,Levocetirizine + Montelukast,,Syrup,Viilbery Healthcare Pvt Ltd,bottle of 60 ml Syrup,68.0,true
Alonac P 100mg/650mg Tablet,Aceclofenac + Paracetamol,100mg + 650mg,Tablet,East West Pharma,strip of 10 tablets,41.0,false
Alphacept 4 Tablet,Silodosin,4mg,Tablet,Lupin Ltd,strip of 15 tablets,244.5,true
Alphacept 4mg Capsule,Silodosin,4mg,Capsule,Lupin Ltd,strip of 10 capsules,148.45,true
Alphacept 8 Capsule,Silodosin,8mg,Capsule,Lupin Ltd,strip of 10 capsules,241.75,true
Alphacept 8 Tablet,Silodosin,8mg,Tablet,Lupin Ltd,strip of 15 tablets,437.8,true
Alphacept-D 4 Capsule Combipack,Silodosin + Dutasteride,4mg + 0.5mg,Capsule,Lupin Ltd,box of 20 capsule combipack,302.0,true
Alphacept-D 8 Capsule Combipack,Silodosin + Dutasteride,8mg + 0.5mg,Capsule,Lupin Ltd,box of 20 capsule combipack,412.0,true
Alphacept-D 8 Tablet,Silodosin + Dutasteride,8mg + 0.5mg,Tablet,Lupin Ltd,strip of 10 tablets,412.0,true
Alphacept-D4 Tablet,Silodosin + Dutasteride,4mg + 0.5mg,Tablet,Lupin Ltd,strip of 10 tablets,302.0,true
Alprax 0.25 Tablet,Alprazolam,0.25mg,Tablet,Torrent Pharmaceuticals Ltd,strip of 15 tablets,29.0,true
Alprax 0.5mg Tablet,Alprazolam,0.5mg,Tablet,Torrent Pharmaceuticals Ltd,strip of 15 tablets,66.9,true
Alprax 1.5mg Tablet SR,Alprazolam,1.5mg,Tablet,Torrent Pharmaceuticals Ltd,strip of 10 tablet sr,51.1,true
Alprax 1mg Tablet SR,Alprazolam,1mg,Tablet,Torrent Pharmaceuticals Ltd,strip of 15 tablet sr,125.75,true
Alprax Forte 0.5 mg/50 mg Tablet,Alprazolam + Sertraline,0.5mg + 50mg,Tablet,Torrent Pharmaceuticals Ltd,strip of 10 tablets,99.6,true
Alprax MT 0.125mg Tablet,Alprazolam,0.125mg,Tablet,Torrent Pharmaceuticals Ltd,strip of 15 tablets,15.0,true
Alprax Plus Tablet SR,Alprazolam + Sertraline,0.5mg + 25mg,Tablet,Torrent Pharmaceuticals Ltd,strip of 10 tablet sr,76.7,true
Alprax Z 0.25 mg/3 mg Tablet,Alprazolam + Melatonin,0.25mg + 3mg,Tablet,Torrent Pharmaceuticals Ltd,strip of 10 tablets,19.72,true
Alprax Z 0.5 mg/3 mg Tablet,Alprazolam + Melatonin,0.5mg + 3mg,Tablet,Torrent Pharmaceuticals Ltd,strip of 10 tablets,45.33,true
Alsita-M 100 Tablet ER,Sitagliptin + Metformin,100mg + 500mg,Tablet,Alkem Laboratories Ltd,strip of 10 tablet er,129.0,true
Altacef 1.5gm Injection,Cefuroxime,1.5gm,Injection,Glenmark Pharmaceuticals Ltd,vial of 1 Injection,476.0,true
Altacef Suspension,Cefuroxime,125mg,Suspension,Glenmark Pharmaceuticals Ltd,bottle of 30 ml Oral Suspension,230.0,true
Althrocin 100mg Drop,Erythromycin,100mg,Drops,Alembic Pharmaceuticals Ltd,packet of 10 ml Drop,46.55,true
Althrocin 100mg Tablet,Erythromycin,100mg,Tablet,Alembic Pharmaceuticals Ltd,strip of 10 tablets,17.41,true
Althrocin 250 Tablet,Erythromycin,250mg,Tablet,Alembic Pharmaceuticals Ltd,strip of 10 tablets,56.6,true
Althrocin 500 Tablet,Erythromycin,500mg,Tablet,Alembic Pharmaceuticals Ltd,strip of 10 tablets,110.3,true
Althrocin Forte 250mg Syrup,Erythromycin,250mg,Syrup,Alembic Pharmaceuticals Ltd,bottle of 60 ml Syrup,31.5,true
Althrocin Kid 125mg Tablet,Erythromycin,125mg,Tablet,Alembic Pharmaceuticals Ltd,strip of 10 tablets,40.1,true
Althrocin Liquid,Erythromycin,125mg/5ml,Suspension,Alembic Pharmaceuticals Ltd,bottle of 60 ml Oral Suspension,59.35,true
Altiva 120mg Tablet,Fexofenadine,120mg,Tablet,Sun Pharmaceutical Industries Ltd,strip of 10 tablets,184.0,false
Altiva 180mg Tablet,Fexofenadine,180mg,Tablet,Sun Pharmaceutical Industries Ltd,strip of 10 tablets,130.7,false
Altiva 30mg Tablet,Fexofenadine,30mg,Tablet,Sun Pharmaceutical Industries Ltd,strip of 10 tablets,8.75,false
Alto P Oral Suspension,Aceclofenac + Paracetamol,50mg/5ml + 125mg/5ml,Suspension,Pharmatech Healthcare,bottle of 60 ml Oral Suspension,42.0,false
Alzil -SR 11.5 Tablet,Donepezil,11.5mg,Tablet,Intas Pharmaceuticals Ltd,strip of 10 tablet sr,175.0,true
Alzil 10 Tablet,Donepezil,10mg,Tablet,Intas Pharmaceuticals Ltd,strip of 10 tablets,199.58,true
Alzil 5 Tablet,Donepezil,5mg,Tablet,Intas Pharmaceuticals Ltd,strip of 10 tablets,130.38,true
Alzil M Forte Tablet,Donepezil + Memantine,10mg + 10mg,Tablet,Intas Pharmaceuticals Ltd,strip of 10 tablets,202.5,true
Alzil-M 10 Tablet,Donepezil + Memantine,5mg + 10mg,Tablet,Intas Pharmaceuticals Ltd,strip of 10 tablets,253.0,true
Alzil-M 5 Tablet,Donepezil + Memantine,5mg + 5mg,Tablet,Intas Pharmaceuticals Ltd,strip of 10 tablets,192.0,true
Alzil-SR 23 Tablet,Donepezil,23mg,Tablet,Intas Pharmaceuticals Ltd,strip of 10 tablet sr,261.0,true
Alzolam 0.125mg Tablet,Alprazolam,0.125mg,Tablet,Sun Pharmaceutical Industries Ltd,strip of 10 tablets,16.36,true
Alzolam 0.25mg Tablet,Alprazolam,0.25mg,Tablet,Sun Pharmaceutical Industries Ltd,strip of 10 tablets,17.45,true
Alzolam 0.5mg Tablet,Alprazolam,0.5mg,Tablet,Sun Pharmaceutical Industries Ltd,strip of 10 tablets,36.5,true
Alzolam 0.75mg Tablet,Alprazolam,0.75mg,Tablet,Sun Pharmaceutical Industries Ltd,strip of 10 tablets,18.75,true
Alzolam 1mg Tablet,Alprazolam,1mg,Tablet,Sun Pharmaceutical Industries Ltd,strip of 10 tablets,47.0,true
ALZOLAM FORTE 0.5MG/50MG TABLET,Alprazolam + Sertraline,0.5mg + 50mg,Tablet,Sun Pharmaceutical Industries Ltd,strip of 10 tablets,47.25,true
ALZOLAM PLUS 0.5MG/25MG TABLET,Alprazolam + Sertraline,0.5mg + 25mg,Tablet,Sun Pharmaceutical Industries Ltd,strip of 10 tablets,31.75,true
Amazeo 300 Tablet,Amisulpride,300mg,Tablet,Torrent Pharmaceuticals Ltd,strip of 10 tablets,415.45,true
Amazeo 400mg Tablet,Amisulpride,400mg,Tablet,Torrent Pharmaceuticals Ltd,strip of 10 tablets,294.58,true
Amazeo 50 Tablet,Amisulpride,50mg,Tablet,Torrent Pharmaceuticals Ltd,strip of 10 tablets,94.4,true
Amazeo OD 100 Tablet SR,Amisulpride,100mg,Tablet,Torrent Pharmaceuticals Ltd,strip of 10 tablet sr,169.65,true
Amazeo OD 200 Tablet SR,Amisulpride,200mg,Tablet,Torrent Pharmaceuticals Ltd,strip of 10 tablet sr,315.55,true
Amazeo OD 400 Tablet,Amisulpride,400mg,Tablet,Torrent Pharmaceuticals Ltd,strip of 10 tablet sr,511.65,true
Amazeo OD 50mg Tablet,Amisulpride,50mg,Tablet,Torrent Pharmaceuticals Ltd,strip of 10 tablet sr,90.19,true
Ambrodil-XP Capsule,Acebrophylline,100mg,Capsule,Aristo Pharmaceuticals Pvt Ltd,strip of 10 capsules,80.85,false
Ambrodil-XP Syrup,Acebrophylline,50mg/5ml,Syrup,Aristo Pharmaceuticals Pvt Ltd,bottle of 100 ml Syrup,108.0,false
Amfy Gel,Liposomal Amphotericin B,1mg,Gel,Intas Pharmaceuticals Ltd,tube of 15 gm Gel,271.5,false
Amfy Gel,Liposomal Amphotericin B,1mg,Gel,Intas Pharmaceuticals Ltd,tube of 30 gm Gel,433.0,false
Amfy V Vaginal gel,Amphotericin B,1mg,Gel,Intas Pharmaceuticals Ltd,tube of 15 gm Vaginal gel,271.5,false
Amicet 5 mg/60 mg Tablet,Levocetirizine + Ambroxol,5mg + 60mg,Tablet,Leeford Healthcare Ltd,strip of 10 tablets,49.0,false
Amicet Syrup,Levocetirizine + Ambroxol,2.5mg/5ml + 30mg/5ml,Syrup,Leeford Healthcare Ltd,bottle of 30 ml Syrup,65.0,false
Amicip 100mg Injection,Amikacin,100mg,Injection,Cipla Ltd,vial of 2 ml Injection,6.18,true
Amicip 250mg Injection,Amikacin,250mg,Injection,Cipla Ltd,vial of 2 ml Injection,9.56,true
Amitas 100mg Injection,Amikacin,100mg,Injection,Intas Pharmaceuticals Ltd,vial of 2 ml Injection,36.0,true
Amitas 250mg Injection,Amikacin,250mg,Injection,Intas Pharmaceuticals Ltd,vial of 1 Injection,31.0,true
Amitas 500mg Injection,Amikacin,500mg,Injection,Intas Pharmaceuticals Ltd,vial of 1 Injection,108.0,true
Amitax 100mg Injection,Amikacin,100mg,Injection,Alkem Laboratories Ltd,vial of 1 Injection,17.5,true
Amitax 250mg Injection,Amikacin,250mg,Injection,Alkem Laboratories Ltd,vial of 1 Injection,33.5,true
Amitax 500mg Injection,Amikacin,500mg,Injection,Alkem Laboratories Ltd,vial of 2 ml Injection,119.0,true
Amitax 50mg Injection,Amikacin,50mg,Injection,Alkem Laboratories Ltd,vial of 1 Injection,9.5,true
Amitone 10mg Tablet,Amitriptyline,10mg,Tablet,Intas Pharmaceuticals Ltd,strip of 10 tablets,19.15,true
Amitone 25mg Tablet,Amitriptyline,25mg,Tablet,Intas Pharmaceuticals Ltd,strip of 10 tablets,27.54,true
Amitone 75mg Tablet,Amitriptyline,75mg,Tablet,Intas Pharmaceuticals Ltd,strip of 10 tablets,42.64,true
Amitone Forte 25 mg/10 mg Tablet,Amitriptyline + Chlordiazepoxide,25mg + 10mg,Tablet,Intas Pharmaceuticals Ltd,strip of 10 tablets,40.0,true
Amitone Plus Tablet,Amitriptyline + Chlordiazepoxide,12.5mg + 5mg,Tablet,Intas Pharmaceuticals Ltd,strip of 10 tablets,37.5,true
Amitor 10mg Tablet,Amitriptyline,10mg,Tablet,Torrent Pharmaceuticals Ltd,strip of 10 tablets,12.5,true
Amitor 25mg Tablet,Amitriptyline,25mg,Tablet,Torrent Pharmaceuticals Ltd,strip of 10 tablets,18.5,true
Amitor 75mg Tablet,Amitriptyline,75mg,Tablet,Torrent Pharmaceuticals Ltd,strip of 10 tablets,30.0,true
Amitrip 25mg Tablet,Amitriptyline,25mg,Tablet,East West Pharma,strip of 10 tablets,23.94,true
Amitrip 50mg Tablet,Amitriptyline,50mg,Tablet,East West Pharma,strip of 10 tablets,39.7,true
Amitrip 75mg Tablet,Amitriptyline,75mg,Tablet,East West Pharma,strip of 10 tablets,84.0,true
Amixide 10mg Tablet,Amitriptyline + Chlordiazepoxide,25mg + 10mg,Tablet,Sun Pharmaceutical Industries Ltd,strip of 10 tablets,63.5,true
Amixide 5 Tablet,Amitriptyline + Chlordiazepoxide,25mg + 5mg,Tablet,Sun Pharmaceutical Industries Ltd,strip of 10 tablets,34.0,true
Amixide Tablet,Amitriptyline + Chlordiazepoxide,25mg + 10mg,Tablet,Sun Pharmaceutical Industries Ltd,strip of 10 tablets,34.0,true
Amixide-H Tablet,Amitriptyline + Chlordiazepoxide,12.5mg + 5mg,Tablet,Sun Pharmaceutical Industries Ltd,strip of 10 tablets,51.0,true
Amlip 10 Tablet,Amlodipine,10mg,Tablet,Cipla Ltd,strip of 10 tablets,63.05,true
Amlodac 10 Tablet,Amlodipine,10mg,Tablet,Zydus Cadila,packet of 30 tablets,188.94,true
Amlodac CH Tablet,Amlodipine + Chlorthalidone,5mg + 12.5mg,Tablet,Zydus Cadila,strip of 10 tablets,133.8,true
Amlodac L 5 mg/5 mg Tablet,Amlodipine + Lisinopril,5mg + 5mg,Tablet,Zydus Cadila,strip of 10 tablets,101.5,true
Amlodac-H Tablet,Amlodipine + Hydrochlorothiazide,5mg + 12.5mg,Tablet,Zydus Cadila,strip of 10 tablets,63.4,true
Amlodac-H Tablet,Amlodipine + Hydrochlorothiazide,5mg + 12.5mg,Tablet,Zydus Cadila,strip of 15 tablets,115.4,true
Amlokem M 2.5/25 Tablet,Amlodipine + Metoprolol Succinate,2.5mg + 25mg,Tablet,Alkem Laboratories Ltd,strip of 10 tablets,63.0,true
Amlokind-AT Tablet,Amlodipine + Atenolol,5mg + 50mg,Tablet,Mankind Pharma Ltd,strip of 15 tablets,44.7,true
Amlong 10 Tablet,Amlodipine,10mg,Tablet,Micro Labs Ltd,strip of 15 tablets,94.58,true
Amlong 2.5 Tablet,Amlodipine,2.5mg,Tablet,Micro Labs Ltd,strip of 15 tablets,30.91,true
Amlong 2.5mg Tablet,Amlodipine,2.5mg,Tablet,Micro Labs Ltd,strip of 10 tablets,25.25,true
Amlong 7.5mg Tablet,Amlodipine,7.5mg,Tablet,Micro Labs Ltd,strip of 10 tablets,33.0,true
Amlong A-25 Tablet,Amlodipine + Atenolol,5mg + 25mg,Tablet,Micro Labs Ltd,strip of 10 tablets,56.0,true
Amlong CT Tablet,Amlodipine + Chlorthalidone,5mg + 12.5mg,Tablet,Micro Labs Ltd,strip of 10 tablets,65.0,true
Amlong MT 5/25 Tablet PR,Amlodipine + Metoprolol Succinate,5mg + 23.75mg,Tablet,Micro Labs Ltd,strip of 15 Tablet pr,68.88,true
Amlong Tablet,Amlodipine,5mg,Tablet,Micro Labs Ltd,strip of 30 tablets,97.1,true
Amlong Tablet,Amlodipine,5mg,Tablet,Micro Labs Ltd,strip of 15 tablets,48.55,true
Amlong-A Tablet,Amlodipine + Atenolol,5mg + 50mg,Tablet,Micro Labs Ltd,strip of 15 tablets,145.0,true
Amlong-H Tablet,Amlodipine + Hydrochlorothiazide,5mg + 12.5mg,Tablet,Micro Labs Ltd,strip of 15 tablets,115.0,true
Amlong-H Tablet,Amlodipine + Hydrochlorothiazide,5mg + 12.5mg,Tablet,Micro Labs Ltd,strip of 10 tablets,76.65,true
Amlopres 10 Tablet,Amlodipine,10mg,Tablet,Cipla Ltd,strip of 10 tablets,63.05,true
Amlopres 2.5 Tablet,Amlodipine,2.5mg,Tablet,Cipla Ltd,strip of 15 tablets,30.03,true
Amlopres 5 Tablet,Amlodipine,5mg,Tablet,Cipla Ltd,strip of 30 tablets,97.1,true
Amlopres AT 25 Tablet,Amlodipine + Atenolol,5mg + 25mg,Tablet,Cipla Ltd,strip of 15 tablets,110.52,true
Amlopres L Tablet,Amlodipine + Lisinopril,5mg + 5mg,Tablet,Cipla Ltd,strip of 15 tablets,180.89,true
Amlopres TL 80mg/5mg Tablet,Telmisartan + Amlodipine,80mg + 5mg,Tablet,Cipla Ltd,strip of 15 tablets,180.0,true
Amlopres-AT Tablet,Amlodipine + Atenolol,5mg + 50mg,Tablet,Cipla Ltd,bottle of 30 tablets,275.24,true
Amlopres-AT Tablet,Amlodipine + Atenolol,5mg + 50mg,Tablet,Cipla Ltd,strip of 15 tablets,148.59,true
Amlopres-Z 50mg/5mg Tablet,Losartan + Amlodipine,50mg + 5mg,Tablet,Cipla Ltd,strip of 10 tablets,75.0,true
Amlovas CH 5 mg/12.5 mg Tablet,Amlodipine + Chlorthalidone,5mg + 12.5mg,Tablet,Macleods Pharmaceuticals Pvt Ltd,strip of 10 tablets,69.0,true
Amlovas LS Tablet,Losartan + Amlodipine,50mg + 5mg,Tablet,Macleods Pharmaceuticals Pvt Ltd,strip of 10 tablets,128.0,true
Amlovas S 2.5mg Tablet,S-Amlodipine,2.5mg,Tablet,Macleods Pharmaceuticals Pvt Ltd,strip of 10 tablets,22.5,true
Amlovas S 5mg Tablet,S-Amlodipine,5mg,Tablet,Macleods Pharmaceuticals Pvt Ltd,strip of 10 tablets,38.3,true
Amlovas SN 5 mg/2.5 mg Tablet,Nebivolol + Amlodipine,5mg + 2.5mg,Tablet,Macleods Pharmaceuticals Pvt Ltd,strip of 10 tablets,62.46,true
Amlovas-AT 25 Tablet,Amlodipine + Atenolol,5mg + 25mg,Tablet,Macleods Pharmaceuticals Pvt Ltd,strip of 15 tablets,88.0,true
Amlovas-L Tablet,Amlodipine + Lisinopril,5mg + 5mg,Tablet,Macleods Pharmaceuticals Pvt Ltd,strip of 15 tablets,203.0,true
Amlovas-M 2.5/25 Tablet PR,Amlodipine + Metoprolol Succinate,2.5mg + 25mg,Tablet,Macleods Pharmaceuticals Pvt Ltd,strip of 10 Tablet pr,96.8,true
Amlovas-M 2.5mg/50mg Tablet,Amlodipine + Metoprolol Succinate,2.5mg + 50mg,Tablet,Macleods Pharmaceuticals Pvt Ltd,strip of 10 tablets,67.0,true
Amlozaar 25 mg/5 mg Tablet,Losartan + Amlodipine,25mg + 5mg,Tablet,Micro Labs Ltd,strip of 10 tablets,32.76,true
Amoxolin CV Kid Syrup,Amoxycillin + Clavulanic Acid,125mg + 28.5mg,Syrup,Medcure Pharma,bottle of 30 ml Syrup,78.4,true
Ampikem 250mg Capsule,Ampicillin,250mg,Capsule,Alkem Laboratories Ltd,box of 100 capsules,28.19,true
Ampikem 500mg Capsule,Ampicillin,500mg,Capsule,Alkem Laboratories Ltd,strip of 10 capsules,55.0,true
Ampilox C 100 mg/50 mg Drop,Ampicillin + Cloxacillin,100mg + 50mg,Drops,Biochem Pharmaceutical Industries,packet of 10 ml Drop,32.6,true
Ampilox C 125mg/125mg Syrup,Ampicillin + Cloxacillin,125mg + 125mg,Syrup,Biochem Pharmaceutical Industries,bottle of 60 ml Syrup,71.9,true
Ampilox C Dry Syrup,Ampicillin + Cloxacillin,125mg + 125mg,Syrup,Biochem Pharmaceutical Industries,bottle of 30 ml Dry Syrup,41.35,true
Ampoxin 1gm Injection,Ampicillin + Cloxacillin,500mg + 500mg,Injection,Torrent Pharmaceuticals Ltd,vial of 10 ml Injection,39.7,true
Ampoxin 250 Capsule,Ampicillin + Cloxacillin,125mg + 125mg,Capsule,Torrent Pharmaceuticals Ltd,strip of 15 capsules,51.65,true
Ampoxin 250mg Injection,Ampicillin + Cloxacillin,125mg + 125mg,Injection,Torrent Pharmaceuticals Ltd,vial of 5 ml Injection,24.6,true
Ampoxin 500 Capsule,Ampicillin + Cloxacillin,250mg + 250mg,Capsule,Torrent Pharmaceuticals Ltd,strip of 15 capsules,88.9,true
Ampoxin 500mg Injection,Ampicillin + Cloxacillin,250mg + 250mg,Injection,Torrent Pharmaceuticals Ltd,vial of 10 ml Injection,30.6,true
Ampoxin Dry syrup,Ampicillin + Cloxacillin,125mg + 125mg,Powder,Torrent Pharmaceuticals Ltd,bottle of 30 ml Powder for Oral Suspension,32.6,true
Ampoxin Kid 125mg/125mg Tablet,Ampicillin + Cloxacillin,125mg + 125mg,Tablet,Torrent Pharmaceuticals Ltd,strip of 10 tablets,35.0,true
Ampoxin LB 250mg/250mg/60Million cells Capsule,Ampicillin + Cloxacillin,250mg + 250mg,Capsule,Torrent Pharmaceuticals Ltd,strip of 10 capsules,39.4,true
Ampoxin LB Capsule,Ampicillin + Cloxacillin,125mg + 125mg,Capsule,Torrent Pharmaceuticals Ltd,strip of 10 capsules,37.9,true
Ampoxin Plus 250 mg/250 mg Capsule,Amoxycillin + Dicloxacillin,250mg + 250mg,Capsule,Torrent Pharmaceuticals Ltd,strip of 10 capsules,80.0,true
Ampoxin-CV 200mg/28.5mg Suspension,Amoxycillin + Clavulanic Acid,200mg + 28.5mg,Suspension,Torrent Pharmaceuticals Ltd,bottle of 30 ml Suspension,67.25,true
Ampoxin-CV Forte Dry Syrup,Amoxycillin + Clavulanic Acid,400mg/5ml + 57mg/5ml,Syrup,Torrent Pharmaceuticals Ltd,bottle of 30 ml Dry Syrup,153.15,true
Ampurin 125mg Dry Syrup,Ampicillin,125mg,Syrup,Elder Pharmaceuticals Ltd,bottle of 30 ml Dry Syrup,20.0,true
Amrox Oral Drops,Ambroxol,,Drops,Leeford Healthcare Ltd,bottle of 15 ml Oral Drops,40.62,false
Amrox-LS Junior Syrup,Levosalbutamol + Ambroxol,0.5mg + 15mg,Syrup,Leeford Healthcare Ltd,bottle of 60 ml Syrup,75.0,true
Amrox-LS Oral Drops,Ambroxol + Levosalbutamol,7.5mg/ml + 0.25mg/ml,Drops,Leeford Healthcare Ltd,bottle of 15 ml Oral Drops,70.0,true
Amrox-LS Syrup,Ambroxol + Levosalbutamol,30mg + 1mg,Syrup,Leeford Healthcare Ltd,bottle of 100 ml Expectorant,110.0,true
Amrox-LS Syrup,Ambroxol + Levosalbutamol,30mg + 1mg,Syrup,Leeford Healthcare Ltd,bottle of 60 ml Expectorant,75.0,true
Amtas 10 Tablet,Amlodipine,10mg,Tablet,Intas Pharmaceuticals Ltd,strip of 15 tablets,94.58,true
Amtas 2.5 Tablet,Amlodipine,2.5mg,Tablet,Intas Pharmaceuticals Ltd,strip of 30 tablets,61.82,true
Amtas 5 Tablet,Amlodipine,5mg,Tablet,Intas Pharmaceuticals Ltd,strip of 30 tablets,97.1,true
Amtas AT F 5 mg/50 mg Tablet,Amlodipine + Atenolol,5mg + 50mg,Tablet,Intas Pharmaceuticals Ltd,strip of 14 tablets,83.5,true
Amtas HT Tablet,Amlodipine + Hydrochlorothiazide,5mg + 12.5mg,Tablet,Intas Pharmaceuticals Ltd,strip of 10 tablets,58.5,true
Amtas LP Tablet,Amlodipine + Lisinopril,5mg + 5mg,Tablet,Intas Pharmaceuticals Ltd,strip of 10 tablets,99.0,true
Amtas Prp Tablet,Amlodipine + Perindopril erbumine,5mg + 4mg,Tablet,Intas Pharmaceuticals Ltd,strip of 10 tablets,171.5,true
Amtas-AT 25 Tablet,Amlodipine + Atenolol,5mg + 25mg,Tablet,Intas Pharmaceuticals Ltd,strip of 15 tablets,86.0,true
Amtas-AT Tablet,Amlodipine + Atenolol,5mg + 25mg,Tablet,Intas Pharmaceuticals Ltd,strip of 10 tablets,23.0,true
Amtas-AT Tablet,Amlodipine + Atenolol,5mg + 50mg,Tablet,Intas Pharmaceuticals Ltd,strip of 15 tablets,141.0,true
Amtas-E Tablet,Amlodipine + Enalapril,5mg + 5mg,Tablet,Intas Pharmaceuticals Ltd,strip of 15 tablets,155.0,true
Amtas-M 25 Tablet PR,Amlodipine + Metoprolol Succinate,5mg + 25mg,Tablet,Intas Pharmaceuticals Ltd,strip of 15 Tablet pr,172.5,true
Amtas-M 50 Tablet PR,Amlodipine + Metoprolol Succinate,5mg + 50mg,Tablet,Intas Pharmaceuticals Ltd,strip of 15 Tablet pr,204.0,true
Amthro 500mg Injection,Azithromycin,500mg,Injection,Ridhima Biocare,vial of 1 Injection,191.0,true
Anace-SP Tablet,Aceclofenac + Paracetamol,,Tablet,Acekinetics Healthcare Pvt Ltd,strip of 10 tablets,95.0,false
Angibloc 12.5mg Tablet ER,Metoprolol Succinate,12.5mg,Tablet,Alkem Laboratories Ltd,strip of 10 tablet er,37.5,true
Angibloc 25mg Tablet ER,Metoprolol Succinate,25mg,Tablet,Alkem Laboratories Ltd,strip of 10 tablet er,34.63,true
Angizem 30 Tablet MR,Diltiazem,30mg,Tablet,Sun Pharmaceutical Industries Ltd,strip of 10 tablet mr,29.75,true
Angizem 60 Tablet MR,Diltiazem,60mg,Tablet,Sun Pharmaceutical Industries Ltd,strip of 10 tablet mr,53.49,true
Angizem CD 120 Capsule ER,Diltiazem,120mg,Capsule,Sun Pharmaceutical Industries Ltd,strip of 10 capsule er,206.0,true
Angizem CD 180 Capsule ER,Diltiazem,180mg,Capsule,Sun Pharmaceutical Industries Ltd,strip of 10 capsule er,280.0,true
Angizem CD 90 Capsule ER,Diltiazem,90mg,Capsule,Sun Pharmaceutical Industries Ltd,strip of 10 capsule er,119.4,true
Angizem DP 120 Capsule MR,Diltiazem,120mg,Capsule,Sun Pharmaceutical Industries Ltd,strip of 10 capsule mr,178.0,true
Angizem DP 60mg Capsule,Diltiazem,60mg,Capsule,Sun Pharmaceutical Industries Ltd,strip of 10 capsules,63.9,true
Angizem DP 90 Capsule MR,Diltiazem,90mg,Capsule,Sun Pharmaceutical Industries Ltd,strip of 10 capsule mr,136.85,true
Anti-Thyrox 10 Tablet,Carbimazole,10mg,Tablet,Macleods Pharmaceuticals Pvt Ltd,bottle of 100 tablets,460.0,true
Anti-Thyrox 20 Tablet,Carbimazole,20mg,Tablet,Macleods Pharmaceuticals Pvt Ltd,bottle of 100 tablets,1163.0,true
Anti-Thyrox 5 Tablet,Carbimazole,5mg,Tablet,Macleods Pharmaceuticals Pvt Ltd,bottle of 100 tablets,236.34,true
Anticox II 450 mg/300 mg Capsule,Rifampicin + Isoniazid,450mg + 300mg,Capsule,Torrent Pharmaceuticals Ltd,strip of 10 capsules,43.0,true
Anticox II 450 mg/300 mg Tablet,Rifampicin + Isoniazid,450mg + 300mg,Tablet,Torrent Pharmaceuticals Ltd,strip of 4 tablets,18.84,true
Anticox II Kid 100 mg/100 mg Tablet,Rifampicin + Isoniazid,100mg + 100mg,Tablet,Torrent Pharmaceuticals Ltd,strip of 10 tablets,14.87,true
Anticox Z 450 mg/300 mg/750 mg Tablet,Isoniazid + Pyrazinamide,450mg + 300mg,Tablet,Torrent Pharmaceuticals Ltd,strip of 3 tablets,12.96,true
Anxit Fort 0.5 mg/25 mg Tablet,Alprazolam + Sertraline,0.5mg + 25mg,Tablet,Micro Labs Ltd,strip of 10 tablets,107.0,true
Anxorax 10mg Tablet,Hydroxyzine,10mg,Tablet,Intas Pharmaceuticals Ltd,strip of 10 tablets,10.0,true
Anxorax 25mg Tablet,Hydroxyzine,25mg,Tablet,Intas Pharmaceuticals Ltd,strip of 10 tablets,19.5,true
AP-KIND 100mg/350mg Tablet,Aceclofenac + Paracetamol,100mg + 350mg,Tablet,ABN Drugs,strip of 10 tablets,31.5,false
AP-KIND PLUS 100mg/350mg/15mg Tablet,Aceclofenac + Paracetamol,100mg + 350mg,Tablet,ABN Drugs,strip of 10 tablets,69.3,false
Apdrops Eye Ointment,Moxifloxacin,0.5% w/w,Ointment,Ajanta Pharma Ltd,tube of 5 gm Eye Ointment,83.0,true
Aplev M Oral Suspension,Levocetirizine + Montelukast,2.5mg + 4mg,Suspension,Ajanta Pharma Ltd,bottle of 30 ml Oral Suspension,54.0,true
App.UP Plus Syrup,Cyproheptadine + Tricholine Citrate,2mg/5ml + 275mg/5ml,Syrup,Intas Pharmaceuticals Ltd,bottle of 200 ml Syrup,137.0,false
Aptimust Oral Drops,Cyproheptadine + Tricholine Citrate,1.5mg + 55mg,Drops,Mankind Pharma Ltd,bottle of 15 ml Oral Drops,27.5,false
Aptimust Syrup,Cyproheptadine + Tricholine Citrate,2mg/5ml + 275mg/5ml,Syrup,Mankind Pharma Ltd,bottle of 200 ml Syrup,129.9,false
Aqua Ear Drop,Lidocaine + Beclometasone,2% w/v + 0.025% w/v,Drops,Leeford Healthcare Ltd,bottle of 5 ml Ear Drop,35.0,false
Arbitel R 40 mg/2.5 mg Tablet,Telmisartan + Ramipril,40mg + 2.5mg,Tablet,Micro Labs Ltd,strip of 10 tablets,76.0,true
Arbitel R 40 mg/5 mg Tablet,Telmisartan + Ramipril,40mg + 5mg,Tablet,Micro Labs Ltd,strip of 10 tablets,81.5,true
Arbitel-AV Tablet,Telmisartan + Atorvastatin,40mg + 10mg,Tablet,Micro Labs Ltd,strip of 10 tablets,196.0,true
Arbitel-Trio 25 Tablet ER,Cilnidipine + Metoprolol Succinate,10mg + 25mg,Tablet,Micro Labs Ltd,strip of 10 tablet er,118.0,true
Arbitel-Trio 50 Tablet ER,Cilnidipine + Metoprolol Succinate,10mg + 50mg,Tablet,Micro Labs Ltd,strip of 10 tablet er,146.0,true
Arflur 50mg Tablet,Aceclofenac,50mg,Tablet,FDC Ltd,strip of 10 tablets,14.33,false
Arflur Lbp 200 mg/8 mg Capsule,Aceclofenac + Thiocolchicoside,200mg + 8mg,Capsule,FDC Ltd,strip of 5 capsules,144.0,true
Arip 5mg Tablet,Aripiprazole,5mg,Tablet,Torrent Pharmaceuticals Ltd,strip of 10 tablets,51.6,true
Arip MT 10 Tablet,Aripiprazole,10mg,Tablet,Torrent Pharmaceuticals Ltd,strip of 15 tablets,230.7,true
Arip MT 15 Tablet,Aripiprazole,15mg,Tablet,Torrent Pharmaceuticals Ltd,strip of 10 tablets,137.0,true
Arip MT 15 Tablet,Aripiprazole,15mg,Tablet,Torrent Pharmaceuticals Ltd,strip of 15 tablets,299.5,true
Arip MT 2 Tablet,Aripiprazole,2mg,Tablet,Torrent Pharmaceuticals Ltd,strip of 15 tablets,90.6,true
Arip MT 20 Tablet,Aripiprazole,20mg,Tablet,Torrent Pharmaceuticals Ltd,strip of 15 tablets,370.0,true
Arip MT 20 Tablet,Aripiprazole,20mg,Tablet,Torrent Pharmaceuticals Ltd,strip of 10 tablets,169.2,true
Arip MT 30 Tablet,Aripiprazole,30mg,Tablet,Torrent Pharmaceuticals Ltd,strip of 15 tablets,526.15,true
Arip MT 5 Tablet,Aripiprazole,5mg,Tablet,Torrent Pharmaceuticals Ltd,strip of 15 tablets,133.0,true
Ariphrenz 5mg Tablet,Aripiprazole,5mg,Tablet,Alkem Laboratories Ltd,strip of 10 tablets,81.5,true
Aripra 10mg Tablet,Aripiprazole,10mg,Tablet,Sun Pharmaceutical Industries Ltd,strip of 10 tablets,57.45,true
Aripra 15mg Tablet,Aripiprazole,15mg,Tablet,Sun Pharmaceutical Industries Ltd,strip of 10 tablets,81.0,true
Aripra 30mg Tablet,Aripiprazole,30mg,Tablet,Sun Pharmaceutical Industries Ltd,strip of 10 tablets,149.0,true
Aripra MT 10mg Tablet,Aripiprazole,10mg,Tablet,Sun Pharmaceutical Industries Ltd,strip of 10 tablets,60.0,true
Aripra MT 20mg Tablet,Aripiprazole,20mg,Tablet,Sun Pharmaceutical Industries Ltd,strip of 10 tablets,100.0,true
Aristocillin 100mg Drop,Ampicillin,100mg,Drops,Aristo Pharmaceuticals Pvt Ltd,packet of 10 ml Drop,16.5,true
Aristocillin 125mg Dry Syrup,Ampicillin,125mg,Syrup,Aristo Pharmaceuticals Pvt Ltd,bottle of 30 ml Dry Syrup,19.53,true
Aristocillin 250mg Syrup,Ampicillin,250mg,Syrup,Aristo Pharmaceuticals Pvt Ltd,bottle of 30 ml Syrup,19.53,true
Aristocillin Kid 125mg Tablet DT,Ampicillin,125mg,Tablet,Aristo Pharmaceuticals Pvt Ltd,strip of 10 tablet dt,18.9,true
Arowin-CV Tablet,Amoxycillin + Clavulanic Acid,200mg + 125mg,Tablet,Mandevis Pharma,strip of 10 tablets,102.4,true
Arpizol 20 Tablet,Aripiprazole,20mg,Tablet,Sun Pharmaceutical Industries Ltd,strip of 10 tablets,215.0,true
Arpizol 2mg Tablet,Aripiprazole,2mg,Tablet,Sun Pharmaceutical Industries Ltd,strip of 10 tablets,64.0,true
Arpizol 30 Tablet,Aripiprazole,30mg,Tablet,Sun Pharmaceutical Industries Ltd,strip of 10 tablets,316.0,true
Artigesic Plus Oral Suspension Pineapple,Aceclofenac + Paracetamol,50mg/5ml + 125mg/5ml,Suspension,Glenmark Pharmaceuticals Ltd,bottle of 60 oral suspensions,54.0,false
Artisafe L 20 mg/120 mg Tablet DT,Artemether + Lumefantrine,20mg + 120mg,Tablet,Alkem Laboratories Ltd,strip of 8 tablet dt,62.86,true
Artisafe L 40 mg/240 mg Tablet DT,Artemether + Lumefantrine,40mg + 240mg,Tablet,Alkem Laboratories Ltd,strip of 6 tablet dt,85.71,true
Artisafe L 80 mg/480 mg Tablet DT,Artemether + Lumefantrine,80mg + 480mg,Tablet,Alkem Laboratories Ltd,strip of 6 tablet dt,165.0,true
Arvast 10 Tablet,Rosuvastatin,10mg,Tablet,Intas Pharmaceuticals Ltd,strip of 15 tablets,243.0,true
Arvast 10 Tablet,Rosuvastatin,10mg,Tablet,Intas Pharmaceuticals Ltd,strip of 10 tablets,204.0,true
Arvast 15 Tablet,Rosuvastatin,15mg,Tablet,Intas Pharmaceuticals Ltd,strip of 10 tablets,256.0,true
Arvast 20 Tablet,Rosuvastatin,20mg,Tablet,Intas Pharmaceuticals Ltd,strip of 10 tablets,329.0,true
Arvast 30 Tablet,Rosuvastatin,30mg,Tablet,Intas Pharmaceuticals Ltd,strip of 10 tablets,390.0,true
Arvast 40 Tablet,Rosuvastatin,40mg,Tablet,Intas Pharmaceuticals Ltd,strip of 10 tablets,588.0,true
Arvast 5 Tablet,Rosuvastatin,5mg,Tablet,Intas Pharmaceuticals Ltd,strip of 10 tablets,103.0,true
Arvast CV 10 Capsule,Rosuvastatin + Clopidogrel,10mg + 75mg,Capsule,Intas Pharmaceuticals Ltd,strip of 10 capsules,186.0,true
Arvast CV 20mg/75mg Capsule,Rosuvastatin + Clopidogrel,20mg + 75mg,Capsule,Intas Pharmaceuticals Ltd,strip of 10 capsules,217.0,true
Arvast F 10 Tablet,Fenofibrate + Rosuvastatin,67mg + 10mg,Tablet,Intas Pharmaceuticals Ltd,strip of 10 tablets,262.0,true
Arvast F 5 Tablet,Fenofibrate + Rosuvastatin,67mg + 5mg,Tablet,Intas Pharmaceuticals Ltd,strip of 10 tablets,188.0,true
Arvast Gold 10 Capsule,Aspirin + Rosuvastatin,75mg + 10mg,Capsule,Intas Pharmaceuticals Ltd,strip of 10 capsules,149.0,true
Arvast Gold 75mg/20mg/75mg Capsule,Aspirin + Rosuvastatin,75mg + 20mg,Capsule,Intas Pharmaceuticals Ltd,strip of 10 capsules,225.0,true
Arvast-A 150 Capsule,Rosuvastatin + Aspirin,10mg + 150mg,Capsule,Intas Pharmaceuticals Ltd,strip of 10 capsules,70.5,true
Arvast-A 75 Capsule,Rosuvastatin + Aspirin,10mg + 75mg,Capsule,Intas Pharmaceuticals Ltd,strip of 10 capsules,65.5,true
Arvast-CF 10 Capsule DR,Fenofibrate + Rosuvastatin,135mg + 10mg,Capsule,Intas Pharmaceuticals Ltd,strip of 10 Capsule DR,273.0,true
Arvast-CF Capsule DR,Fenofibrate + Rosuvastatin,135mg + 5mg,Capsule,Intas Pharmaceuticals Ltd,strip of 10 Capsule DR,177.0,true
Arzu 30 Tablet,Aripiprazole,30mg,Tablet,Lupin Ltd,strip of 10 tablets,321.32,true
Arzu 5mg Tablet,Aripiprazole,5mg,Tablet,Lupin Ltd,strip of 10 tablets,80.2,true
Ascapil 12A Tablet DT,Ivermectin + Albendazole,12mg + 400mg,Tablet,Abbott,strip of 1 Tablet DT,44.17,true
Ascapil Mono 6mg Tablet DT,Ivermectin,6mg,Tablet,Abbott,strip of 2 tablet dt,40.0,true
Ascodex BR Syrup,Guaifenesin + Terbutaline,50mg/5ml + 1.25mg/5ml,Syrup,Glenmark Pharmaceuticals Ltd,bottle of 100 ml Syrup,78.5,false
Ascodex BR Syrup,Guaifenesin + Terbutaline,50mg/5ml + 1.25mg/5ml,Syrup,Glenmark Pharmaceuticals Ltd,bottle of 60 ml Syrup,52.5,false
ASCODEX C 4MG/10MG SYRUP,Chlorpheniramine Maleate + Codeine,4mg + 10mg,Syrup,Glenmark Pharmaceuticals Ltd,bottle of 100 ml Syrup,28.57,true
Ascodex Cough Tablet,Bromhexine + Chlorpheniramine Maleate,8mg + 2mg,Tablet,Glenmark Pharmaceuticals Ltd,strip of 10 tablets,45.0,false
Ascodex Junior LS Oral Drops,Levosalbutamol + Ambroxol,0.25mg/ml + 7.5mg/ml,Drops,Glenmark Pharmaceuticals Ltd,bottle of 15 ml Oral Drops,65.5,true
Ascodex LS Expectorant,Levosalbutamol + Ambroxol,1mg/5ml + 30mg/5ml,Syrup,Glenmark Pharmaceuticals Ltd,bottle of 100 ml Expectorant,108.0,true
Ascodex SF Syrup Sugar Free,Guaifenesin + Terbutaline,50mg/5ml + 1.25mg/5ml,Syrup,Glenmark Pharmaceuticals Ltd,bottle of 100 ml Syrup,99.0,false
Ascoril D Plus Syrup Sugar Free,Phenylephrine + Chlorpheniramine Maleate,5mg + 2mg,Syrup,Glenmark Pharmaceuticals Ltd,bottle of 100 ml Syrup,129.0,false
Ascoril Flu Drops,Chlorpheniramine Maleate + Phenylephrine,1mg/ml + 2.5mg/ml,Drops,Glenmark Pharmaceuticals Ltd,bottle of 15 ml Oral Drops,67.0,false
Ascoril LS Drops,Ambroxol + Levosalbutamol,7.5mg/ml + 0.25mg/ml,Drops,Glenmark Pharmaceuticals Ltd,bottle of 15 ml Oral Drops,72.0,true
Ascoril LS Junior Syrup,Ambroxol + Levosalbutamol,15mg/5ml + 0.5mg/5ml,Syrup,Glenmark Pharmaceuticals Ltd,bottle of 60 ml Syrup,96.0,true
Ascoril LS Syrup,Ambroxol + Levosalbutamol,30mg/5ml + 1mg/5ml,Syrup,Glenmark Pharmaceuticals Ltd,bottle of 100 ml Syrup,118.0,true
Ascoril Plus Expectorant,Bromhexine + Guaifenesin,2mg/5ml + 50mg/5ml,Syrup,Glenmark Pharmaceuticals Ltd,bottle of 120 ml Expectorant,129.0,false
Ascoril Plus Expectorant Ginger Lemon,Bromhexine + Guaifenesin,2mg/5ml + 50mg/5ml,Syrup,Glenmark Pharmaceuticals Ltd,bottle of 120 ml Expectorant,129.0,false
Ascoril Plus Expectorant Honey Rose,Bromhexine + Guaifenesin,2mg/5ml + 50mg/5ml,Syrup,Glenmark Pharmaceuticals Ltd,bottle of 120 ml Expectorant,124.0,false
Ascoril Plus Tablet,Guaifenesin + Terbutaline,100mg + 2.5mg,Tablet,Glenmark Pharmaceuticals Ltd,strip of 15 tablets,48.75,false
Asomex 1.25mg Tablet,Amlodipine,1.25mg,Tablet,Emcure Pharmaceuticals Ltd,strip of 15 tablets,57.2,true
Asomex 2.5 Tablet,S-Amlodipine,2.5mg,Tablet,Emcure Pharmaceuticals Ltd,strip of 15 tablets,100.2,true
Asomex 5 Tablet,S-Amlodipine,5mg,Tablet,Emcure Pharmaceuticals Ltd,strip of 15 tablets,156.2,true
Asomex CV 2.5 mg/10 mg Tablet,Amlodipine + Atorvastatin,2.5mg + 10mg,Tablet,Emcure Pharmaceuticals Ltd,strip of 10 tablets,58.41,true
Asomex CV 5 mg/10 mg Tablet,Amlodipine + Atorvastatin,5mg + 10mg,Tablet,Emcure Pharmaceuticals Ltd,strip of 10 tablets,80.56,true
Asomex-AT Tablet,Amlodipine + Atenolol,2.5mg + 50mg,Tablet,Emcure Pharmaceuticals Ltd,strip of 15 tablets,191.65,true
Asomex-D Tablet,Amlodipine + Hydrochlorothiazide,2.5mg + 12.5mg,Tablet,Emcure Pharmaceuticals Ltd,strip of 15 tablets,126.15,true
Asomex-LT Tablet,Losartan + Amlodipine,50mg + 2.5mg,Tablet,Emcure Pharmaceuticals Ltd,strip of 15 tablets,326.25,true
Asomex-OH Tablet,Olmesartan Medoxomil + Amlodipine,20mg + 2.5mg,Tablet,Emcure Pharmaceuticals Ltd,strip of 10 tablets,172.05,true
Asprito 10 Tablet,Aripiprazole,10mg,Tablet,Intas Pharmaceuticals Ltd,strip of 15 tablets,234.0,true
Asprito 15 Tablet,Aripiprazole,15mg,Tablet,Intas Pharmaceuticals Ltd,strip of 10 tablets,218.0,true
Asprito 2 Tablet,Aripiprazole,2mg,Tablet,Intas Pharmaceuticals Ltd,strip of 10 tablets,45.5,true
Asprito 20 Tablet,Aripiprazole,20mg,Tablet,Intas Pharmaceuticals Ltd,strip of 10 tablets,259.0,true
Asprito 30 Tablet,Aripiprazole,30mg,Tablet,Intas Pharmaceuticals Ltd,strip of 10 tablets,347.0,true
Asprito 5 Tablet,Aripiprazole,5mg,Tablet,Intas Pharmaceuticals Ltd,strip of 15 tablets,123.75,true
Asprito MT 10mg Tablet,Aripiprazole,10mg,Tablet,Intas Pharmaceuticals Ltd,strip of 10 tablets,65.0,true
Asprito MT 15mg Tablet,Aripiprazole,15mg,Tablet,Intas Pharmaceuticals Ltd,strip of 10 tablets,87.5,true
Assault 200 mg/500 mg Suspension,Ofloxacin + Ornidazole,200mg + 500mg,Suspension,Alkem Laboratories Ltd,bottle of 30 ml Suspension,31.0,true
Assurans Tablet,Sildenafil,20mg,Tablet,Cipla Ltd,strip of 15 tablets,350.09,true
Asthakind Tablet,Guaifenesin + Terbutaline,100mg + 2.5mg,Tablet,Mankind Pharma Ltd,strip of 10 tablets,35.04,false
Asthakind-DX Junior Syrup Cherry,Phenylephrine + Chlorpheniramine Maleate,2.5mg/5ml + 1mg/5ml,Syrup,Mankind Pharma Ltd,bottle of 60 ml Syrup,60.5,false
Asthakind-LS Drop,Ambroxol + Levosalbutamol,,Drops,Mankind Pharma Ltd,bottle of 15 ml Oral Drops,60.0,true
Asthakind-P Drops,Ambroxol + Guaifenesin,7.5mg + 12.5mg,Drops,Mankind Pharma Ltd,packet of 15 ml Oral Drops,62.0,false
Asthalin 100mcg Inhaler,Salbutamol,100mcg,Inhaler,Cipla Ltd,packet of 200 MDI Inhaler,157.85,true
Asthalin 2 Tablet,Salbutamol,2mg,Tablet,Cipla Ltd,strip of 30 tablets,6.04,true
Asthalin 2 Tablet,Salbutamol,2mg,Tablet,Cipla Ltd,strip of 45 tablets,9.06,true
Asthalin 4 Tablet,Salbutamol,4mg,Tablet,Cipla Ltd,strip of 30 tablets,9.06,true
Asthalin AX JR Expectorant,Ambroxol + Levosalbutamol,15mg + 0.5mg,Syrup,Cipla Ltd,bottle of 100 ml Expectorant,78.65,true
Asthalin AX Syrup,Ambroxol + Levosalbutamol,30mg/5ml + 1mg/5ml,Syrup,Cipla Ltd,bottle of 100 ml Syrup,104.67,true
Asthalin DX Syrup,Phenylephrine + Chlorpheniramine Maleate,5mg + 2mg,Syrup,Cipla Ltd,bottle of 100 ml Syrup,87.84,false
Asthalin Plus Expectorant,Ambroxol + Levosalbutamol,15mg/5ml + 0.5mg/5ml,Syrup,Cipla Ltd,bottle of 100 ml Syrup,95.16,true
Asthalin Respirator Solution,Salbutamol,5mg,Solution,Cipla Ltd,bottle of 15 ml Solution for inhalation,13.1,true
Asthalin Respules,Salbutamol,2.5mg,Solution,Cipla Ltd,packet of 2.5 ml Respules,7.07,true
Asthalin Rotacaps,Salbutamol,200mcg,Capsule,Cipla Ltd,bottle of 60 capsules,52.31,true
Asthalin Syrup,Salbutamol,2mg/5ml,Syrup,Cipla Ltd,bottle of 100 ml Syrup,19.04,true
Astin D 10 Tablet,Atorvastatin + Vitamin D3,10mg + 1000IU,Tablet,Micro Labs Ltd,strip of 10 tablets,118.0,true
Astin EZ Tablet,Atorvastatin + Ezetimibe,,Tablet,Micro Labs Ltd,strip of 10 tablets,88.46,true
Atarax 10mg Tablet,Hydroxyzine,10mg,Tablet,Dr Reddy's Laboratories Ltd,strip of 15 tablets,47.91,true
Atarax 25mg Tablet,Hydroxyzine,25mg,Tablet,Dr Reddy's Laboratories Ltd,strip of 15 tablets,85.5,true
Atarax Drops,Hydroxyzine,6mg,Syrup,Dr Reddy's Laboratories Ltd,bottle of 15 ml Syrup,69.75,true
Atazis 10mg Tablet,Hydroxyzine,10mg,Tablet,Leeford Healthcare Ltd,strip of 10 tablets,19.0,true
Atazis 6mg/ml Oral Drops,Hydroxyzine,6mg/ml,Drops,Leeford Healthcare Ltd,bottle of 15 ml Oral Drops,48.0,true
Atazis Syrup,Hydroxyzine,10mg,Syrup,Leeford Healthcare Ltd,bottle of 100 ml Syrup,80.0,true
Atecard 100mg Tablet,Atenolol,100mg,Tablet,Alembic Pharmaceuticals Ltd,strip of 14 tablets,49.68,true
Atecard 25 Tablet,Atenolol,25mg,Tablet,Alembic Pharmaceuticals Ltd,strip of 14 tablets,47.9,true
Atecard 50 Tablet,Atenolol,50mg,Tablet,Alembic Pharmaceuticals Ltd,strip of 14 tablets,31.04,true
Aten 100 Tablet,Atenolol,100mg,Tablet,Zydus Cadila,strip of 14 tablets,60.57,true
Aten 25 Tablet,Atenolol,25mg,Tablet,Zydus Cadila,strip of 14 tablets,27.9,true
Aten 50 Tablet,Atenolol,50mg,Tablet,Zydus Cadila,strip of 14 tablets,31.04,true
Aten-D Tablet,Atenolol + Indapamide,50mg + 2.5mg,Tablet,Zydus Cadila,strip of 10 tablets,108.6,true
Aten-H 12.5 Tablet,Atenolol + Hydrochlorothiazide,50mg + 12.5mg,Tablet,Zydus Cadila,strip of 10 tablets,97.22,true
Aten-H 25 Tablet,Atenolol + Hydrochlorothiazide,50mg + 25mg,Tablet,Zydus Cadila,strip of 10 tablets,102.2,true
Atorec Gold 75mg/10mg/75mg Tablet,Aspirin + Atorvastatin,75mg + 10mg,Tablet,Emcure Pharmaceuticals Ltd,strip of 10 tablets,46.75,true
Atorlip 10 Tablet,Atorvastatin,10mg,Tablet,Cipla Ltd,strip of 10 tablets,91.86,true
Atorlip 10 Tablet,Atorvastatin,10mg,Tablet,Cipla Ltd,strip of 15 tablets,102.31,true
Atorlip 5 Tablet,Atorvastatin,5mg,Tablet,Cipla Ltd,strip of 15 tablets,113.52,true
Atorlip 5 Tablet,Atorvastatin,5mg,Tablet,Cipla Ltd,strip of 10 tablets,68.8,true
Atorlip 80 Tablet,Atorvastatin,80mg,Tablet,Cipla Ltd,strip of 7 tablets,312.57,true
Atorlip 80 Tablet,Atorvastatin,80mg,Tablet,Cipla Ltd,strip of 10 tablets,284.16,true
Atorlip CV 20 Capsule,Atorvastatin + Clopidogrel,20mg + 75mg,Capsule,Cipla Ltd,strip of 10 capsules,206.1,true
Atorlip CV Capsule,Atorvastatin + Clopidogrel,10mg + 75mg,Capsule,Cipla Ltd,strip of 10 capsules,185.19,true
Atorlip EZ 10mg/10mg Tablet,Atorvastatin + Ezetimibe,10mg + 10mg,Tablet,Cipla Ltd,strip of 10 tablets,113.4,true
Atorlip Gold 10 Capsule,Aspirin + Atorvastatin,75mg + 10mg,Capsule,Cipla Ltd,strip of 10 capsules,46.81,true
Atorlip Gold 20 Capsule,Aspirin + Atorvastatin,75mg + 20mg,Capsule,Cipla Ltd,strip of 10 capsules,71.41,true
Atorlip-ASP 20 Capsule,Atorvastatin + Aspirin,20mg + 75mg,Capsule,Cipla Ltd,strip of 10 capsules,40.24,true
Atorlip-F Tablet,Atorvastatin + Fenofibrate,10mg + 145mg,Tablet,Cipla Ltd,strip of 15 tablets,366.75,true
Atorva 20 Tablet,Atorvastatin,20mg,Tablet,Zydus Cadila,strip of 15 tablets,247.78,true
Atorva 40 Tablet,Atorvastatin,40mg,Tablet,Zydus Cadila,strip of 10 tablets,239.89,true
Atorva Asp 150 Capsule,Atorvastatin + Aspirin,10mg + 150mg,Capsule,Zydus Cadila,strip of 10 capsules,45.35,true
Atorva Asp 75 Capsule,Atorvastatin + Aspirin,10mg + 75mg,Capsule,Zydus Cadila,strip of 10 capsules,44.35,true
Atorva E 40 Tablet,Atorvastatin + Ezetimibe,40mg + 10mg,Tablet,Zydus Cadila,strip of 10 tablets,339.5,true
Atorva Gold 10 Capsule,Aspirin + Atorvastatin,75mg + 10mg,Capsule,Zydus Cadila,strip of 15 capsules,86.25,true
Atorva Gold 20 Capsule,Aspirin + Atorvastatin,75mg + 20mg,Capsule,Zydus Cadila,strip of 15 capsules,116.6,true
Attentrol 10mg Capsule,Atomoxetine,10mg,Capsule,Sun Pharmaceutical Industries Ltd,strip of 10 capsules,97.0,false
Attentrol 15mg Tablet,Atomoxetine,15mg,Tablet,Sun Pharmaceutical Industries Ltd,strip of 10 tablets,129.0,false
Attentrol 18 Capsule,Atomoxetine,18mg,Capsule,Sun Pharmaceutical Industries Ltd,strip of 10 capsules,163.0,false
Attentrol 25mg Capsule,Atomoxetine,25mg,Capsule,Sun Pharmaceutical Industries Ltd,strip of 10 capsules,220.0,false
Attentrol 40mg Capsule,Atomoxetine,40mg,Capsule,Sun Pharmaceutical Industries Ltd,strip of 10 capsules,55.72,false
Auditone 2mg Oral Drops,Ondansetron,2mg,Drops,Ridhima Biocare,bottle of 30 ml Oral Drops,32.0,true
Augmentin 625 Duo Tablet,Amoxycillin + Clavulanic Acid,500mg + 125mg,Tablet,Glaxo SmithKline Pharmaceuticals Ltd,strip of 10 tablets,223.42,true
Augmentin ES Oral Suspension,Amoxycillin + Clavulanic Acid,600mg/5ml + 42.9mg/5ml,Suspension,Glaxo SmithKline Pharmaceuticals Ltd,bottle of 50 ml Oral Suspension,203.28,true
Augpen LB 1200mg Tablet,Amoxycillin + Clavulanic Acid,1000mg + 200mg,Tablet,Zuventus Healthcare Ltd,strip of 10 tablets,488.1,true
Avace P Oral Suspension,Aceclofenac + Paracetamol,100mg + 250mg,Suspension,Adenscot Healthcare,bottle of 60 ml Oral Suspension,65.0,false
Avas 10 D Tablet,Atorvastatin + Vitamin D3,10mg + 1000IU,Tablet,Micro Labs Ltd,strip of 10 tablets,118.0,true
Avas 20 D Tablet,Atorvastatin + Vitamin D3,20mg + 1000IU,Tablet,Micro Labs Ltd,strip of 10 tablets,221.0,true
Avas AM 5mg/10mg Tablet,Amlodipine + Atorvastatin,5mg + 10mg,Tablet,Micro Labs Ltd,strip of 10 tablets,68.0,true
Avas CV 10 Capsule,Atorvastatin + Clopidogrel,10mg + 75mg,Capsule,Micro Labs Ltd,strip of 10 capsules,111.0,true
Avas CV 20 Capsule,Atorvastatin + Clopidogrel,20mg + 75mg,Capsule,Micro Labs Ltd,strip of 10 capsules,148.0,true
Avas Plus 10mg/375mg Tablet,Atorvastatin + Vitamin B3(Nicotinic Acid),10mg + 375mg,Tablet,Micro Labs Ltd,strip of 10 tablets,85.0,true
Avessa 6 mcg/250 mcg Capsule,Formoterol + Fluticasone Propionate,6mcg + 250mcg,Capsule,Sun Pharmaceutical Industries Ltd,packet of 30 capsules,395.0,true
Avessa 6mcg/100mcg Capsule,Formoterol + Fluticasone Propionate,6mcg + 100mcg,Capsule,Sun Pharmaceutical Industries Ltd,strip of 30 capsules,139.0,true
Avil 25 Tablet,Pheniramine,25mg,Tablet,Sanofi India Ltd,strip of 15 tablets,10.96,false
Axcef 125mg Syrup,Cefuroxime,125mg/5ml,Syrup,Oyster Labs Ltd,bottle of 30 ml Syrup,108.0,true
Axcef O Dry Syrup,Ofloxacin + Ornidazole,50mg + 50mg,Syrup,Axter Pharmaceuticals Pvt Ltd,bottle of 30 ml Dry Syrup,76.0,true
Axcer 60mg Tablet,Ticagrelor,60mg,Tablet,Sun Pharmaceutical Industries Ltd,strip of 14 tablets,392.0,true
Axcer 90mg Tablet,Ticagrelor,90mg,Tablet,Sun Pharmaceutical Industries Ltd,bottle of 180 tablets,3600.0,true
Axcer 90mg Tablet,Ticagrelor,90mg,Tablet,Sun Pharmaceutical Industries Ltd,strip of 14 tablets,420.0,true
Axepta 18mg Tablet,Atomoxetine,18mg,Tablet,Intas Pharmaceuticals Ltd,strip of 10 tablets,178.0,false
Axepta 25mg Tablet,Atomoxetine,25mg,Tablet,Intas Pharmaceuticals Ltd,strip of 10 tablets,246.0,false
Axepta 40mg Tablet,Atomoxetine,40mg,Tablet,Intas Pharmaceuticals Ltd,strip of 10 tablets,312.0,false
Axepta 60mg Tablet,Atomoxetine,60mg,Tablet,Intas Pharmaceuticals Ltd,strip of 10 tablets,419.0,false
Axime 200mg Capsule,Cefixime,200mg,Capsule,Assam Chemical & Pharmaceutical Pvt Ltd,strip of 10 capsules,150.0,true
AZ 1 250mg Capsule,Azithromycin,250mg,Capsule,Suvik Hitek Pvt Ltd,strip of 6 capsules,56.1,true
Azar 250mg Capsule,Azithromycin,250mg,Capsule,Concept Pharmaceuticals Ltd,strip of 10 capsules,72.05,true
Azax 200 Suspension,Azithromycin,200mg/5ml,Suspension,Sun Pharmaceutical Industries Ltd,bottle of 15 ml Oral Suspension,51.57,true
Azax 200mg Tablet,Azithromycin,200mg,Tablet,Sun Pharmaceutical Industries Ltd,strip of 5 tablets,49.82,true
Azax 250 Tablet,Azithromycin,250mg,Tablet,Sun Pharmaceutical Industries Ltd,strip of 6 tablets,71.02,true
Azax 500 Tablet,Azithromycin,500mg,Tablet,Sun Pharmaceutical Industries Ltd,strip of 3 tablets,79.3,true
Azax 500 Tablet,Azithromycin,500mg,Tablet,Sun Pharmaceutical Industries Ltd,strip of 5 tablets,119.38,true
Azax Kid Tablet,Azithromycin,,Tablet,Sun Pharmaceutical Industries Ltd,strip of 3 tablets,8.41,true
Azax Liquid,Azithromycin,100mg/5ml,Suspension,Sun Pharmaceutical Industries Ltd,bottle of 15 ml Oral Suspension,39.0,true
Azcin Gel,Azithromycin,2% w/w,Gel,West-Coast Pharmaceutical Works Ltd,tube of 15 gm Gel,50.17,true
Azee 1000 Tablet,Azithromycin,1000mg,Tablet,Cipla Ltd,strip of 1 Tablet,72.66,true
Azee 100mg Dry Syrup Peppermint,Azithromycin,100mg/5ml,Suspension,Cipla Ltd,bottle of 15 ml Suspension,45.88,true
Azee 100mg Liquid Peppermint & Orange,Azithromycin,100mg/5ml,Suspension,Cipla Ltd,bottle of 15 ml Oral Suspension,45.88,true
Azee 200 DT Tablet,Azithromycin,200mg,Tablet,Cipla Ltd,strip of 3 tablet dt,37.5,true
Azee 200mg Dry Syrup,Azithromycin,200mg/5ml,Suspension,Cipla Ltd,bottle of 15 ml Oral Suspension,52.31,true
Azee 200mg Liquid Peppermint & Orange,Azithromycin,200mg,Suspension,Cipla Ltd,bottle of 15 ml Oral Suspension,52.31,true
Azee 250 Tablet,Azithromycin,250mg,Tablet,Cipla Ltd,strip of 6 tablets,78.75,true
Azee 500 Tablet,Azithromycin,500mg,Tablet,Cipla Ltd,strip of 5 tablets,132.38,true
Azee 500 Tablet,Azithromycin,500mg,Tablet,Cipla Ltd,strip of 3 tablets,79.43,true
Azee AX 500mg/75mg Tablet,Azithromycin + Ambroxol,500mg + 75mg,Tablet,Cipla Ltd,strip of 3 tablets,121.25,true
Azee XL 100mg Dry Syrup Peppermint,Azithromycin,100mg/5ml,Syrup,Cipla Ltd,bottle of 30 ml Dry Syrup,84.17,true
Azee XL 200mg Dry Syrup Peppermint,Azithromycin,200mg/5ml,Syrup,Cipla Ltd,bottle of 30 ml Dry Syrup,114.55,true
Azemo 1% Eye Drop,Azithromycin,1% w/v,Drops,Sun Pharmaceutical Industries Ltd,packet of 3 ml Eye Drop,62.0,true
Azemo Tablet,Azithromycin,,Tablet,Sun Pharmaceutical Industries Ltd,strip of 10 tablets,58.46,true
Aziagio 1000mg Tablet,Azithromycin,1000mg,Tablet,AGIO Pharmaceuticals Ltd,strip of 10 tablets,310.0,true
Azicip 100mg Oral Suspension,Azithromycin,100mg,Suspension,Cipla Ltd,bottle of 15 ml Oral Suspension,41.71,true
Azicip 200mg Oral Suspension,Azithromycin,200mg,Suspension,Cipla Ltd,bottle of 15 ml Oral Suspension,47.23,true
Azicip 250mg Suspension,Azithromycin,250mg,Suspension,Cipla Ltd,bottle of 15 ml Suspension,32.0,true
Azidac 500mg Injection,Azithromycin,500mg,Injection,Ikon Remedies Pvt Ltd,vial of 1 Injection,189.47,true
Aziday Kid 200mg Tablet,Azithromycin,200mg,Tablet,Skymax Life Science Pvt Ltd,strip of 10 tablets,53.5,true
Azifast Gel,Azithromycin,2% w/w,Gel,Ipca Laboratories Ltd,tube of 20 gm Gel,105.15,true
Aziford Syrup,Azithromycin,,Syrup,Leeford Healthcare Ltd,bottle of 15 ml Syrup,50.0,true
Azikem 200mg Tablet,Azithromycin,200mg,Tablet,Synokem Pharmaceuticals Ltd,strip of 3 tablets,61.0,true
Azikem 200mg/5ml Suspension,Azithromycin,200mg/5ml,Suspension,Alkem Laboratories Ltd,bottle of 15 ml Suspension,51.7,true
Azilide -XL Redimed,Azithromycin,200mg/5ml,Solution,Micro Labs Ltd,bottle of 30 ml Oral Liquid,114.0,true
Azilide 100mg Tablet DT,Azithromycin,100mg,Tablet,Micro Labs Ltd,strip of 3 tablet dt,22.0,true
Azilide 100mg XL Redimix,Azithromycin,100mg,Solution,Micro Labs Ltd,bottle of 30 ml Oral Liquid,57.0,true
Azilide 200mg/5ml Dry Syrup,Azithromycin,200mg/5ml,Syrup,Micro Labs Ltd,bottle of 30 ml Dry Syrup,64.97,true
Azilup 100mg Oral Suspension,Azithromycin,100mg,Suspension,Lupin Ltd,bottle of 15 ml Oral Suspension,27.5,true
Azim Suspension,Azithromycin,40mg,Suspension,Hamax Pharmaceuticals,bottle of 15 ml Suspension,43.7,true
Azim Suspension,Azithromycin,20mg,Suspension,Hamax Pharmaceuticals,bottle of 15 ml Suspension,29.95,true
Azimax 100 Dry Syrup,Azithromycin,100mg/5ml,Syrup,Cipla Ltd,bottle of 15 ml Dry Syrup,41.71,true
Azimax 100mg Tablet DT,Azithromycin,100mg,Tablet,Cipla Ltd,strip of 3 tablet dt,22.99,true
Azimax 100mg Tablet DT,Azithromycin,100mg,Tablet,Cipla Ltd,strip of 10 tablet dt,59.4,true
Azimax 250 Tablet,Azithromycin,250mg,Tablet,Cipla Ltd,strip of 6 tablets,71.09,true
Azimax 500 Tablet,Azithromycin,500mg,Tablet,Cipla Ltd,strip of 5 tablets,119.5,true
Azimax 500mg Injection,Azithromycin,500mg,Injection,Cipla Ltd,vial of 10 ml Injection,185.74,true
Azimax XL 100mg/5ml Dry Syrup,Azithromycin,100mg/5ml,Syrup,Cipla Ltd,bottle of 30 ml Dry Syrup,69.57,true
Azimax XL 200mg/5ml Dry Syrup,Azithromycin,200mg/5ml,Syrup,Cipla Ltd,bottle of 30 ml Dry Syrup,103.44,true
Azimed 250mg Suspension,Azithromycin,250mg,Suspension,Zydus Cadila,bottle of 15 ml Suspension,39.0,true
Azin 10mg Tablet,Asenapine,10mg,Tablet,Intas Pharmaceuticals Ltd,strip of 10 tablets,85.0,false
Azin 5mg Tablet,Asenapine,5mg,Tablet,Intas Pharmaceuticals Ltd,strip of 10 tablets,55.0,false
Azinix Sdp 250mg Syrup,Azithromycin,250mg,Syrup,Khandelwal Laboratories Pvt Ltd,bottle of 30 ml Syrup,75.0,true
Azipril 100mg Syrup,Azithromycin,100mg,Syrup,Segos Biocare,bottle of 15 ml Syrup,35.0,true
Aziswift 100mg Syrup,Azithromycin,100mg,Syrup,Lupin Ltd,bottle of 15 ml Syrup,21.25,true
Azit 250mg Capsule,Azithromycin,250mg,Capsule,Exotic Laboratories Pvt Ltd,strip of 6 capsules,62.0,true
Azithral 100 Liquid,Azithromycin,20mg/ml,Suspension,Alembic Pharmaceuticals Ltd,bottle of 15 ml Oral Suspension,46.3,true
Azithral 200mg/5ml Stat Liquid,Azithromycin,200mg/5ml,Solution,Alembic Pharmaceuticals Ltd,bottle of 30 ml Liquid,125.0,true
Azithral 250mg DT Tablet,Azithromycin,250mg,Tablet,Alembic Pharmaceuticals Ltd,strip of 5 tablet dt,65.59,true
Azithral 500 Tablet,Azithromycin,500mg,Tablet,Alembic Pharmaceuticals Ltd,strip of 5 tablets,132.36,true
Azithral 500mg Injection,Azithromycin,500mg,Injection,Alembic Pharmaceuticals Ltd,vial of 5 ml Injection,214.65,true
Azithral Eye Drop,Azithromycin,1% w/v,Drops,Alembic Pharmaceuticals Ltd,packet of 3 ml Eye Drop,152.75,true
Azithral Eye Ointment,Azithromycin,1% w/w,Ointment,Alembic Pharmaceuticals Ltd,tube of 5 gm Eye Ointment,146.0,true
Azithral JR Oral Suspension,Azithromycin,40mg/ml,Suspension,Alembic Pharmaceuticals Ltd,bottle of 7.5 ml Oral Suspension,28.61,true
Azithral Junior 200mg/5ml Drop,Azithromycin,200mg/5ml,Drops,Alembic Pharmaceuticals Ltd,packet of 7.5 ml Drop,28.61,true
Azithral Stat 250mg Oral Suspension,Azithromycin,250mg,Suspension,Alembic Pharmaceuticals Ltd,bottle of 60 ml Oral Suspension,125.0,true
Azitom 100mg Oral Drops,Azithromycin,100mg,Drops,Care Formulation Labs Pvt Ltd,bottle of 15 ml Oral Drops,26.8,true
Aziway 250mg Suspension,Azithromycin,250mg,Suspension,RKG Pharma,bottle of 15 ml Suspension,40.0,true
Aziwok 100mg/5ml Dry Syrup,Azithromycin,100mg/5ml,Syrup,Dr Reddy's Laboratories Ltd,bottle of 1 ml Dry Syrup,26.93,true
Aziwok 500mg Injection,Azithromycin,500mg,Injection,Dr Reddy's Laboratories Ltd,vial of 10 ml Injection,96.65,true
Aziwok 600 Tablet,Azithromycin,600mg,Tablet,Dr Reddy's Laboratories Ltd,strip of 5 tablets,250.25,true
Aziwok Cef 200 mg/500 mg Tablet,Cefixime + Azithromycin,200mg + 500mg,Tablet,Dr Reddy's Laboratories Ltd,strip of 10 tablets,287.5,true
Azomycin 100mg Oral Suspension,Azithromycin,100mg,Suspension,Cipla Ltd,bottle of 15 ml Oral Suspension,41.71,true
Azomycin 200mg Oral Suspension,Azithromycin,200mg,Suspension,Cipla Ltd,bottle of 15 ml Oral Suspension,47.23,true
Azrolid 100 Oral Suspension,Azithromycin,100mg,Suspension,Leeford Healthcare Ltd,bottle of 15 ml Oral Suspension,28.0,true
Azrolid 200mg Syrup,Azithromycin,200mg,Syrup,Leeford Healthcare Ltd,bottle of 15 ml Syrup,103.8,true
Aztor 10 Tablet,Atorvastatin,10mg,Tablet,Sun Pharmaceutical Industries Ltd,strip of 15 tablets,102.25,true
Aztor 20 Tablet,Atorvastatin,20mg,Tablet,Sun Pharmaceutical Industries Ltd,strip of 15 tablets,247.75,true
Aztor 40 Tablet,Atorvastatin,40mg,Tablet,Sun Pharmaceutical Industries Ltd,strip of 15 tablets,359.8,true
Aztor 5 Tablet,Atorvastatin,5mg,Tablet,Sun Pharmaceutical Industries Ltd,strip of 15 tablets,105.0,true
Aztor 80 Tablet,Atorvastatin,80mg,Tablet,Sun Pharmaceutical Industries Ltd,strip of 15 tablets,699.0,true
Aztor Asp 150 Capsule,Atorvastatin + Aspirin,10mg + 150mg,Capsule,Sun Pharmaceutical Industries Ltd,strip of 10 capsules,26.98,true
Aztor Asp 75 Capsule,Atorvastatin + Aspirin,10mg + 75mg,Capsule,Sun Pharmaceutical Industries Ltd,strip of 10 capsules,38.5,true
Aztor EZ Tablet,Atorvastatin + Ezetimibe,10mg + 10mg,Tablet,Sun Pharmaceutical Industries Ltd,strip of 10 tablets,239.0,true
Aztric 40 Tablet,Azilsartan medoxomil,40mg,Tablet,Intas Pharmaceuticals Ltd,strip of 10 tablets,142.0,true
Aztric 80 Tablet,Azilsartan medoxomil,80mg,Tablet,Intas Pharmaceuticals Ltd,strip of 10 tablets,254.0,true
Aztric CT 12.5 Tablet,Azilsartan medoxomil + Chlorthalidone,40mg + 12.5mg,Tablet,Intas Pharmaceuticals Ltd,strip of 10 tablets,155.0,true
Aztric CT 25 Tablet,Azilsartan medoxomil + Chlorthalidone,40mg + 25mg,Tablet,Intas Pharmaceuticals Ltd,strip of 10 tablets,179.0,true
Aztric CT 6.25 Tablet,Azilsartan medoxomil + Chlorthalidone,40mg + 6.25mg,Tablet,Intas Pharmaceuticals Ltd,strip of 10 tablets,117.0,true
Aztric CT 80mg/12.5mg Tablet,Azilsartan medoxomil + Chlorthalidone,80mg + 12.5mg,Tablet,Intas Pharmaceuticals Ltd,strip of 10 tablets,199.0,true
Azulix 0.5 MF Tablet PR,Glimepiride + Metformin,0.5mg + 500mg,Tablet,Torrent Pharmaceuticals Ltd,strip of 10 Tablet pr,53.0,true
Azulix 1 Tablet,Glimepiride,1mg,Tablet,Torrent Pharmaceuticals Ltd,strip of 10 tablets,44.47,true
Azulix 2 Tablet,Glimepiride,2mg,Tablet,Torrent Pharmaceuticals Ltd,strip of 10 tablets,70.65,true
Azulix 3 MF Forte Tablet PR,Glimepiride + Metformin,3mg + 1000mg,Tablet,Torrent Pharmaceuticals Ltd,strip of 10 Tablet pr,159.0,true
Azulix 3 Tablet,Glimepiride,3mg,Tablet,Torrent Pharmaceuticals Ltd,strip of 10 tablets,142.85,true
Azulix 4 MF Forte Tablet PR,Glimepiride + Metformin,4mg + 1000mg,Tablet,Torrent Pharmaceuticals Ltd,strip of 10 Tablet pr,171.55,true
Azulix 4 Tablet,Glimepiride,4mg,Tablet,Torrent Pharmaceuticals Ltd,strip of 10 tablets,196.15,true
Azunate 100mg Tablet,Artesunate,100mg,Tablet,Macleods Pharmaceuticals Pvt Ltd,strip of 6 tablets,231.26,false
Azunate 50mg Tablet,Artesunate,50mg,Tablet,Macleods Pharmaceuticals Pvt Ltd,strip of 6 tablets,67.86,false
Azunate L 40 mg/240 mg Syrup,Artemether + Lumefantrine,40mg + 240mg,Syrup,Macleods Pharmaceuticals Pvt Ltd,bottle of 15 ml Syrup,100.0,true
Azysafe 1000mg Tablet,Azithromycin,1000mg,Tablet,Overseas Healthcare Pvt Ltd,strip of 1 Tablet,33.33,true
B Citam Tablet,Betahistine + Vitamin D3,16mg + 400IU,Tablet,Torrent Pharmaceuticals Ltd,strip of 10 tablets,193.2,true
B Muce Ointment,Mupirocin,2% w/w,Ointment,Biochem Pharmaceutical Industries,tube of 5 gm Ointment,144.9,false
B-Cin 200mg Tablet,Balofloxacin,200mg,Tablet,Lupin Ltd,strip of 10 tablets,281.1,false
B-Cin Tablet,Balofloxacin,100mg,Tablet,Lupin Ltd,strip of 10 tablets,231.6,false
B-Stil 16 Tablet,Betahistine,16mg,Tablet,Abbott,strip of 10 tablets,184.33,true
B-Stil 24 Tablet,Betahistine,24mg,Tablet,Abbott,strip of 10 tablets,252.68,true
B-Stil 8 Tablet,Betahistine,8mg,Tablet,Abbott,strip of 10 tablets,90.5,true
Baclof 10 Tablet,Baclofen,10mg,Tablet,Intas Pharmaceuticals Ltd,strip of 10 tablets,125.37,true
Baclof 25 Tablet,Baclofen,25mg,Tablet,Intas Pharmaceuticals Ltd,strip of 10 tablets,335.0,true
Baclof OD 10 Tablet ER,Baclofen,10mg,Tablet,Intas Pharmaceuticals Ltd,strip of 15 tablet er,169.79,true
Baclof OD 20 Tablet ER,Baclofen,20mg,Tablet,Intas Pharmaceuticals Ltd,strip of 10 tablet er,309.0,true
Baclof OD 30 Tablet ER,Baclofen,30mg,Tablet,Intas Pharmaceuticals Ltd,strip of 10 tablet er,399.0,true
Bacter 50mg Suspension,Ofloxacin,50mg,Suspension,Cubit Healthcare,bottle of 60 ml Suspension,41.0,true
Bacticef 750mg Tablet,Cefuroxime,750mg,Tablet,Neon Laboratories Ltd,strip of 1 Tablet,90.0,true
Bacticef O 100mg Tablet,Cefuroxime,100mg,Tablet,Prayas Pharmaceuticals,strip of 6 tablets,104.77,true
Bacticef O 200mg Tablet,Cefuroxime,200mg,Tablet,Prayas Pharmaceuticals,strip of 6 tablets,118.5,true
Bacticef O Kid Tablet,Cefuroxime,750mg,Tablet,Prayas Pharmaceuticals,strip of 6 tablets,37.12,true
Bacticef O Syrup,Cefuroxime,750mg,Syrup,Prayas Pharmaceuticals,bottle of 30 ml Syrup,62.5,true
Bactoclav 875 mg/125 mg Tablet,Amoxycillin + Clavulanic Acid,875mg + 125mg,Tablet,Micro Labs Ltd,strip of 4 tablets,183.0,true
Bactoclav Drops,Amoxycillin + Clavulanic Acid,80mg + 11.4mg,Suspension,Micro Labs Ltd,packet of 10 ml Oral Suspension,90.0,true
Bactoclav Dry Syrup,Amoxycillin + Clavulanic Acid,200mg + 28.5mg,Suspension,Micro Labs Ltd,bottle of 30 ml Oral Suspension,67.2,true
Bactoclav DS 457 Dry Syrup,Amoxycillin + Clavulanic Acid,400mg/5ml + 57mg/5ml,Suspension,Micro Labs Ltd,bottle of 30 ml Oral Suspension,127.0,true
Bakflex 16mg Tablet SR,Thiocolchicoside,16mg,Tablet,Intas Pharmaceuticals Ltd,strip of 10 tablet sr,320.0,true
Bakflex Plus Tablet,Thiocolchicoside + Aceclofenac,4mg + 100mg,Tablet,Intas Pharmaceuticals Ltd,strip of 10 tablets,236.0,true
Bakflex-A 100mg/8mg Tablet,Aceclofenac + Thiocolchicoside,100mg + 8mg,Tablet,Intas Pharmaceuticals Ltd,strip of 10 tablets,312.0,true
Bandy Suspension,Albendazole,200mg,Suspension,Mankind Pharma Ltd,bottle of 10 ml Oral Suspension,19.5,true
Bandy-Plus 12 Tablet,Ivermectin + Albendazole,12mg + 400mg,Tablet,Mankind Pharma Ltd,strip of 1 Tablet,33.0,true
Bandy-Plus Chewable Tablet,Ivermectin + Albendazole,6mg + 400mg,Tablet,Mankind Pharma Ltd,strip of 1 Chewable Tablet,27.0,true
Bandy-Plus Suspension,Ivermectin + Albendazole,1.5mg + 200mg,Suspension,Mankind Pharma Ltd,bottle of 10 ml Oral Suspension,35.0,true
Becef 125mg Injection,Ceftriaxone,125mg,Injection,Alkem Laboratories Ltd,vial of 1 Injection,20.0,true
Becef 1gm Injection,Ceftriaxone,1gm,Injection,Alkem Laboratories Ltd,vial of 1 Injection,90.0,true
Beclate 200 Rotacaps,Beclometasone,200mcg,Capsule,Cipla Ltd,packet of 30 capsules,128.83,false
Beclate cream,Beclometasone,0.25mg/gm,Cream,Cipla Ltd,tube of 15 gm Cream,16.4,false
Bectodine 5% Ointment,Povidone Iodine,5% w/w,Ointment,Sun Pharmaceutical Industries Ltd,tube of 10 gm Ointment,22.25,false
Bectodine 5% Ointment,Povidone Iodine,5% w/w,Ointment,Sun Pharmaceutical Industries Ltd,tube of 125 gm Ointment,123.0,false
Belol 100mg Tablet XL,Metoprolol Succinate,100mg,Tablet,East West Pharma,strip of 10 tablet xl,99.0,true
Belol 25mg Tablet XL,Metoprolol Succinate,25mg,Tablet,East West Pharma,strip of 10 tablet xl,47.28,true
Belrin-LM Syrup,Levocetirizine + Montelukast,2.5mg/5ml + 5mg/5ml,Syrup,Globus Remedies Ltd,bottle of 60 ml Syrup,68.0,true
Benadryl DR Kids Syrup,Dextromethorphan Hydrobromide,7.5mg/5ml,Syrup,Johnson & Johnson Ltd,bottle of 100 ml Syrup,93.0,false
Benadryl DR Syrup,Dextromethorphan Hydrobromide,15mg/5ml,Syrup,Johnson & Johnson Ltd,bottle of 100 ml Syrup,123.0,false
Benadryl DR Syrup,Dextromethorphan Hydrobromide,15mg/5ml,Syrup,Johnson & Johnson Ltd,bottle of 50 ml Syrup,75.0,false
Benadryl Syrup,Diphenhydramine + Ammonium Chloride,14.08mg/5ml + 138mg/5ml,Syrup,Johnson & Johnson Ltd,bottle of 450 ml Syrup,251.0,false
Benadryl Syrup,Diphenhydramine + Ammonium Chloride,14.08mg/5ml + 138mg/5ml,Syrup,Johnson & Johnson Ltd,bottle of 50 ml Syrup,72.0,false
Benadryl Syrup,Diphenhydramine + Ammonium Chloride,14.08mg/5ml + 138mg/5ml,Syrup,Johnson & Johnson Ltd,bottle of 150 ml Syrup,129.0,false
Bencef 125mg Dry Syrup,Cefuroxime,125mg/5ml,Syrup,Innovative Pharmaceuticals,bottle of 30 ml Dry Syrup,145.0,true
Bendex 200mg Suspension,Albendazole,200mg,Suspension,Cipla Ltd,bottle of 10 ml Suspension,19.82,true
Bendex 400 Tablet,Albendazole,400mg,Tablet,Cipla Ltd,strip of 1 Tablet,9.55,true
Bendex 400mg Syrup,Albendazole,400mg,Syrup,Cipla Ltd,bottle of 15 ml Syrup,23.57,true
Bendex Plus Tablet,Ivermectin + Albendazole,6mg + 400mg,Tablet,Cipla Ltd,strip of 1 Tablet,24.0,true
Beta Anxit 0.25 mg/20 mg Tablet,Alprazolam + Propranolol,0.25mg + 20mg,Tablet,Micro Labs Ltd,strip of 10 tablets,42.0,true
Betacap 10 Tablet,Propranolol,10mg,Tablet,Sun Pharmaceutical Industries Ltd,strip of 10 tablets,14.25,true
Betacap 20 Tablet,Propranolol,20mg,Tablet,Sun Pharmaceutical Industries Ltd,strip of 10 tablets,35.5,true
Betacap Plus 10 Capsule SR,Propranolol + Flunarizine,40mg + 10mg,Capsule,Sun Pharmaceutical Industries Ltd,strip of 10 capsule sr,147.0,true
Betacap Plus 5 Capsule SR,Propranolol + Flunarizine,40mg + 5mg,Capsule,Sun Pharmaceutical Industries Ltd,strip of 10 capsule sr,110.0,true
Betacap TR 20 Capsule,Propranolol,20mg,Capsule,Sun Pharmaceutical Industries Ltd,strip of 10 capsule pr,27.5,true
Betacap TR 40 Capsule,Propranolol,40mg,Capsule,Sun Pharmaceutical Industries Ltd,strip of 10 capsule pr,47.25,true
Betacap TR 60 Capsule,Propranolol,60mg,Capsule,Sun Pharmaceutical Industries Ltd,strip of 10 capsule pr,80.0,true
Betacap TR 80 Capsule,Propranolol,80mg,Capsule,Sun Pharmaceutical Industries Ltd,strip of 10 capsule pr,71.65,true
Betacard 25 Tablet,Atenolol,25mg,Tablet,Torrent Pharmaceuticals Ltd,strip of 14 tablets,44.65,true
Betacard 50 Tablet,Atenolol,50mg,Tablet,Torrent Pharmaceuticals Ltd,strip of 14 tablets,30.95,true
Betadine 10% Ointment,Povidone Iodine,10% w/w,Ointment,Win-Medicare Pvt Ltd,tube of 20 gm Ointment,129.47,false
Betadine 10% Solution,Povidone Iodine,10% w/v,Solution,Win-Medicare Pvt Ltd,bottle of 100 ml Solution,115.36,false
Betadine 10% Solution,Povidone Iodine,10% w/v,Solution,Win-Medicare Pvt Ltd,bottle of 500 ml Solution,576.8,false
Betadine 10% Vaginal Douche,Povidone Iodine,10% w/v,Spray,Win-Medicare Pvt Ltd,box of 200 ml Vaginal Spray,180.28,false
Betadine 2% Gargle Mint,Povidone Iodine,2% w/v,Solution,Win-Medicare Pvt Ltd,bottle of 50 ml Gargle,153.5,false
Betadine 2% Gargle Mint,Povidone Iodine,2% w/v,Solution,Win-Medicare Pvt Ltd,bottle of 100 ml Gargle,252.5,false
Betadine 5 % Solution,Povidone Iodine,5% w/v,Solution,Win-Medicare Pvt Ltd,bottle of 1 Ltr Solution,481.6,false
Betadine 5 % Solution,Povidone Iodine,5% w/v,Solution,Win-Medicare Pvt Ltd,bottle of 500 ml Solution,240.8,false
Betadine 5% Ointment,Povidone Iodine,5% w/w,Ointment,Win-Medicare Pvt Ltd,jar of 250 gm Ointment,606.5,false
Betadine 5% Ointment,Povidone Iodine,5% w/w,Ointment,Win-Medicare Pvt Ltd,tube of 125 gm Ointment,347.0,false
Betadine 5% Ointment,Povidone Iodine,5% w/w,Ointment,Win-Medicare Pvt Ltd,tube of 25 gm Ointment,80.5,false
Betadine 7.5% Surgical Scrub,Povidone Iodine,7.5% w/v,Other,Win-Medicare Pvt Ltd,packet of 50 ml Scrub,99.68,false
Betadine Alcoholic Hand Rub,Povidone Iodine,0.1gm,Solution,Win-Medicare Pvt Ltd,bottle of 200 ml Solution,103.04,false
Betadine Effervescent Granules 2gm,Povidone Iodine,175mg,Powder,Win-Medicare Pvt Ltd,box of 5 Sachets,66.5,false
Betadine First Aid Solution,Povidone Iodine,4% w/v,Solution,Win-Medicare Pvt Ltd,bottle of 50 ml Solution,108.08,false
Betadine Powder,Povidone Iodine,5%,Powder,Win-Medicare Pvt Ltd,bottle of 10 gm Powder,144.0,false
Betadine Surgical Scrub 7.5% Solution,Povidone Iodine,7.5% w/v,Solution,Win-Medicare Pvt Ltd,bottle of 500 ml Solution,1275.0,false
Betadine Vaginal Pessaries,Povidone Iodine,200mg,Suppository,Win-Medicare Pvt Ltd,packet of 10 pessaries,216.0,false
Betaone 0.025% Ointment,Beclometasone,0.025% w/w,Ointment,Zydus Cadila,tube of 20 gm Ointment,33.58,false
Betaone CG Ointment,Beclometasone + Neomycin,0.025% w/w + 0.1% w/w,Ointment,Biochem Pharmaceutical Industries,tube of 10 gm Ointment,73.2,false
Betaone GM Ointment,Beclometasone + Neomycin,0.025% w/w + 0.1% w/w,Ointment,Zydus Cadila,tube of 10 gm Ointment,58.0,false
Betaone XL 12.5mg Tablet,Metoprolol Succinate,12.5mg,Tablet,Dr Reddy's Laboratories Ltd,strip of 10 tablets,33.25,true
Betasalic Ointment,Betamethasone + Salicylic Acid,0.1% w/w + 3% w/w,Ointment,Cipla Ltd,tube of 20 gm Ointment,96.5,true
Betasalic Ointment,Betamethasone + Salicylic Acid,0.064% w/w + 3% w/w,Ointment,Cipla Ltd,tube of 5 gm Ointment,11.25,true
Betavert 16 Tablet,Betahistine,16mg,Tablet,Sun Pharmaceutical Industries Ltd,strip of 10 tablets,155.0,true
Betavert 24 Tablet,Betahistine,24mg,Tablet,Sun Pharmaceutical Industries Ltd,strip of 10 tablets,210.0,true
Betavert OD 16mg Tablet,Betahistine,16mg,Tablet,Sun Pharmaceutical Industries Ltd,strip of 10 tablets,65.05,true
Betavert OD 24 Tablet CR,Betahistine,24mg,Tablet,Sun Pharmaceutical Industries Ltd,strip of 10 tablet cr,210.0,true
Betavert OD 48 Tablet CR,Betahistine,48mg,Tablet,Sun Pharmaceutical Industries Ltd,strip of 10 tablet cr,323.0,true
Betavert Tablet,Betahistine,8mg,Tablet,Sun Pharmaceutical Industries Ltd,strip of 10 tablets,77.0,true
Betni 0.5mg Tablet,Betamethasone,0.5mg,Tablet,Intas Pharmaceuticals Ltd,strip of 10 tablets,6.96,true
Betni Pink 0.5mg Tablet,Betamethasone,0.5mg,Tablet,Intas Pharmaceuticals Ltd,bottle of 100 tablets,19.0,true
Betni White 0.5mg Tablet,Betamethasone,0.5mg,Tablet,Intas Pharmaceuticals Ltd,bottle of 100 tablets,18.5,true
Betsalic MF Gel,Clobetasol + Salicylic Acid,0.05% w/w + 3% w/w,Gel,East West Pharma,tube of 20 gm Gel,75.0,true
Bicef 250mg Dry Syrup,Cefadroxil,250mg,Syrup,Micro Labs Ltd,bottle of 30 ml Dry Syrup,27.0,true
Bigbro Tablet,Acebrophylline,100mg,Tablet,Intas Pharmaceuticals Ltd,strip of 10 tablets,127.0,false
Bigomet 250 Tablet,Metformin,250mg,Tablet,Aristo Pharmaceuticals Pvt Ltd,strip of 10 tablets,10.25,true
Bilafav M Oral Suspension,Bilastine + Montelukast,10mg/5ml + 4mg/5ml,Suspension,Cipla Ltd,bottle of 60 ml Oral Suspension,148.0,true
Bilafav M Tablet,Bilastine + Montelukast,20mg + 10mg,Tablet,Cipla Ltd,strip of 10 tablets,176.0,true
Bilafav Tablet,Bilastine,20mg,Tablet,Cipla Ltd,strip of 10 tablets,148.5,false
Bilashine 40mg Tablet,Bilastine,40mg,Tablet,Sun Pharmaceutical Industries Ltd,strip of 10 tablets,180.0,false
Bilashine DT Tablet,Bilastine,10mg,Tablet,Sun Pharmaceutical Industries Ltd,strip of 10 tablet dt,72.0,false
Bilashine Tablet,Bilastine,20mg,Tablet,Sun Pharmaceutical Industries Ltd,strip of 10 tablets,127.0,false
Bilasure 20 Tablet,Bilastine,20mg,Tablet,Sun Pharmaceutical Industries Ltd,strip of 10 tablets,139.0,false
Bilasure 40 Tablet,Bilastine,40mg,Tablet,Sun Pharmaceutical Industries Ltd,strip of 10 tablets,180.0,false
Bilasure M 20mg/10mg Tablet,Bilastine + Montelukast,20mg + 10mg,Tablet,Sun Pharmaceutical Industries Ltd,strip of 10 tablets,172.0,true
Bilasure M Kid Oral Suspension,Bilastine + Montelukast,10mg/5ml + 4mg/5ml,Suspension,Sun Pharmaceutical Industries Ltd,bottle of 60 ml Oral Suspension,124.0,true
Biobid 500mg Capsule,Ciprofloxacin,500mg,Capsule,Biochem Pharmaceutical Industries,strip of 10 capsules,65.0,true
Biocef 2 Injection,Ceftriaxone,2000mg,Injection,Leeford Healthcare Ltd,vial of 1 Injection,140.0,true
Biocetamol 100mg/ml Drop,Paracetamol,100mg/ml,Drops,Biochem Pharmaceutical Industries,packet of 10 ml Drop,26.54,false
Biocetamol 150mg Injection,Paracetamol,150mg,Injection,Biochem Pharmaceutical Industries,vial of 2 ml Injection,6.88,true
Biocetamol Syrup,Paracetamol,250mg/5ml,Syrup,Biochem Pharmaceutical Industries,bottle of 60 ml Syrup,39.56,false
Biocof New Syrup,Phenylephrine + Chlorpheniramine Maleate,2.5mg + 2mg,Syrup,Zydus Cadila,bottle of 100 ml Syrup,80.5,false
Biocof New Tablet,Guaifenesin + Bromhexine,100mg + 8mg,Tablet,Zydus Cadila,strip of 10 tablets,28.0,false
Biodexone 4 Tablet,Dexamethasone,4mg,Tablet,Zydus Cadila,strip of 10 tablets,49.01,true
Biodexone 8mg Tablet,Dexamethasone,8mg,Tablet,Zydus Cadila,strip of 10 tablets,72.0,true
Bioff OZ 200 mg/500 mg Suspension,Ofloxacin + Ornidazole,200mg + 500mg,Suspension,Biochem Pharmaceutical Industries,bottle of 30 ml Suspension,35.6,true
Biogesic 50mg Tablet,Nimesulide,50mg,Tablet,Biochem Pharmaceutical Industries,strip of 10 tablets,2.37,false
Biogesic-P 50mg/125mg Syrup,Nimesulide + Paracetamol,50mg + 125mg,Syrup,Biochem Pharmaceutical Industries,bottle of 60 ml Syrup,13.75,false
Biomet gm Ointment,Beclometasone + Neomycin,0.025% + 0.5%,Ointment,Biochem Pharmaceutical Industries,tube of 10 gm Ointment,11.25,false
Bioprim Syrup,Sulfamethoxazole + Trimethoprim,200mg + 40mg,Syrup,Zydus Cadila,bottle of 50 ml Syrup,11.25,true
Biopron Oral Drops,Cyproheptadine + Tricholine Citrate,1.5mg + 55mg,Drops,Leeford Healthcare Ltd,bottle of 15 ml Oral Drops,50.0,false
Biopron Syrup,Cyproheptadine + Tricholine Citrate,2mg + 275mg,Syrup,Leeford Healthcare Ltd,bottle of 200 ml Syrup,125.0,false
Biopyrin XF Tablet,Paracetamol,,Tablet,Biochem Pharmaceutical Industries,strip of 15 tablets,13.0,false
Biospas Forte Tablet,Mefenamic Acid + Paracetamol,500mg + 325mg,Tablet,Biochem Pharmaceutical Industries,strip of 10 tablets,53.0,false
Biosuganril 20 Tablet,Serratiopeptidase,20mg,Tablet,Abbott,strip of 10 tablets,180.4,false
Biozobid 50mg/15mg Tablet,Diclofenac + Serratiopeptidase,50mg + 15mg,Tablet,Abbott,strip of 10 tablets,148.99,false
Biselect 10 Tablet,Bisoprolol,10mg,Tablet,Intas Pharmaceuticals Ltd,strip of 10 tablets,80.0,true
Biselect 2.5 Tablet,Bisoprolol,2.5mg,Tablet,Intas Pharmaceuticals Ltd,strip of 10 tablets,34.0,true
Biselect 5 Tablet,Bisoprolol,5mg,Tablet,Intas Pharmaceuticals Ltd,strip of 10 tablets,42.5,true
Bisonext 10 Tablet,Bisoprolol,10mg,Tablet,Lupin Ltd,strip of 15 tablets,216.0,true
Bisonext 2.5mg Tablet,Bisoprolol,2.5mg,Tablet,Lupin Ltd,strip of 15 tablets,96.4,true
Bisonext 5mg Tablet,Bisoprolol,5mg,Tablet,Lupin Ltd,strip of 15 tablets,130.6,true
Bisonext AM 2.5 Tablet,Amlodipine + Bisoprolol,5mg + 2.5mg,Tablet,Lupin Ltd,strip of 15 tablets,108.7,true
Bisonext AM 5 Tablet,Amlodipine + Bisoprolol,5mg + 5mg,Tablet,Lupin Ltd,strip of 15 tablets,142.0,true
Bizlo 25mg Tablet,Baclofen,25mg,Tablet,Torrent Pharmaceuticals Ltd,strip of 10 tablets,198.0,true
Bizlo OD 30 Tablet SR,Baclofen,30mg,Tablet,Torrent Pharmaceuticals Ltd,strip of 10 tablet sr,334.3,true
Bizlo OD Tablet ER,Baclofen,20mg,Tablet,Torrent Pharmaceuticals Ltd,strip of 10 tablet er,165.25,true
Bizlo Tablet,Baclofen,10mg,Tablet,Torrent Pharmaceuticals Ltd,strip of 10 tablets,119.95,true
Blukof Junior Syrup,Ambroxol + Guaifenesin,,Syrup,Alkem Laboratories Ltd,bottle of 60 ml Syrup,38.0,false
BP-Nol 100mg Tablet,Atenolol,100mg,Tablet,Elder Pharmaceuticals Ltd,strip of 10 tablets,14.0,true
BP-Nol 50mg Tablet,Atenolol,50mg,Tablet,Elder Pharmaceuticals Ltd,strip of 10 tablets,8.7,true
Bracken Capsule,Methylcobalamin + Pregabalin,1500mcg + 75mg,Capsule,Leeford Healthcare Ltd,strip of 10 capsules,110.0,true
Brevipil 100 Tablet,Brivaracetam,100mg,Tablet,Sun Pharmaceutical Industries Ltd,strip of 10 tablets,339.0,false
Brevipil 25 Tablet,Brivaracetam,25mg,Tablet,Sun Pharmaceutical Industries Ltd,strip of 10 tablets,85.6,false
Brevipil 50 Tablet,Brivaracetam,50mg,Tablet,Sun Pharmaceutical Industries Ltd,strip of 10 tablets,161.0,false
Brevipil 75mg Tablet,Brivaracetam,75mg,Tablet,Sun Pharmaceutical Industries Ltd,strip of 10 tablets,253.8,false
Bricarex LS Expectorant,Ambroxol + Levosalbutamol,15mg + 0.5mg,Syrup,Biochem Pharmaceutical Industries,bottle of 100 ml Expectorant,99.75,true
Bricarex-DX Junior Syrup,Chlorpheniramine Maleate + Dextromethorphan Hydrobromide,2mg/5ml + 10mg/5ml,Syrup,Zydus Cadila,bottle of 100 ml Syrup,70.2,false
Bricarex-DX Syrup,Chlorpheniramine Maleate + Dextromethorphan Hydrobromide,4mg/5ml + 10mg/5ml,Syrup,Zydus Cadila,bottle of 100 ml Syrup,91.15,false
Britzilam 100 Tablet,Brivaracetam,100mg,Tablet,Torrent Pharmaceuticals Ltd,strip of 15 tablets,492.9,false
Britzilam 25 Tablet,Brivaracetam,25mg,Tablet,Torrent Pharmaceuticals Ltd,strip of 14 tablets,136.9,false
Britzilam 50 Tablet,Brivaracetam,50mg,Tablet,Torrent Pharmaceuticals Ltd,strip of 15 tablets,245.6,false
Britzilam 75 Tablet,Brivaracetam,75mg,Tablet,Torrent Pharmaceuticals Ltd,strip of 15 tablets,361.0,false
Brivasure 100mg Tablet,Brivaracetam,100mg,Tablet,Alkem Laboratories Ltd,strip of 10 tablets,295.0,false
Brivasure 25mg Tablet,Brivaracetam,25mg,Tablet,Alkem Laboratories Ltd,strip of 10 tablets,79.5,false
Brivasure 50mg Tablet,Brivaracetam,50mg,Tablet,Alkem Laboratories Ltd,strip of 10 tablets,148.5,false
Brivasure 75mg Tablet,Brivaracetam,75mg,Tablet,Alkem Laboratories Ltd,strip of 10 tablets,230.0,false
Brivazen 100 Tablet,Brivaracetam,100mg,Tablet,Intas Pharmaceuticals Ltd,strip of 10 tablets,349.0,false
Brivazen 25 Tablet,Brivaracetam,25mg,Tablet,Intas Pharmaceuticals Ltd,strip of 10 tablets,87.5,false
Brivazen 50 Tablet,Brivaracetam,50mg,Tablet,Intas Pharmaceuticals Ltd,strip of 10 tablets,162.0,false
Brivazen 75 Tablet,Brivaracetam,75mg,Tablet,Intas Pharmaceuticals Ltd,strip of 10 tablets,252.0,false
Brivepsy 100mg Tablet,Brivaracetam,100mg,Tablet,Cipla Ltd,strip of 14 tablets,490.0,false
Brivepsy 25mg Tablet,Brivaracetam,25mg,Tablet,Cipla Ltd,strip of 14 tablets,119.0,false
Brivepsy 50mg Tablet,Brivaracetam,50mg,Tablet,Cipla Ltd,strip of 14 tablets,210.0,false
Brivepsy 75mg Tablet,Brivaracetam,75mg,Tablet,Cipla Ltd,strip of 14 tablets,322.0,false
Bro Cofdex Plus Syrup,Dextromethorphan Hydrobromide,,Syrup,Cipla Ltd,bottle of 100 ml Syrup,70.0,false
Bro-Cofdex Syrup Raspberry,Bromhexine + Guaifenesin,4mg/5ml + 50mg/5ml,Syrup,Cipla Ltd,bottle of 100 ml Syrup,105.0,false
Bro-Zedex LS Drops,Ambroxol + Levosalbutamol,7.5mg/ml + 0.25mg/ml,Drops,Dr Reddy's Laboratories Ltd,bottle of 15 ml Oral Drops,70.5,true
Bro-Zedex LS Syrup,Bromhexine + Guaifenesin,4mg + 50mg,Syrup,Dr Reddy's Laboratories Ltd,bottle of 100 ml Syrup,145.25,false
Bro-Zedex SF Syrup,Guaifenesin + Terbutaline,50mg/5ml + 1.25mg/5ml,Syrup,Dr Reddy's Laboratories Ltd,bottle of 100 ml Syrup,152.75,false
Bro-Zedex Syrup,Bromhexine + Guaifenesin,4mg + 50mg,Syrup,Dr Reddy's Laboratories Ltd,bottle of 100 ml Syrup,142.5,false
Broadicilin 100mg Drop,Ampicillin,100mg,Drops,Alkem Laboratories Ltd,packet of 10 ml Drop,47.3,true
Broadicilin 125mg Syrup,Ampicillin,125mg,Syrup,Alkem Laboratories Ltd,bottle of 30 ml Syrup,21.42,true
Broadicilin 250mg Capsule,Ampicillin,250mg,Capsule,Alkem Laboratories Ltd,strip of 10 capsules,28.17,true
Broadicilin 500mg Capsule,Ampicillin,500mg,Capsule,Alkem Laboratories Ltd,strip of 10 capsules,58.5,true
Broadiclox 250 mg/250 mg Capsule,Ampicillin + Cloxacillin,250mg + 250mg,Capsule,Alkem Laboratories Ltd,strip of 10 capsules,61.5,true
Broadiclox Kid 125 mg Tablet,Ampicillin + Cloxacillin,125mg + 125mg,Tablet,Alkem Laboratories Ltd,strip of 10 tablets,12.98,true
Broadiclox LB 250 mg Capsule,Ampicillin + Cloxacillin,250mg + 250mg,Capsule,Alkem Laboratories Ltd,strip of 10 capsules,44.87,true
Broadiclox LB Kid 125 mg/125 mg/NA Tablet,Ampicillin + Cloxacillin,125mg + 125mg,Tablet,Alkem Laboratories Ltd,strip of 10 tablets,11.27,true
Broadiclox LB Tablet,Ampicillin + Cloxacillin,125mg + 125mg,Tablet,Alkem Laboratories Ltd,strip of 10 tablets,13.75,true
Broadiclox Novo 500 mg Capsule,Ampicillin + Dicloxacillin,250mg + 250mg,Capsule,Alkem Laboratories Ltd,strip of 10 capsules,89.0,true
Brodclav 200mg/28mg Tablet,Amoxycillin + Clavulanic Acid,200mg + 28mg,Tablet,Man Serve Pharma,strip of 10 tablets,150.0,true
Brodclav 300mg/75mg Tablet,Amoxycillin + Clavulanic Acid,300mg + 75mg,Tablet,Man Serve Pharma,strip of 10 tablets,210.0,true
Bromex 8mg Tablet,Bromhexine,8mg,Tablet,Cipla Ltd,strip of 10 tablets,8.06,false
Bromolin 125 mg/4 mg Tablet DT,Amoxycillin + Bromhexine,125mg + 4mg,Tablet,Cipla Ltd,strip of 6 tablet dt,20.5,true
Bromolin 250 mg/8 mg Capsule,Amoxycillin + Bromhexine,250mg + 8mg,Capsule,Cipla Ltd,strip of 10 capsules,73.37,true
Bromolin 250mg/8mg Syrup,Amoxycillin + Bromhexine,250mg + 8mg,Syrup,Cipla Ltd,bottle of 30 ml Syrup,26.16,true
Bromolin 250mg/8mg Tablet DT,Amoxycillin + Bromhexine,250mg + 8mg,Tablet,Cipla Ltd,strip of 6 tablet dt,31.32,true
Bromolin 500 mg/8 mg Capsule,Amoxycillin + Bromhexine,500mg + 8mg,Capsule,Cipla Ltd,strip of 6 capsules,51.88,true
Bromolin Rediuse Suspension,Amoxycillin + Bromhexine,250mg,Suspension,Cipla Ltd,bottle of 60 ml Rediuse Suspension,76.5,true
Brozeet-LS Drops,Ambroxol + Levosalbutamol,7.5mg/ml + 0.25mg/ml,Drops,Alembic Pharmaceuticals Ltd,packet of 15 ml Oral Drops,70.75,true
Brozeet-LS Syrup,Ambroxol + Levosalbutamol,15mg + 0.5mg,Syrup,Alembic Pharmaceuticals Ltd,bottle of 100 ml Syrup,118.9,true
Bruceta 100mg/125mg Suspension,Ibuprofen + Paracetamol,100mg + 125mg,Suspension,Alkem Laboratories Ltd,bottle of 60 ml Suspension,27.13,false
Brufen 400 Tablet,Ibuprofen,400mg,Tablet,Abbott,strip of 15 tablets,19.32,false
Brutacef 100mg Dry Syrup,Cefixime,100mg,Syrup,Mankind Pharma Ltd,bottle of 30 ml Dry Syrup,65.36,true
Brutaflam-Plus Tablet,Etoricoxib + Paracetamol,60mg + 325mg,Tablet,Mankind Pharma Ltd,strip of 10 tablets,110.0,true
Budamate 200 Transcaps,Formoterol + Budesonide,6mcg + 200mcg,Capsule,Lupin Ltd,bottle of 30 capsules,187.82,true
Budecort 0.5mg Respules 2ml,Budesonide,0.5mg,Solution,Cipla Ltd,packet of 5 respules,132.3,true
Budecort 100 Inhaler,Budesonide,100mcg,Inhaler,Cipla Ltd,packet of 200 MDI Inhaler,315.84,true
Budecort 100 Rotacap,Budesonide,100mcg,Inhaler,Cipla Ltd,packet of 30 rotacaps,72.0,true
Budecort 1mg Respules 2 ml,Budesonide,1mg,Solution,Cipla Ltd,strip of 5 respules,132.95,true
Budecort 200 Inhaler,Budesonide,200mcg,Inhaler,Cipla Ltd,packet of 200 MDI Inhaler,439.04,true
Budecort 200 Rotacap,Budesonide,200mcg,Inhaler,Cipla Ltd,packet of 30 rotacaps,107.85,true
Budecort 400 Rotacap,Budesonide,400mcg,Inhaler,Cipla Ltd,packet of 30 rotacaps,180.8,true
Budecort CR Capsule,Budesonide,3mg,Capsule,Cipla Ltd,bottle of 30 capsule cr,450.0,true
Budetrol 12mcg/400mcg Capsule,Formoterol + Budesonide,12mcg + 400mcg,Capsule,Macleods Pharmaceuticals Pvt Ltd,packet of 30 capsules,216.72,true
Budetrol Forte Capsule,Formoterol + Budesonide,12mcg + 400mcg,Capsule,Macleods Pharmaceuticals Pvt Ltd,packet of 30 capsules,336.6,true
Bupron 100mg Tablet SR,Bupropion,100mg,Tablet,Sun Pharmaceutical Industries Ltd,strip of 10 tablet sr,82.0,true
Bupron 300mg Tablet SR,Bupropion,300mg,Tablet,Sun Pharmaceutical Industries Ltd,strip of 10 tablet sr,82.0,true
Bupron SR 150 Tablet,Bupropion,150mg,Tablet,Sun Pharmaceutical Industries Ltd,strip of 10 tablet er,142.9,true
Bupron XL 150 Tablet,Bupropion,150mg,Tablet,Sun Pharmaceutical Industries Ltd,strip of 10 tablet mr,179.0,true
Bupron XL 300 Tablet,Bupropion,300mg,Tablet,Sun Pharmaceutical Industries Ltd,strip of 10 Tablet pr,301.0,true
Buta Proxyvon Capsule,Diclofenac + Paracetamol,50mg + 325mg,Capsule,Dr Reddy's Laboratories Ltd,strip of 10 capsules,73.0,false
C Cef 100 Dry Syrup,Cefpodoxime Proxetil,100mg,Suspension,Incite,bottle of 30 ml Oral Suspension,174.0,true
C Col 500mg Capsule,Chloramphenicol,500mg,Capsule,Intas Pharmaceuticals Ltd,strip of 10 capsules,92.3,false
C Dime 1000 mg/1000 mg Injection,Cefoperazone + Sulbactam,1000mg + 1000mg,Injection,Emcure Pharmaceuticals Ltd,vial of 1 Injection,274.6,true
C Dime 1000mg/1000mg Injection,Cefoperazone + Sulbactam,1000mg + 1000mg,Injection,Emcure Pharmaceuticals Ltd,vial of 1 Injection,139.3,true
C Dox Syrup,Cefpodoxime Proxetil,50mg/5ml,Syrup,Shince Pharmaceuticals Pvt Ltd,bottle of 30 ml Syrup,54.0,true
C Flox 200mg Infusion,Ciprofloxacin,200mg,Injection,Intas Pharmaceuticals Ltd,bottle of 100 ml Infusion,64.5,true
C Flox 250mg Tablet,Ciprofloxacin,250mg,Tablet,Intas Pharmaceuticals Ltd,strip of 10 tablets,31.85,true
C Flox 500mg Tablet,Ciprofloxacin,500mg,Tablet,Intas Pharmaceuticals Ltd,strip of 10 tablets,61.75,true
C Flox TZ 500 mg/600 mg Tablet,Ciprofloxacin + Tinidazole,500mg + 600mg,Tablet,Intas Pharmaceuticals Ltd,strip of 10 tablets,60.0,true
C Let 100mg Tablet DT,Ceftriaxone,100mg,Tablet,Emcure Pharmaceuticals Ltd,strip of 10 tablet dt,93.32,true
C Let AZ 200mg/250mg Tablet,Cefixime + Azithromycin,200mg + 250mg,Tablet,Emcure Pharmaceuticals Ltd,strip of 10 tablets,280.95,true
C Let O 100mg/5ml Suspension,Cefixime,100mg/5ml,Suspension,Emcure Pharmaceuticals Ltd,bottle of 30 ml Suspension,115.0,true
C Let O Let 50mg Suspension,Cefixime,50mg,Suspension,Emcure Pharmaceuticals Ltd,bottle of 30 ml Suspension,65.0,true
C One 250mg Injection,Ceftriaxone,250mg,Injection,Abbott,vial of 1 Injection,24.51,true
C One 500mg Injection,Ceftriaxone,500mg,Injection,Abbott,vial of 1 Injection,65.37,true
C Pram 40mg Tablet,Citalopram,40mg,Tablet,Torrent Pharmaceuticals Ltd,strip of 10 tablets,70.13,true
C Pram 5mg Tablet,Citalopram,5mg,Tablet,Torrent Pharmaceuticals Ltd,strip of 10 tablets,46.48,true
C Pram S Plus 0.25 mg/10 mg Tablet,Clonazepam + Escitalopram Oxalate,0.25mg + 10mg,Tablet,Torrent Pharmaceuticals Ltd,strip of 10 tablets,126.8,true
C Pram S Plus 0.5 mg/10 mg Tablet,Clonazepam + Escitalopram Oxalate,0.5mg + 10mg,Tablet,Torrent Pharmaceuticals Ltd,strip of 10 tablets,177.8,true
C Tax-O 25mg Oral Drops,Cefixime,25mg,Drops,Zuventus Healthcare Ltd,packet of 10 ml Oral Drops,71.0,true
C Taz Injection,Ceftriaxone + Tazobactum,250mg + 31.25mg,Injection,Emcure Pharmaceuticals Ltd,vial of 1 Injection,48.76,true
C Tin Plus 5mg/500mg/5mg Tablet,Cetirizine + Paracetamol,5mg + 500mg,Tablet,Ind Swift Laboratories Ltd,strip of 10 tablets,28.19,false
C Tin Plus DS Oral Suspension,Chlorpheniramine Maleate + Paracetamol,2mg/5ml + 250mg/5ml,Suspension,Ind Swift Laboratories Ltd,bottle of 60 ml Oral Suspension,40.9,false
C Tin Plus Oral Suspension,Cetirizine + Paracetamol,2mg + 125mg,Suspension,Ind Swift Laboratories Ltd,bottle of 60 ml Oral Suspension,24.0,false
C Trika 0.25mg Tablet,Clonazepam,0.25mg,Tablet,Torrent Pharmaceuticals Ltd,strip of 10 tablets,17.99,true
C Trika 0.5mg Tablet,Clonazepam,0.5mg,Tablet,Torrent Pharmaceuticals Ltd,strip of 10 tablets,31.58,true
C Trika 1mg Tablet,Clonazepam,1mg,Tablet,Torrent Pharmaceuticals Ltd,strip of 10 tablets,41.16,true
C Trika 2mg Tablet,Clonazepam,2mg,Tablet,Torrent Pharmaceuticals Ltd,strip of 10 tablets,71.25,true
C Win Cream,Ciclopirox,1% w/w,Cream,Sun Pharmaceutical Industries Ltd,tube of 60 gm Cream,419.0,false
C Win Cream,Ciclopirox,1% w/w,Cream,Sun Pharmaceutical Industries Ltd,tube of 30 gm Cream,221.0,false
C-Nac Eye Drop,Carboxymethylcellulose + Glycerin,3mg/ml + 10mg/ml,Drops,Intas Pharmaceuticals Ltd,bottle of 10 ml Eye Drop,269.0,false
C-Pod 50mg Dry Syrup,Cefpodoxime Proxetil,50mg/5ml,Syrup,Gen-Biotec Pvt Ltd,bottle of 30 ml Dry Syrup,45.0,true
C-Pram S 10 Tablet,Escitalopram Oxalate,10mg,Tablet,Torrent Pharmaceuticals Ltd,strip of 10 tablets,100.65,true
C-Pram S 20 Tablet,Escitalopram Oxalate,20mg,Tablet,Torrent Pharmaceuticals Ltd,strip of 10 tablets,153.7,true
C-Pram S 5 Tablet,Escitalopram Oxalate,5mg,Tablet,Torrent Pharmaceuticals Ltd,strip of 10 tablets,56.65,true
C-Talo 10mg Tablet,Citalopram,10mg,Tablet,Alkem Laboratories Ltd,strip of 10 tablets,22.0,true
C-Talo 20mg Tablet,Citalopram,20mg,Tablet,Alkem Laboratories Ltd,strip of 10 tablets,40.0,true
Cadi O M Suspension,Ofloxacin + Metronidazole,50mg/5ml + 100mg/5ml,Suspension,Zydus Cadila,bottle of 30 ml Suspension,36.0,true
Cadipar 250mg Oral Suspension,Paracetamol,250mg,Suspension,Cadila Pharmaceuticals Ltd,bottle of 60 ml Oral Suspension,38.0,false
Caditor Ez 20mg/10mg Tablet,Atorvastatin + Ezetimibe,20mg + 10mg,Tablet,Cadila Pharmaceuticals Ltd,strip of 10 tablets,87.85,true
Cadixim OF Suspension,Cefixime + Ofloxacin,50mg + 50mg,Suspension,Cadila Pharmaceuticals Ltd,bottle of 30 ml Suspension,66.0,true
Calbloc 10mg Capsule,Nifedipine,10mg,Capsule,Torrent Pharmaceuticals Ltd,strip of 10 capsules,8.95,true
Calbloc 10mg Tablet,Nifedipine,10mg,Tablet,Torrent Pharmaceuticals Ltd,strip of 10 tablets,9.25,true
Calbloc 20mg Tablet,Nifedipine,20mg,Tablet,Torrent Pharmaceuticals Ltd,strip of 10 tablets,14.75,true
Calbloc 5mg Capsule,Nifedipine,5mg,Capsule,Torrent Pharmaceuticals Ltd,strip of 10 capsules,19.88,true
Calcigard 10 Capsule,Nifedipine,10mg,Capsule,Torrent Pharmaceuticals Ltd,strip of 10 capsules,10.52,true
Calcigard 10 Retard Tablet SR,Nifedipine,10mg,Tablet,Torrent Pharmaceuticals Ltd,strip of 10 tablet sr,18.49,true
Calcigard 5 Capsule,Nifedipine,5mg,Capsule,Torrent Pharmaceuticals Ltd,strip of 10 capsules,15.6,true
Calcigard Retard Tablet SR,Nifedipine,20mg,Tablet,Torrent Pharmaceuticals Ltd,strip of 10 tablet sr,42.35,true
Calmpose 5mg Tablet,Diazepam,5mg,Tablet,Sun Pharmaceutical Industries Ltd,strip of 10 tablets,15.56,true
Calpol 500mg Tablet,Paracetamol,500mg,Tablet,Glaxo SmithKline Pharmaceuticals Ltd,strip of 15 tablets,16.65,false
Calpol 650mg Tablet,Paracetamol,650mg,Tablet,Glaxo SmithKline Pharmaceuticals Ltd,strip of 15 tablets,34.23,false
Campilox Tablet,Ampicillin + Cloxacillin,250mg,Tablet,Cadila Pharmaceuticals Ltd,strip of 1 Tablet,18.43,true
Canazole 1% Ear Drop,Clotrimazole,1% w/v,Drops,Lupin Ltd,packet of 10 ml Ear Drop,15.0,false
Canazole Cream,Clotrimazole,1% w/w,Cream,Lupin Ltd,tube of 15 gm Cream,40.0,false
Canazole Dusting Powder,Clotrimazole,1% w/w,Powder,Lupin Ltd,bottle of 30 gm Dusting Powder,33.0,false
Canazole Dusting Powder,Clotrimazole,1% w/w,Powder,Lupin Ltd,packet of 100 gm Dusting Powder,45.0,false
Canazole Lotion,Clotrimazole,1% w/v,Lotion,Lupin Ltd,bottle of 15 ml Lotion,53.72,false
Canazole Mouth Paint,Clotrimazole,1% w/v,Other,Lupin Ltd,bottle of 15 ml Mouth Paint,63.96,false
Canazole Mouth Wash,Clotrimazole,,Solution,Lupin Ltd,bottle of 15 ml Mouth Wash,23.75,false
Canazole VG 100mg Tablet VT,Clotrimazole,100mg,Tablet,Lupin Ltd,packet of 6 tablet vt,20.0,false
Canazole-VG Gel,Clotrimazole,2% w/w,Gel,Lupin Ltd,tube of 30 gm Vaginal gel,61.0,false
Candid Ear Drop,Lidocaine + Clotrimazole,2% w/v + 1% w/v,Drops,Glenmark Pharmaceuticals Ltd,packet of 10 ml Ear Drop,87.5,false
Candid Gold Cream,Clotrimazole,1% w/w,Cream,Glenmark Pharmaceuticals Ltd,tube of 50 gm Cream,163.52,false
Candid Gold Dusting Powder,Allantoin + Clotrimazole,0.2% w/w + 1% w/w,Powder,Glenmark Pharmaceuticals Ltd,bottle of 100 gm Dusting Powder,199.0,false
Candid KZ Soap,Ketoconazole,2% w/w,Soap,Glenmark Pharmaceuticals Ltd,packet of 75 gm Soap,169.5,false
Candid Lotion,Clotrimazole,1% w/v,Lotion,Glenmark Pharmaceuticals Ltd,bottle of 30 ml Lotion,133.6,false
Candid Mouth Gel,Choline Salicylate + Lidocaine,8.7% w/w + 2% w/w,Gel,Glenmark Pharmaceuticals Ltd,tube of 10 gm Dental Gel,105.0,false
Candid Mouth Paint,Clotrimazole,1% w/v,Other,Glenmark Pharmaceuticals Ltd,bottle of 25 ml Mouth Paint,153.0,false
Candid Total Plus Cream,Clobetasol + Miconazole,0.05% w/w + 2% w/w,Cream,Glenmark Pharmaceuticals Ltd,tube of 20 gm Cream,99.0,true
Candid TV Suspension,Clotrimazole + Selenium,1% w/v + 2.5% w/v,Lotion,Glenmark Pharmaceuticals Ltd,bottle of 75 ml Lotion,305.0,false
Candid-B Cream,Beclometasone + Clotrimazole,0.025% w/w + 1% w/w,Cream,Glenmark Pharmaceuticals Ltd,tube of 10 gm Cream,99.0,false
Candid-B Cream,Beclometasone + Clotrimazole,0.025% w/w + 1% w/w,Cream,Glenmark Pharmaceuticals Ltd,tube of 20 gm Cream,139.0,false
Candid-B Cream,Beclometasone + Clotrimazole,0.025% w/w + 1% w/w,Cream,Glenmark Pharmaceuticals Ltd,tube of 5 gm Cream,53.0,false
Candid-B Lotion,Beclometasone + Clotrimazole,0.025% w/v + 1% w/v,Lotion,Glenmark Pharmaceuticals Ltd,bottle of 30 ml Lotion,200.0,false
Candid-B Lotion,Beclometasone + Clotrimazole,0.025% w/v + 1% w/v,Lotion,Glenmark Pharmaceuticals Ltd,bottle of 10 ml Lotion,108.0,false
Candid-CL Vaginal gel,Clindamycin + Clotrimazole,2% w/w + 2% w/w,Gel,Glenmark Pharmaceuticals Ltd,tube of 30 gm Vaginal gel,246.5,true
Candid-CL Vaginal Suppository,Clindamycin + Clotrimazole,100mg + 200mg,Suppository,Glenmark Pharmaceuticals Ltd,packet of 3 Vaginal Suppository,146.0,true
Candid-K Anti-Dandruff Shampoo,Ketoconazole + Zinc pyrithione,2% w/v + 1% w/v,Shampoo,Glenmark Pharmaceuticals Ltd,bottle of 75 ml Shampoo,260.0,false
Candid-V 6 Tablet ER,Clotrimazole,100mg,Tablet,Glenmark Pharmaceuticals Ltd,packet of 6 tablet vt,64.83,false
Candid-V Gel,Clotrimazole,2% w/w,Gel,Glenmark Pharmaceuticals Ltd,tube of 30 gm Vaginal gel,122.0,false
Candid-V3 Tablet VT,Clotrimazole,200mg,Tablet,Glenmark Pharmaceuticals Ltd,packet of 3 tablet vt,77.5,false
Candiforce SB 130mg Capsule,Itraconazole,130mg,Capsule,Mankind Pharma Ltd,strip of 10 capsules,217.5,true
Candipraz OC Cream,Ofloxacin + Ornidazole,0.75% w/w + 2% w/w,Cream,Glenmark Pharmaceuticals Ltd,tube of 15 gm Cream,81.0,true
Canditas BG Cream,Beclometasone + Clotrimazole,0.025% w/w + 1% w/w,Cream,Intas Pharmaceuticals Ltd,tube of 15 gm Cream,33.5,false
Canditas BGN 0.1% Cream,Beclometasone + Clotrimazole,0.025% w/w + 1% w/w,Cream,Intas Pharmaceuticals Ltd,tube of 10 gm Cream,8.75,false
Canditas BGN 0.5% Cream,Beclometasone + Neomycin,0.025% w/w + 0.5% w/w,Cream,Intas Pharmaceuticals Ltd,tube of 15 gm Cream,13.43,false
Canditas-V Gel,Clotrimazole,2% w/w,Gel,Intas Pharmaceuticals Ltd,tube of 30 gm Vaginal gel,86.0,false
Canditral SB 65 Capsule,Itraconazole,65mg,Capsule,Glenmark Pharmaceuticals Ltd,strip of 10 capsules,140.0,true
Cantop B Cream,Beclometasone + Clotrimazole,0.025% w/w + 1% w/w,Cream,Micro Labs Ltd,tube of 15 gm Cream,9.68,false
Cantop gm Cream,Clobetasol + Miconazole,0.05% w/w + 2% w/w,Cream,Micro Labs Ltd,tube of 10 gm Cream,39.45,true
Captiva D 10mg/20mg Tablet,Domperidone + Pantoprazole,10mg + 20mg,Tablet,Ridhima Biocare,strip of 10 tablets,45.0,true
Carbatol CR 300 Tablet,Carbamazepine,300mg,Tablet,Torrent Pharmaceuticals Ltd,strip of 10 tablet er,27.4,true
Carbatol CR 400 Tablet,Carbamazepine,400mg,Tablet,Torrent Pharmaceuticals Ltd,strip of 10 tablet er,32.03,true
Carca 12.5 Tablet,Carvedilol,12.5mg,Tablet,Intas Pharmaceuticals Ltd,strip of 15 tablets,160.5,true
Carca 25 Tablet,Carvedilol,25mg,Tablet,Intas Pharmaceuticals Ltd,strip of 10 tablets,169.0,true
Carca 3.125 Tablet,Carvedilol,3.125mg,Tablet,Intas Pharmaceuticals Ltd,strip of 15 tablets,62.5,true
Carca 3.125 Tablet,Carvedilol,3.125mg,Tablet,Intas Pharmaceuticals Ltd,strip of 10 tablets,44.0,true
Carca 6.25 Tablet,Carvedilol,6.25mg,Tablet,Intas Pharmaceuticals Ltd,strip of 10 tablets,41.98,true
Carca 6.25 Tablet,Carvedilol,6.25mg,Tablet,Intas Pharmaceuticals Ltd,strip of 15 tablets,81.5,true
Carca CR 10 Tablet,Carvedilol,10mg,Tablet,Intas Pharmaceuticals Ltd,strip of 15 tablet cr,174.0,true
Carca CR 20 Tablet,Carvedilol,20mg,Tablet,Intas Pharmaceuticals Ltd,strip of 15 tablet cr,264.0,true
Carca CR 40 Tablet,Carvedilol,40mg,Tablet,Intas Pharmaceuticals Ltd,strip of 10 tablet cr,249.0,true
Cardiopril 1.25 Capsule,Ramipril,1.25mg,Capsule,Dr Reddy's Laboratories Ltd,strip of 10 capsules,31.34,true
Cardiopril 10 Capsule,Ramipril,10mg,Capsule,Dr Reddy's Laboratories Ltd,strip of 10 capsules,200.75,true
Cardiopril 5 Capsule,Ramipril,5mg,Capsule,Dr Reddy's Laboratories Ltd,strip of 10 capsules,82.32,true
Cardiorostin 20mg/75mg Tablet,Rosuvastatin + Clopidogrel,20mg + 75mg,Tablet,Leeford Healthcare Ltd,strip of 10 tablets,180.0,true
Cardivas 12.5 Tablet,Carvedilol,12.5mg,Tablet,Sun Pharmaceutical Industries Ltd,strip of 10 tablets,122.0,true
Cardivas 25 Tablet,Carvedilol,25mg,Tablet,Sun Pharmaceutical Industries Ltd,strip of 10 tablets,199.0,true
Cardivas 3.125 Tablet,Carvedilol,3.125mg,Tablet,Sun Pharmaceutical Industries Ltd,strip of 10 tablets,43.5,true
Cardivas 6.25 Tablet,Carvedilol,6.25mg,Tablet,Sun Pharmaceutical Industries Ltd,strip of 10 tablets,70.0,true
Cardivas CR 10 Tablet,Carvedilol,10mg,Tablet,Sun Pharmaceutical Industries Ltd,strip of 10 tablet er,107.0,true
Cardivas CR 20 Tablet,Carvedilol,20mg,Tablet,Sun Pharmaceutical Industries Ltd,strip of 10 tablet er,151.94,true
Cardivas CR 40 Tablet,Carvedilol,40mg,Tablet,Sun Pharmaceutical Industries Ltd,strip of 10 tablet er,213.0,true
Cardivas IN 12.5/5 Tablet,Carvedilol + Ivabradine,12.5mg + 5mg,Tablet,Sun Pharmaceutical Industries Ltd,strip of 10 tablets,218.0,true
Cardivas IN 3.125/5 Tablet,Carvedilol + Ivabradine,3.125mg + 5mg,Tablet,Sun Pharmaceutical Industries Ltd,strip of 10 tablets,215.0,true
Cardivas IN 6.25/5 Tablet,Carvedilol + Ivabradine,6.25mg + 5mg,Tablet,Sun Pharmaceutical Industries Ltd,strip of 10 tablets,198.0,true
Careprost Eye Drop,Bimatoprost,0.03% w/v,Drops,Sun Pharmaceutical Industries Ltd,packet of 3 ml Ophthalmic Solution,634.0,false
Careprost LS 0.01% Eye Drop,Bimatoprost,0.01% w/v,Drops,Sun Pharmaceutical Industries Ltd,bottle of 3 ml Eye Drop,399.0,false
Careprost LS BKC Free Eye drop,Bimatoprost,0.10mg/ml,Drops,Sun Pharmaceutical Industries Ltd,bottle of 3 ml Ophthalmic Solution,399.0,false
Careprost Plus Eye Drop,Bimatoprost + Timolol,0.3mg/ml + 5mg/ml,Drops,Sun Pharmaceutical Industries Ltd,bottle of 3 ml Eye Drop,678.0,false
Carispec 1.5 Capsule,Cariprazine,1.5mg,Capsule,Sun Pharmaceutical Industries Ltd,strip of 10 capsules,99.0,false
Carispec 3 Capsule,Cariprazine,3mg,Capsule,Sun Pharmaceutical Industries Ltd,strip of 10 capsules,160.0,false
Carispec 4.5 Capsule,Cariprazine,4.5mg,Capsule,Sun Pharmaceutical Industries Ltd,strip of 10 capsules,230.0,false
Carispec 6 Capsule,Cariprazine,6mg,Capsule,Sun Pharmaceutical Industries Ltd,strip of 10 capsules,310.0,false
Carloc 12.5 Tablet,Carvedilol,12.5mg,Tablet,Cipla Ltd,strip of 15 tablets,140.36,true
Carloc 25 Tablet,Carvedilol,25mg,Tablet,Cipla Ltd,strip of 10 tablets,169.03,true
Carloc 3.125 Tablet,Carvedilol,3.125mg,Tablet,Cipla Ltd,strip of 15 tablets,54.89,true
Carloc 6.25 Tablet,Carvedilol,6.25mg,Tablet,Cipla Ltd,strip of 15 tablets,80.76,true
Carloc I 12.5 Tablet,Carvedilol + Ivabradine,12.5mg + 5mg,Tablet,Cipla Ltd,strip of 10 tablets,215.0,true
Carloc I 3.125 Tablet,Carvedilol + Ivabradine,3.125mg + 5mg,Tablet,Cipla Ltd,strip of 10 tablets,195.0,true
Carloc I 6.25 Tablet,Carvedilol + Ivabradine,6.25mg + 5mg,Tablet,Cipla Ltd,strip of 10 tablets,197.0,true
Carnisure 500 Tablet,Levo-carnitine,500mg,Tablet,Torrent Pharmaceuticals Ltd,strip of 10 tablets,368.5,false
Carnisure A 500mg Tablet,Levo-carnitine,500mg,Tablet,Torrent Pharmaceuticals Ltd,strip of 10 tablets,212.0,false
Carnisure Plus Tablet,Levo-carnitine + Methylcobalamin,250mg + 1500mcg,Tablet,Torrent Pharmaceuticals Ltd,strip of 10 tablets,150.45,false
Cartipred 2mg Tablet,Methylprednisolone,2mg,Tablet,East West Pharma,strip of 10 tablets,24.0,true
Carvedil 12.5mg Tablet,Carvedilol,12.5mg,Tablet,Alkem Laboratories Ltd,strip of 10 tablets,26.0,true
Carvedil 25mg Tablet,Carvedilol,25mg,Tablet,Alkem Laboratories Ltd,strip of 10 tablets,45.13,true
Carvil 25mg Tablet,Carvedilol,25mg,Tablet,Zydus Cadila,strip of 10 tablets,71.5,true
Carvistar 12.5 Tablet,Carvedilol,12.5mg,Tablet,Lupin Ltd,strip of 10 tablets,68.9,true
Carvistar 3.125 Tablet,Carvedilol,3.125mg,Tablet,Lupin Ltd,strip of 15 tablets,44.2,true
Carvistar 6.25 Tablet,Carvedilol,6.25mg,Tablet,Lupin Ltd,strip of 15 tablets,63.6,true
Carvistar CR 10mg Tablet,Carvedilol,10mg,Tablet,Lupin Ltd,strip of 10 tablet cr,100.85,true
Carvistar CR 20mg Tablet,Carvedilol,20mg,Tablet,Lupin Ltd,strip of 10 tablet cr,152.9,true
Castor Eye Drop,Ciprofloxacin,,Drops,Leeford Healthcare Ltd,packet of 10 ml Eye Drop,15.45,true
Casxim 200mg Capsule,Cefixime,200mg,Capsule,Casca Remedies Pvt Ltd,strip of 10 capsules,200.0,true
Caverta 25 Tablet,Sildenafil,25mg,Tablet,Sun Pharmaceutical Industries Ltd,strip of 4 tablets,169.0,true
Cavmox Dry Syrup,Amoxycillin + Clavulanic Acid,200mg/5ml + 28.5mg/5ml,Syrup,Leeford Healthcare Ltd,bottle of 30 ml Dry Syrup,57.0,true
Cavmox Kid Tablet DT,Amoxycillin + Clavulanic Acid,200gm + 28.5mg,Tablet,Leeford Healthcare Ltd,strip of 6 tablet dt,30.0,true
Cavmox Kid Tablet DT,Amoxycillin + Clavulanic Acid,200gm + 28.5mg,Tablet,Leeford Healthcare Ltd,strip of 10 tablet dt,135.0,true
CC GO Plus Syrup,Chlorpheniramine Maleate + Paracetamol,2mg + 250mg,Syrup,Intas Pharmaceuticals Ltd,bottle of 60 ml Syrup,43.0,false
CC GO Syrup,Chlorpheniramine Maleate + Dextromethorphan Hydrobromide,4mg/5ml + 10mg/5ml,Syrup,Intas Pharmaceuticals Ltd,bottle of 100 ml Syrup,42.0,false
CC GO Tablet,Chlorpheniramine Maleate + Paracetamol,2mg + 500mg,Tablet,Intas Pharmaceuticals Ltd,strip of 10 tablets,25.5,false
Cdef JR 100mg Drop,Cefpodoxime Proxetil,100mg,Drops,Trends Pharma Pvt Ltd,packet of 10 ml Oral Drops,46.66,true
Ceastra -XL 200 Capsule,Itraconazole,200mg,Tablet,Emcure Pharmaceuticals Ltd,strip of 7 tablet xl,244.95,true
Cedon 50mg Drops,Cefpodoxime Proxetil,50mg,Drops,Blue Cross Laboratories Ltd,packet of 10 ml Oral Drops,95.0,true
Cedro CF 200mg/5ml Dry Syrup,Cefixime,200mg/5ml,Syrup,Rekvina Laboratories Ltd,bottle of 30 ml Dry Syrup,52.2,true
Cef 250mg Tablet,Cefuroxime,250mg,Tablet,Alkem Laboratories Ltd,strip of 10 tablets,86.95,true
Cefaclass 100mg Oral Suspension,Cefixime,100mg,Suspension,Mankind Pharma Ltd,bottle of 30 ml Oral Suspension,72.0,true
Cefadrox 250mg Dry Syrup,Cefadroxil,250mg,Syrup,Aristo Pharmaceuticals Pvt Ltd,bottle of 30 ml Dry Syrup,42.65,true
Cefadur CA 250mg Infusion,Cefuroxime,250mg,Injection,Cipla Ltd,bottle of 100 ml Infusion,51.22,true
Cefakind Dry syrup,Cefuroxime,125mg,Suspension,Mankind Pharma Ltd,bottle of 30 ml Oral Suspension,165.0,true
Cefaprime 1000mg Injection,Cefuroxime,1000mg,Injection,Leeford Healthcare Ltd,vial of 1 Injection,210.0,true
Cefaprime 125mg Oral Suspension,Cefuroxime,125mg,Suspension,Leeford Healthcare Ltd,bottle of 30 ml Oral Suspension,125.0,true
Cefastar 250mg Drop,Cefalexin,250mg,Drops,Mankind Pharma Ltd,packet of 10 ml Drop,41.42,true
Cefbact 250mg Capsule,Cefalexin,250mg,Capsule,Cipla Ltd,strip of 10 capsules,25.5,true
Cefbact 500mg Capsule,Cefalexin,500mg,Capsule,Cipla Ltd,strip of 10 capsules,41.5,true
Cefbact 500mg Injection,Ceftriaxone,500mg,Injection,Cipla Ltd,vial of 1 ml Injection,50.61,true
Cefbact S 1000 mg/500 mg Injection,Ceftriaxone + Sulbactam,1000mg + 500mg,Injection,Cipla Ltd,vial of 10 ml Injection,155.0,true
Cefbact S 250 mg/125 mg Injection,Ceftriaxone + Sulbactam,250mg + 125mg,Injection,Cipla Ltd,vial of 5 ml Injection,47.12,true
Cefbact T 1000mg/125mg Injection,Ceftriaxone + Tazobactum,1000mg + 125mg,Injection,Cipla Ltd,vial of 5 ml Injection,177.5,true
Cefdiel 125mg Tablet,Cefdinir,125mg,Tablet,Sun Pharmaceutical Industries Ltd,strip of 10 tablets,370.0,true
Cefdiel 250mg Syrup,Cefdinir,250mg,Syrup,Sun Pharmaceutical Industries Ltd,bottle of 30 ml Syrup,139.0,true
Cefdiel 250mg Tablet DT,Cefdinir,250mg,Tablet,Sun Pharmaceutical Industries Ltd,strip of 10 tablet dt,199.0,true
Ceff 100mg Drop,Cefalexin,100mg,Drops,Lupin Ltd,packet of 10 ml Drop,94.0,true
Ceff 250mg Capsule,Cefalexin,250mg,Capsule,Lupin Ltd,strip of 10 capsules,100.3,true
Ceff 250mg Tablet DT,Cefalexin,250mg,Tablet,Lupin Ltd,strip of 10 tablet dt,178.2,true
Ceff 500 Capsule,Cefalexin,500mg,Capsule,Lupin Ltd,strip of 10 capsules,205.7,true
Ceff 750mg Tablet ER,Cefalexin,750mg,Tablet,Lupin Ltd,strip of 6 tablet er,256.95,true
Ceff CF 250mg Tablet,Cefalexin,250mg,Tablet,Lupin Ltd,strip of 4 tablets,106.0,true
Ceff Dry Syrup,Cefalexin,125mg,Syrup,Lupin Ltd,bottle of 30 ml Dry Syrup,52.0,true
Ceff Forte Syrup,Cefalexin,250mg/5ml,Syrup,Lupin Ltd,bottle of 60 ml Syrup,184.8,true
Ceff Kid Tablet DT,Cefalexin,125mg,Tablet,Lupin Ltd,strip of 10 tablet dt,90.6,true
Ceff LA 250mg/250mg Tablet,Cefalexin + Probenecid,250mg + 250mg,Tablet,Lupin Ltd,strip of 10 tablets,92.0,true
Ceff LA 500mg/500mg Tablet,Cefalexin + Probenecid,500mg + 500mg,Tablet,Lupin Ltd,strip of 10 tablets,185.63,true
Cefi OZ 200mg/500mg Tablet,Cefixime + Ornidazole,200mg + 500mg,Tablet,Abbott,strip of 10 tablets,180.0,true
Cefi XL 100 Tablet,Cefixime + Cloxacillin,100mg + 500mg,Tablet,Abbott,strip of 10 tablet er,99.0,true
Cefi XL D RF 200 Tablet,Cefixime + Dicloxacillin,200mg + 500mg,Tablet,Abbott,strip of 10 tablets,199.9,true
Ceficad 100mg/62.5mg Tablet XL,Cefixime + Clavulanic Acid,100mg + 62.5mg,Tablet,Cadila Pharmaceuticals Ltd,strip of 6 tablet xl,117.76,true
Ceficad 50mg/125mg Tablet DT,Cefixime + Clavulanic Acid,50mg + 125mg,Tablet,Cadila Pharmaceuticals Ltd,strip of 10 tablet dt,80.0,true
Cefipower 400mg/400mg Tablet,Cefixime + Ofloxacin,400mg + 400mg,Tablet,Torrent Pharmaceuticals Ltd,strip of 10 tablets,180.0,true
Cefit OF Dry Syrup,Cefixime + Ofloxacin,50mg + 50mg,Syrup,Cubit Healthcare,bottle of 30 ml Dry Syrup,67.0,true
Cefitaxe 100mg Syrup,Cefixime,100mg,Syrup,Leeford Healthcare Ltd,bottle of 30 ml Syrup,77.0,true
Cefitaxe CV Dry Syrup,Cefixime + Clavulanic Acid,50mg + 31.25mg,Syrup,Leeford Healthcare Ltd,bottle of 30 ml Dry Syrup,42.0,true
Cefiwok OZ 200 mg/500 mg Tablet,Cefixime + Ornidazole,200mg + 500mg,Tablet,Dr Reddy's Laboratories Ltd,strip of 10 tablets,164.5,true
Cefix 400mg Tablet,Cefixime,400mg,Tablet,Cipla Ltd,strip of 4 tablets,115.57,true
Cefix 50mg Syrup,Cefixime,50mg,Syrup,Cipla Ltd,bottle of 30 ml Syrup,82.5,true
Cefix Dry Syrup Delicious Pineapple,Cefixime,50mg/5ml,Suspension,Cipla Ltd,bottle of 30 ml Oral Suspension,48.61,true
Cefix-DS Suspension,Cefixime,200mg/5ml,Suspension,Cipla Ltd,bottle of 30 ml Suspension,53.84,true
Cefkem 1000mg/500mg Injection,Cefoperazone + Sulbactam,1000mg + 500mg,Injection,Alkem Laboratories Ltd,vial of 1 Injection,467.0,true
Cefkem 500mg Tablet,Cefadroxil,500mg,Tablet,Alkem Laboratories Ltd,strip of 10 tablets,30.0,true
Cefkem Injection,Cefoperazone + Sulbactam,500mg + 500mg,Injection,Alkem Laboratories Ltd,vial of 1 Powder for Injection,250.0,true
Ceflet 125mg/5ml Dry Syrup,Cefuroxime,125mg/5ml,Syrup,Ikon Remedies Pvt Ltd,bottle of 30 ml Dry Syrup,145.0,true
Ceflet CV Dry Syrup,Cefuroxime + Clavulanic Acid,125mg/5ml + 31.25mg/5ml,Syrup,Ikon Remedies Pvt Ltd,bottle of 30 ml Dry Syrup,165.0,true
Ceflox Syrup,Ofloxacin,100mg,Syrup,Maa Formulations Pvt Ltd,bottle of 60 ml Syrup,59.0,true
Cefmac 2000mg Injection,Ceftriaxone,2000mg,Injection,Ikon Remedies Pvt Ltd,vial of 20 ml Injection,134.71,true
Cefo A-Z 100mg/125mg Dry Syrup,Cefixime + Azithromycin,100mg + 125mg,Syrup,Medley Pharmaceuticals,bottle of 30 ml Dry Syrup,44.0,true
Cefo A-Z 100mg/250mg Tablet,Cefixime + Azithromycin,100mg + 250mg,Tablet,Medley Pharmaceuticals,strip of 10 tablets,62.0,true
CEFO A-Z 200MG/500MG TABLET,Cefixime + Azithromycin,200mg + 500mg,Tablet,Medley Pharmaceuticals,strip of 10 tablets,258.0,true
Cefo AZ Kid 100mg/125mg Tablet,Cefixime + Azithromycin,100mg + 125mg,Tablet,Medley Pharmaceuticals,strip of 10 tablets,108.0,true
Cefo L 100mg Tablet DT,Cefixime + Lactobacillus,100mg + 60Million spores,Tablet,Medley Pharmaceuticals,strip of 10 tablet dt,83.6,true
Cefo L 200mg Tablet DT,Cefixime + Lactobacillus,200mg + 60Million spores,Tablet,Medley Pharmaceuticals,strip of 10 tablet dt,114.0,true
Cefo L 50mg Tablet,Cefixime + Lactobacillus,50mg + 60Million spores,Tablet,Medley Pharmaceuticals,strip of 10 tablets,60.0,true
Cefo L Rediuse Dry Syrup,Cefixime + Lactobacillus,50mg + 60Million spores,Syrup,Medley Pharmaceuticals,bottle of 30 ml Dry Syrup,46.0,true
Cefo Plus 50 mg/50 mg Suspension,Cefixime + Ofloxacin,50mg + 50mg,Suspension,Medley Pharmaceuticals,bottle of 30 ml Suspension,43.5,true
Cefoclav 50 Dry Syrup,Cefpodoxime Proxetil + Clavulanic Acid,50mg + 31.25mg,Suspension,Medley Pharmaceuticals,bottle of 30 ml Oral Suspension,85.0,true
Cefoder 50mg Dry Syrup,Cefpodoxime Proxetil,50mg/5ml,Syrup,Elder Pharmaceuticals Ltd,bottle of 30 ml Dry Syrup,70.0,true
Cefolac 100 Oral Suspension,Cefixime,100mg/5ml,Powder,Macleods Pharmaceuticals Pvt Ltd,bottle of 30 ml Powder for Oral Suspension,80.3,true
Cefolac 50mg Oral Suspension,Cefixime,50mg,Suspension,Macleods Pharmaceuticals Pvt Ltd,bottle of 30 ml Oral Suspension,54.12,true
Cefolac CV 100 DT Tablet,Cefixime + Clavulanic Acid,100mg + 62.5mg,Tablet,Macleods Pharmaceuticals Pvt Ltd,strip of 6 tablet dt,92.0,true
Cefolac CV 50mg/31.25mg Tablet DT,Cefixime + Clavulanic Acid,50mg + 31.25mg,Tablet,Macleods Pharmaceuticals Pvt Ltd,strip of 6 tablet dt,37.9,true
Cefolac Drop,Cefixime,25mg,Suspension,Macleods Pharmaceuticals Pvt Ltd,packet of 10 ml Oral Suspension,62.25,true
Cefolac LB 200mg Tablet,Cefixime + Lactobacillus,200mg + 60Million spores,Tablet,Macleods Pharmaceuticals Pvt Ltd,strip of 10 tablets,118.9,true
Cefolac OZ 200 mg/500 mg Tablet,Cefixime + Ornidazole,200mg + 500mg,Tablet,Macleods Pharmaceuticals Pvt Ltd,strip of 10 tablets,176.0,true
Cefolac Powder for Oral Suspension,Cefixime,50mg,Powder,Macleods Pharmaceuticals Pvt Ltd,bottle of 30 ml Powder for Oral Suspension,54.12,true
Cefolac XL 200 Tablet,Cefixime + Cloxacillin,200mg + 500mg,Tablet,Macleods Pharmaceuticals Pvt Ltd,strip of 10 tablet sr,218.0,true
Cefolac-AZ Tablet,Cefixime + Azithromycin,200mg + 500mg,Tablet,Macleods Pharmaceuticals Pvt Ltd,strip of 6 tablets,137.9,true
Cefolac-O 100mg/100mg Tablet DT,Cefixime + Ofloxacin,100mg + 100mg,Tablet,Macleods Pharmaceuticals Pvt Ltd,strip of 10 tablet dt,135.0,true
Cefolac-O 50mg/50mg Dry Syrup,Cefixime + Ofloxacin,50mg + 50mg,Syrup,Macleods Pharmaceuticals Pvt Ltd,bottle of 30 ml Dry Syrup,44.02,true
Cefolin Tablet,Cefixime,,Tablet,Stallion Laboratories Pvt Ltd,strip of 10 tablets,135.0,true
Cefoprox 100mg Dry Syrup,Cefpodoxime Proxetil,100mg/5ml,Suspension,Cipla Ltd,bottle of 30 ml Oral Suspension,206.09,true
Cefoprox 100mg Tablet DT,Cefpodoxime Proxetil,100mg,Tablet,Cipla Ltd,strip of 6 tablet dt,130.0,true
Cefoprox 100mg Tablet DT,Cefpodoxime Proxetil,100mg,Tablet,Cipla Ltd,strip of 10 tablet dt,161.41,true
Cefoprox 100mg/5ml Dry Syrup,Cefpodoxime Proxetil,100mg/5ml,Syrup,Cipla Ltd,bottle of 30 ml Dry Syrup,128.0,true
Cefoprox 200 Tablet,Cefpodoxime Proxetil,200mg,Tablet,Cipla Ltd,strip of 10 tablets,210.08,true
Cefoprox 50mg Dry Syrup,Cefpodoxime Proxetil,50mg/5ml,Suspension,Cipla Ltd,bottle of 30 ml Oral Suspension,110.71,true
Cefoprox 50mg Dry Syrup,Cefpodoxime Proxetil,50mg/5ml,Suspension,Cipla Ltd,bottle of 60 ml Oral Suspension,87.15,true
Cefoprox CV 100mg/62.5mg Dry Syrup Mango,Cefpodoxime Proxetil + Clavulanic Acid,100mg + 62.5mg,Syrup,Cipla Ltd,bottle of 30 ml Dry Syrup,137.5,true
Cefoprox CV 325 Tablet,Cefpodoxime Proxetil + Clavulanic Acid,200mg + 125mg,Tablet,Cipla Ltd,strip of 10 tablets,349.38,true
Cefoprox CV Dry Syrup Mango,Cefpodoxime Proxetil + Clavulanic Acid,50mg + 31.25mg,Syrup,Cipla Ltd,bottle of 30 ml Dry Syrup,88.7,true
Cefoprox XP 250mg/31.25mg Injection,Ceftriaxone + Tazobactum,250mg + 31.25mg,Injection,Cipla Ltd,vial of 1 Injection,57.0,true
Cefoprox XP 500 mg/62.5 mg Injection,Ceftriaxone + Tazobactum,500mg + 62.5mg,Injection,Cipla Ltd,vial of 20 ml Injection,96.5,true
Cefoxid 100mg Drop,Cefadroxil,100mg,Drops,Alkem Laboratories Ltd,packet of 10 ml Drop,20.33,true
Cefoxid 125mg Syrup,Cefadroxil,125mg,Syrup,Alkem Laboratories Ltd,bottle of 30 ml Syrup,117.4,true
Cefoxid 500mg Tablet DT,Cefadroxil,500mg,Tablet,Alkem Laboratories Ltd,strip of 6 tablet dt,22.89,true
Cefoxim 1000mg Injection,Cefuroxime,1000mg,Injection,Biochem Pharmaceutical Industries,vial of 1 Injection,174.5,true
Cefpoglen Forte 100mg Dry Syrup,Cefpodoxime Proxetil,100mg,Syrup,Glenmark Pharmaceuticals Ltd,bottle of 30 ml Dry Syrup,110.0,true
Cefredrox 100mg Syrup,Cefpodoxime Proxetil,100mg,Syrup,Leeford Healthcare Ltd,bottle of 30 ml Syrup,130.0,true
Cefredrox CV Duo Dry Syrup,Cefpodoxime Proxetil + Clavulanic Acid,100mg + 62.5mg,Syrup,Leeford Healthcare Ltd,bottle of 30 ml Dry Syrup,150.0,true
Cefredrox-CV Oral Suspension,Cefpodoxime Proxetil + Clavulanic Acid,50mg + 31.25mg,Suspension,Leeford Healthcare Ltd,bottle of 30 ml Oral Suspension,96.25,true
Cefrine 300mg Capsule,Cefdinir,300mg,Capsule,Macleods Pharmaceuticals Pvt Ltd,strip of 10 capsules,304.0,true
Cefrine Capsule,Cefdinir,300mg,Capsule,Macleods Pharmaceuticals Pvt Ltd,strip of 4 capsules,101.0,true
Cefrine Oral Suspension,Cefdinir,125mg/5ml,Suspension,Macleods Pharmaceuticals Pvt Ltd,bottle of 30 ml Oral Suspension,111.0,true
Cefrotux 500mg Capsule,Cefuroxime,500mg,Capsule,Cadila Pharmaceuticals Ltd,strip of 4 capsules,313.0,true
Cefstrong 50mg Oral Suspension,Cefpodoxime Proxetil,50mg,Suspension,Cipla Ltd,bottle of 30 ml Oral Suspension,60.0,true
Ceftaclav Tablet,Cefixime + Clavulanic Acid,100mg + 30mg,Tablet,Intas Pharmaceuticals Ltd,strip of 4 tablets,78.56,true
Ceftas 100mg Tablet,Cefixime,100mg,Tablet,Intas Pharmaceuticals Ltd,strip of 10 tablets,75.5,true
Ceftas 100mg/5ml Suspension,Cefixime,100mg/5ml,Suspension,Intas Pharmaceuticals Ltd,bottle of 15 ml Suspension,111.87,true
Ceftas 200 Tablet,Cefixime,200mg,Tablet,Intas Pharmaceuticals Ltd,strip of 10 tablets,92.84,true
Ceftas 400 Tablet DT,Cefixime,400mg,Tablet,Intas Pharmaceuticals Ltd,strip of 10 tablet dt,266.0,true
Ceftas 50mg Dry Syrup,Cefixime,50mg,Syrup,Intas Pharmaceuticals Ltd,bottle of 30 ml Dry Syrup,47.7,true
Ceftas AL 100 mg/30 mg/40 Millioncells Tablet,Cefixime + Ambroxol,100mg + 30mg,Tablet,Intas Pharmaceuticals Ltd,strip of 6 tablets,54.76,true
Ceftas AL 200mg/60mg/40 Millioncells Tablet,Cefixime + Ambroxol,200mg + 60mg,Tablet,Intas Pharmaceuticals Ltd,strip of 6 tablets,110.15,true
Ceftas AZ 250 Tablet,Cefixime + Azithromycin,200mg + 250mg,Tablet,Intas Pharmaceuticals Ltd,strip of 10 tablets,238.0,true
Ceftas CL 200 mg Tablet,Cefixime + Cloxacillin,200mg + 500mg,Tablet,Intas Pharmaceuticals Ltd,strip of 10 tablets,192.0,true
Ceftas CV 100 mg/62.5 mg Tablet,Cefixime + Clavulanic Acid,100mg + 62.5mg,Tablet,Intas Pharmaceuticals Ltd,strip of 10 tablets,117.0,true
Ceftas CV 200 mg/125 mg Tablet,Cefixime + Clavulanic Acid,200mg + 125mg,Tablet,Intas Pharmaceuticals Ltd,strip of 10 tablets,289.0,true
Ceftas LB Tablet,Cefixime + Lactobacillus,50mg + 20Million spores,Tablet,Intas Pharmaceuticals Ltd,strip of 10 tablets,54.86,true
Ceftas O DS 400mg/400mg Tablet,Cefixime + Ofloxacin,400mg + 400mg,Tablet,Intas Pharmaceuticals Ltd,strip of 10 tablets,310.0,true
Ceftas O Tablet,Cefixime + Ofloxacin,200mg + 200mg,Tablet,Intas Pharmaceuticals Ltd,strip of 10 tablets,173.0,true
Ceftop 250 mg/250 mg Injection,Cefoperazone + Sulbactam,250mg + 250mg,Injection,Sun Pharmaceutical Industries Ltd,vial of 1 Injection,117.91,true
Ceftop 500mg Capsule,Cefalexin,500mg,Capsule,Sun Pharmaceutical Industries Ltd,strip of 10 capsules,68.32,true
Cefwin 125mg/5ml Dry Syrup,Cefadroxil,125mg/5ml,Syrup,Ikon Remedies Pvt Ltd,bottle of 30 ml Dry Syrup,19.32,true
Cefwin 250mg/5ml Dry Syrup,Cefadroxil,250mg/5ml,Syrup,Ikon Remedies Pvt Ltd,bottle of 30 ml Dry Syrup,28.72,true
Cefwin-P 100mg Oral Drops,Cefadroxil,100mg,Drops,Ikon Remedies Pvt Ltd,bottle of 10 ml Oral Drops,19.95,true
Cefxi O 200 mg/2.5 Billioncells Tablet,Cefixime + Lactobacillus,200mg + 2.5billioncells,Tablet,Medley Pharmaceuticals,strip of 10 tablets,127.0,true
Cefxi O Dry Syrup,Cefixime + Lactobacillus,50mg + 60Million spores,Syrup,Medley Pharmaceuticals,bottle of 30 ml Dry Syrup,45.0,true
Cefxi O Tablet DT,Cefixime + Lactobacillus,100mg + 25Million spores,Tablet,Medley Pharmaceuticals,strip of 10 tablet dt,75.0,true
Cefxi O Tablet DT,Cefixime + Lactobacillus,50mg + 25Million spores,Tablet,Medley Pharmaceuticals,strip of 10 tablet dt,48.0,true
Cefxi O Tablet DT,Cefixime + Lactobacillus,200mg + 25Million spores,Tablet,Medley Pharmaceuticals,strip of 10 tablet dt,122.5,true
Cefzime 15gm Dry Syrup,Cefuroxime,15gm,Syrup,Zee Laboratories,bottle of 30 ml Dry Syrup,250.88,true
Cefzone 1000mg Injection,Ceftriaxone,1000mg,Injection,Intas Pharmaceuticals Ltd,vial of 10 ml Injection,92.28,true
Cefzone S 500 mg/250 mg Injection,Ceftriaxone + Sulbactam,500mg + 250mg,Injection,Zydus Cadila,vial of 1 Injection,81.25,true
Cefzone XP 1000mg/125mg Injection,Ceftriaxone + Tazobactum,1000mg + 125mg,Injection,Intas Pharmaceuticals Ltd,vial of 1 Injection,271.0,true
CEHAM 1000MG INJECTION,Citicoline,250mg/ml,Injection,Alkem Laboratories Ltd,vial of 4 ml Injection,235.0,true
Ceham 250mg Injection,Citicoline,250mg,Injection,Alkem Laboratories Ltd,vial of 4 ml Injection,224.0,true
Ceham 500 Tablet,Citicoline,500mg,Tablet,Alkem Laboratories Ltd,strip of 10 tablets,715.0,false
Ceham 500mg Injection,Citicoline,500mg,Injection,Alkem Laboratories Ltd,vial of 2 ml Injection,122.0,true
Ceham M 500 mg/750 mcg Tablet,Citicoline + Methylcobalamin,500mg + 750mcg,Tablet,Alkem Laboratories Ltd,strip of 10 tablets,440.63,false
Ceham Syrup Sugar Free,Citicoline,500mg,Syrup,Alkem Laboratories Ltd,bottle of 60 ml Syrup,800.0,false
Ceham-P Tablet,Citicoline + Piracetam,500mg + 800mg,Tablet,Alkem Laboratories Ltd,strip of 10 tablets,795.0,true
Cekoda 100mg Oral Suspension,Cefpodoxime Proxetil,100mg,Suspension,Leeford Healthcare Ltd,bottle of 30 ml Oral Suspension,130.0,true
Cekoda CV Oral Suspension,Cefpodoxime Proxetil + Clavulanic Acid,50mg + 31.25mg,Suspension,Leeford Healthcare Ltd,bottle of 30 ml Oral Suspension,110.0,true
Celetoin 100 Tablet,Phenytoin,100mg,Tablet,Intas Pharmaceuticals Ltd,bottle of 100 tablets,193.76,true
Celetoin 300mg Tablet,Phenytoin,300mg,Tablet,Intas Pharmaceuticals Ltd,strip of 30 tablets,177.07,true
Celetoin ER 300 Tablet,Phenytoin,300mg,Tablet,Intas Pharmaceuticals Ltd,packet of 30 tablet er,182.34,true
Celonac Plus 100mg/650mg Tablet,Aceclofenac + Paracetamol,100mg + 650mg,Tablet,Embiotic Laboratories Pvt Ltd,strip of 10 tablets,49.5,false
Cephadex 125 Tablet DT,Cefalexin,125mg,Tablet,Cipla Ltd,strip of 10 tablet dt,53.0,true
Cephadex 125mg Syrup,Cefalexin,125mg,Syrup,Cipla Ltd,bottle of 30 ml Syrup,31.63,true
Cephadex 250 Capsule,Cefalexin,250mg,Capsule,Cipla Ltd,strip of 10 capsules,78.65,true
Cephadex 250 Tablet DT,Cefalexin,250mg,Tablet,Cipla Ltd,strip of 10 tablet dt,147.62,true
Cephadex 500mg Syrup,Cefalexin,500mg,Syrup,Cipla Ltd,bottle of 30 ml Syrup,30.77,true
Cephalkem 125mg Drop,Cefalexin,125mg,Drops,Alkem Laboratories Ltd,packet of 10 ml Drop,24.75,true
Cephy Dry Syrup Orange & Peppermint,Cefalexin,125mg,Suspension,Leeford Healthcare Ltd,bottle of 30 ml Oral Suspension,32.9,true
Cepime O CV Dry Syrup,Cefpodoxime Proxetil + Clavulanic Acid,100mg + 62.5mg,Syrup,Alembic Pharmaceuticals Ltd,bottle of 30 ml Dry Syrup,69.32,true
Cepocef CV 200mg/125mg Dry Syrup,Cefpodoxime Proxetil + Clavulanic Acid,200mg + 125mg,Syrup,Intas Pharmaceuticals Ltd,bottle of 30 ml Dry Syrup,58.82,true
Cepodem 100 Dry Suspension,Cefpodoxime Proxetil,100mg/5ml,Suspension,Sun Pharmaceutical Industries Ltd,bottle of 30 ml Oral Suspension,189.0,true
Cepodem 100 Tablet,Cefpodoxime Proxetil,100mg,Tablet,Sun Pharmaceutical Industries Ltd,strip of 10 tablets,153.5,true
Cepodem 100mg/5ml DS Suspension,Cefpodoxime Proxetil,100mg/5ml,Suspension,Sun Pharmaceutical Industries Ltd,bottle of 30 ml Suspension,189.0,true
Cepodem 200 Tablet,Cefpodoxime Proxetil,200mg,Tablet,Sun Pharmaceutical Industries Ltd,strip of 10 tablets,189.0,true
Cepodem 50 Dry Suspension,Cefpodoxime Proxetil,50mg,Suspension,Sun Pharmaceutical Industries Ltd,bottle of 30 ml Oral Suspension,96.0,true
Cepodem 50mg/5ml Syrup,Cefpodoxime Proxetil,50mg/5ml,Syrup,Sun Pharmaceutical Industries Ltd,bottle of 30 ml Syrup,96.0,true
Cepodem AZ Tablet,Cefpodoxime Proxetil + Azithromycin,200mg + 250mg,Tablet,Sun Pharmaceutical Industries Ltd,strip of 10 tablets,203.0,true
Cepodem Drops Dry Suspension Orange,Cefpodoxime Proxetil,25mg,Suspension,Sun Pharmaceutical Industries Ltd,bottle of 10 ml Oral Suspension,78.0,true
Cepodem DT 100mg Tablet,Cefpodoxime Proxetil,100mg,Tablet,Sun Pharmaceutical Industries Ltd,strip of 10 tablet dt,158.0,true
Cepodem DT 50mg Tablet,Cefpodoxime Proxetil,50mg,Tablet,Sun Pharmaceutical Industries Ltd,strip of 10 tablet dt,112.0,true
Cepodem OD Tablet SR,Cefpodoxime Proxetil,400mg,Tablet,Sun Pharmaceutical Industries Ltd,strip of 5 tablet sr,163.5,true
Cepodem Oral Drops,Cefpodoxime Proxetil,50mg,Drops,Sun Pharmaceutical Industries Ltd,packet of 10 ml Oral Drops,85.5,true
Cepodem XP 100 Dry Suspention,Cefpodoxime Proxetil + Clavulanic Acid,100mg + 62.5mg,Suspension,Sun Pharmaceutical Industries Ltd,bottle of 30 ml Oral Suspension,182.0,true
Cepodem XP 325 Tablet,Cefpodoxime Proxetil + Clavulanic Acid,200mg + 125mg,Tablet,Sun Pharmaceutical Industries Ltd,strip of 10 tablets,364.0,true
Cepodem XP 50 Dry Suspension,Cefpodoxime Proxetil + Clavulanic Acid,50mg + 31.25mg,Suspension,Sun Pharmaceutical Industries Ltd,bottle of 30 ml Oral Suspension,110.0,true
Cepodem XP 500mg/125mg Tablet,Cefpodoxime Proxetil + Clavulanic Acid,500mg + 125mg,Tablet,Sun Pharmaceutical Industries Ltd,strip of 6 tablets,294.5,true
Cepodem XP DT 100 Tablet,Cefpodoxime Proxetil + Clavulanic Acid,100mg + 62.5mg,Tablet,Sun Pharmaceutical Industries Ltd,strip of 10 tablet dt,207.13,true
Cepodem-O Tablet,Cefpodoxime Proxetil + Ofloxacin,200mg + 200mg,Tablet,Sun Pharmaceutical Industries Ltd,strip of 10 tablets,210.0,true
Cerecetam 400 Tablet,Piracetam,400mg,Tablet,Intas Pharmaceuticals Ltd,strip of 10 tablets,71.5,true
Cerecetam 800 Tablet,Piracetam,800mg,Tablet,Intas Pharmaceuticals Ltd,strip of 10 tablets,167.0,true
Cerecetam Syrup,Piracetam,500mg/5ml,Syrup,Intas Pharmaceuticals Ltd,bottle of 100 ml Syrup,262.0,true
Ceriz 5mg Syrup,Cetirizine,5mg/ml,Syrup,Alkem Laboratories Ltd,bottle of 60 ml Syrup,43.68,false
Cerom 125mg Dry Syrup,Cefuroxime,125mg,Syrup,Abbott,bottle of 30 ml Dry Syrup,160.85,true
Cerom 1500mg Injection,Cefuroxime,1500mg,Injection,Abbott,vial of 1 Injection,350.0,true
Cerom CV 250mg Tablet,Cefuroxime + Clavulanic Acid,250mg + 125mg,Tablet,Abbott,strip of 6 tablets,176.99,true
Ceroxim 250mg Tablet,Cefuroxime,250mg,Tablet,Sun Pharmaceutical Industries Ltd,strip of 10 tablets,257.0,true
Ceroxim 500mg Tablet,Cefuroxime,500mg,Tablet,Sun Pharmaceutical Industries Ltd,strip of 10 tablets,460.0,true
Ceroxim I 1.5gm Injection,Cefuroxime,1.5gm,Injection,Sun Pharmaceutical Industries Ltd,vial of 1 Injection,287.0,true
Ceroxim I 750mg Injection,Cefuroxime,750mg,Injection,Sun Pharmaceutical Industries Ltd,vial of 1 Injection,155.0,true
Ceroxim XP 250 mg/125 mg Tablet,Cefuroxime + Clavulanic Acid,250mg + 125mg,Tablet,Sun Pharmaceutical Industries Ltd,strip of 10 tablets,268.0,true
Ceroxim XP 625mg Tablet,Cefuroxime + Clavulanic Acid,500mg + 125mg,Tablet,Sun Pharmaceutical Industries Ltd,strip of 6 tablets,489.0,true
Ceroxitum 1500mg Injection,Cefuroxime,1500mg,Injection,Intas Pharmaceuticals Ltd,vial of 1 Injection,459.0,true
Ceroxitum 500 Tablet,Cefuroxime,500mg,Tablet,Intas Pharmaceuticals Ltd,strip of 4 tablets,478.0,true
Ceroxitum CV Tablet,Cefuroxime + Clavulanic Acid,500mg + 125mg,Tablet,Intas Pharmaceuticals Ltd,strip of 6 tablets,157.5,true
Ceruvin A Capsule,Aspirin + Clopidogrel,75mg + 75mg,Capsule,Sun Pharmaceutical Industries Ltd,strip of 15 capsules,88.0,true
Ceruvin AF Capsule,Aspirin + Clopidogrel,150mg + 75mg,Capsule,Sun Pharmaceutical Industries Ltd,strip of 15 capsules,89.0,true
Cerzin Cold Tablet,Paracetamol + Phenylpropanolamine,,Tablet,Sun Pharmaceutical Industries Ltd,strip of 10 tablets,23.1,false
Cerzin L 2.5mg/5ml Syrup,Levocetirizine,2.5mg/5ml,Syrup,Sun Pharmaceutical Industries Ltd,bottle of 30 ml Syrup,11.85,false
Cetanil T 20 Tablet,Cilnidipine + Telmisartan,20mg + 40mg,Tablet,Alembic Pharmaceuticals Ltd,strip of 10 tablets,164.1,true
Cetanil T 80 Tablet,Cilnidipine + Telmisartan,10mg + 80mg,Tablet,Alembic Pharmaceuticals Ltd,strip of 10 tablets,181.1,true
Cetcip 10mg Capsule,Cetirizine,10mg,Capsule,Cipla Ltd,strip of 10 capsules,20.49,false
Cetcip Cold 5mg Tablet,Cetirizine,5mg,Tablet,Cipla Ltd,strip of 10 tablets,9.46,false
Cetfast Cold Oral Suspension,Cetirizine + Paracetamol,2.5mg/5ml + 125mg/5ml,Suspension,Elder Pharmaceuticals Ltd,bottle of 60 ml Oral Suspension,32.0,false
Cetfast Cold Tablet,Paracetamol + Phenylpropanolamine,500mg + 25mg,Tablet,Elder Pharmaceuticals Ltd,strip of 10 tablets,26.0,false
Cetfast M Oral Suspension,Levocetirizine + Montelukast,5mg + 10mg,Suspension,Omni Lifesciences Pvt Ltd,bottle of 60 ml Oral Suspension,74.0,true
Cetfast P Plus Tablet,Ambroxol + Levocetirizine,60mg + 2.5mg,Tablet,Elder Pharmaceuticals Ltd,strip of 10 tablets,55.0,false
Ceticad D Tablet,Cetirizine + Pseudoephedrine,10mg,Tablet,Zydus Cadila,strip of 10 tablets,31.25,false
Ceticad Plus Active Oral Suspension,Cetirizine + Paracetamol,2.5mg/5ml + 125mg/5ml,Suspension,Zydus Cadila,bottle of 60 ml Oral Suspension,24.25,false
Ceticad Plus Tablet,Cetirizine,,Tablet,Zydus Cadila,strip of 10 tablets,5.75,false
Cetil 1.5gm Injection,Cefuroxime,1.5gm,Injection,Lupin Ltd,vial of 10 ml Injection,324.45,true
Cetil 125mg Dry Syrup,Cefuroxime,125mg,Syrup,Lupin Ltd,bottle of 60 ml Dry Syrup,306.75,true
Cetil 125mg Tablet,Cefuroxime,125mg,Tablet,Lupin Ltd,strip of 10 tablets,133.0,true
Cetil 125mg Tablet,Cefuroxime,125mg,Tablet,Lupin Ltd,strip of 4 tablets,57.2,true
Cetil 250 Tablet,Cefuroxime,250mg,Tablet,Lupin Ltd,strip of 10 tablets,544.85,true
Cetil 250mg Injection,Cefuroxime,250mg,Injection,Lupin Ltd,vial of 1 Injection,74.9,true
Cetil 500 Tablet,Cefuroxime,500mg,Tablet,Lupin Ltd,strip of 10 tablets,1010.0,true
Cetil 750mg Injection,Cefuroxime,750mg,Injection,Lupin Ltd,vial of 1 Injection,167.1,true
Cetil Dry Syrup,Cefuroxime,125mg,Syrup,Lupin Ltd,bottle of 50 ml Dry Syrup,306.75,true
Cetil Dry Syrup,Cefuroxime,125mg,Syrup,Lupin Ltd,bottle of 30 ml Dry Syrup,231.0,true
Cetil-CV 250 Tablet,Cefuroxime + Clavulanic Acid,250mg + 125mg,Tablet,Lupin Ltd,strip of 10 tablets,511.7,true
Cetil-CV 500 Tablet,Cefuroxime + Clavulanic Acid,500mg + 125mg,Tablet,Lupin Ltd,strip of 10 tablets,1041.6,true
Cetimax 5mg Syrup,Levocetirizine,5mg,Syrup,Zydus Cadila,bottle of 30 ml Syrup,12.5,false
Cetiriz D 5 mg/120 mg Tablet,Cetirizine + Pseudoephedrine,5mg + 120mg,Tablet,Alkem Laboratories Ltd,strip of 10 tablets,19.62,false
Cetiriz G Syrup,Cetirizine,10mg,Syrup,Alkem Laboratories Ltd,bottle of 30 ml Syrup,17.1,false
Cetral 10mg Syrup,Cetirizine,10mg,Syrup,Alembic Pharmaceuticals Ltd,bottle of 30 ml Syrup,9.62,false
Cetrezol 5mg Tablet,Cetirizine,5mg,Tablet,East West Pharma,strip of 10 tablets,13.8,false
Cetriver AM Syrup,Levocetirizine + Ambroxol,5mg + 30mg,Syrup,Leeford Healthcare Ltd,bottle of 60 ml Syrup,65.0,false
Cetriz Syrup,Cetirizine,,Syrup,Alkem Laboratories Ltd,bottle of 30 ml Syrup,39.64,false
Cetsafe-M Tablet,Levocetirizine + Montelukast,,Tablet,Coxswain Healthcare,strip of 10 tablets,125.0,true
Cetzine Cold Tablet,Caffeine + Diphenhydramine,30mg + 25mg,Tablet,Dr Reddy's Laboratories Ltd,strip of 10 tablets,35.95,false
Cetzine Oral Drops,Cetirizine,10mg,Drops,Dr Reddy's Laboratories Ltd,bottle of 10 ml Oral Drops,74.25,false
Cetzine Syrup,Cetirizine,5mg/5ml,Syrup,Dr Reddy's Laboratories Ltd,bottle of 60 ml Syrup,43.68,false
Cetzine Tablet,Cetirizine,10mg,Tablet,Dr Reddy's Laboratories Ltd,strip of 15 tablets,30.66,false
Channel -SR 120 Tablet,Diltiazem,120mg,Tablet,Micro Labs Ltd,strip of 10 tablet sr,116.0,true
Channel 20mg Tablet,Diltiazem,20mg,Tablet,Micro Labs Ltd,strip of 10 tablets,94.86,true
Channel 30 Tablet MR,Diltiazem,30mg,Tablet,Micro Labs Ltd,strip of 10 tablet mr,26.88,true
Channel 60mg Tablet,Diltiazem,60mg,Tablet,Micro Labs Ltd,strip of 10 tablets,54.88,true
Channel-SR 90 Tablet,Diltiazem,90mg,Tablet,Micro Labs Ltd,strip of 10 tablet sr,116.03,true
Chericof 12 Oral Suspension Cherry,Chlorpheniramine Maleate + Dextromethorphan Hydrobromide,4mg/5ml + 30mg/5ml,Suspension,Sun Pharmaceutical Industries Ltd,bottle of 60 ml Oral Suspension,98.0,false
Chericof Junior Syrup,Phenylephrine + Chlorpheniramine Maleate,2.5mg/5ml + 1mg/5ml,Syrup,Sun Pharmaceutical Industries Ltd,bottle of 60 ml Syrup,75.0,false
Chericof Syrup,Phenylephrine + Chlorpheniramine Maleate,5mg/5ml + 2mg/5ml,Syrup,Sun Pharmaceutical Industries Ltd,bottle of 60 ml Syrup,70.0,false
Chericof Syrup,Phenylephrine + Chlorpheniramine Maleate,5mg/5ml + 2mg/5ml,Syrup,Sun Pharmaceutical Industries Ltd,bottle of 100 ml Syrup,118.0,false
Chericof X Syrup,Phenylpropanolamine + Chlorpheniramine Maleate,,Syrup,Sun Pharmaceutical Industries Ltd,bottle of 60 ml Syrup,43.75,false
Chericof-LS Junior Syrup,Ambroxol + Levosalbutamol,15mg/5ml + 0.5mg/5ml,Syrup,Sun Pharmaceutical Industries Ltd,bottle of 60 ml Syrup,79.0,true
Chericof-LS Syrup,Ambroxol + Levosalbutamol,30mg/5ml + 1mg/5ml,Syrup,Sun Pharmaceutical Industries Ltd,bottle of 100 ml Syrup,98.0,true
Chericof-SF Syrup Sugar Free,Phenylephrine + Chlorpheniramine Maleate,5mg + 2mg,Syrup,Sun Pharmaceutical Industries Ltd,bottle of 100 ml Syrup,108.0,false
Cheston Cold and Flu Tablet,Caffeine + Cetirizine,25mg + 5mg,Tablet,Cipla Ltd,strip of 10 tablets,58.0,false
Cheston Cold DS Syrup Tangy & Sweet Orange Flavour,Cetirizine + Paracetamol,,Syrup,Cipla Ltd,bottle of 60 ml Syrup,79.5,false
Cheston Cold Suspension,Cetirizine + Paracetamol,2mg/5ml + 125mg/5ml,Suspension,Cipla Ltd,bottle of 60 ml Oral Suspension,48.4,false
Cheston Cold Tablet,Cetirizine + Paracetamol,5mg + 325mg,Tablet,Cipla Ltd,strip of 20 tablets,62.5,false
Cheston Cold Tablet,Cetirizine + Paracetamol,5mg + 325mg,Tablet,Cipla Ltd,strip of 10 tablets,46.75,false
Cheston Cold Total Tablet,Ambroxol + Levocetirizine,30mg + 5mg,Tablet,Cipla Ltd,strip of 10 tablets,80.0,false
Cheston D Plus 5mg/2mg/10mg Tablet DT,Phenylephrine + Chlorpheniramine Maleate,5mg + 2mg,Tablet,Cipla Ltd,strip of 10 tablet dt,46.2,false
Cheston D Syrup Sugar Free,Chlorpheniramine Maleate + Dextromethorphan Hydrobromide,4mg/5ml + 10mg/5ml,Syrup,Cipla Ltd,bottle of 100 ml Syrup,92.4,false
Cheston DX Syrup,Phenylephrine + Chlorpheniramine Maleate,5mg/5ml + 2mg/5ml,Syrup,Cipla Ltd,bottle of 100 ml Syrup,101.0,false
Cheston DX Syrup Pineapple & Raspberry,Chlorpheniramine Maleate + Dextromethorphan Hydrobromide,2mg + 10mg,Syrup,Cipla Ltd,bottle of 100 ml Syrup,101.0,false
Cheston Expectorant Raspberry Sugar Free,Bromhexine + Guaifenesin,4mg + 50mg,Syrup,Cipla Ltd,bottle of 100 ml Syrup,69.85,false
Cheston LS Junior Syrup,Levosalbutamol + Ambroxol,0.5mg/5ml + 15mg/5ml,Syrup,Cipla Ltd,bottle of 60 ml Syrup,51.9,true
Cheston LS Syrup,Levosalbutamol + Ambroxol,1mg + 30mg,Syrup,Cipla Ltd,bottle of 100 ml Syrup,104.67,true
Cheston LS Syrup Sugar Free,Levosalbutamol + Ambroxol,1mg + 30mg,Syrup,Cipla Ltd,bottle of 100 ml Syrup,95.16,true
Cheston Plus Expectorant Green Apple Sugar Free,Ambroxol + Guaifenesin,15mg/5ml + 50mg/5ml,Syrup,Cipla Ltd,bottle of 100 ml Syrup,76.0,false
Chloraxin 125mg/5ml Suspension,Chloramphenicol,125mg/5ml,Suspension,Cipla Ltd,bottle of 60 ml Suspension,18.75,false
Chloraxin 250mg Capsule,Chloramphenicol,250mg,Capsule,Cipla Ltd,strip of 10 capsules,31.2,false
Chloraxin 500mg Capsule,Chloramphenicol,500mg,Capsule,Cipla Ltd,strip of 6 capsules,50.0,false
Chlorpromazine 100mg Tablet,Chlorpromazine,100mg,Tablet,Sun Pharmaceutical Industries Ltd,strip of 10 tablets,11.25,false
Chlorpromazine 50mg Tablet,Chlorpromazine,50mg,Tablet,Sun Pharmaceutical Industries Ltd,strip of 10 tablets,9.79,false
Chupp A Syrup,Guaifenesin + Ambroxol,50mg + 15mg,Syrup,Abbott,bottle of 60 ml Syrup,17.5,false
CHUPP C 4MG/10MG SYRUP,Chlorpheniramine Maleate + Codeine,4mg + 10mg,Syrup,Abbott,bottle of 100 ml Syrup,34.5,true
Chupp D Soft Gelatin Capsule,Guaifenesin + Dextromethorphan Hydrobromide,10mg + 2mg,Capsule,Abbott,strip of 10 soft gelatin capsules,13.12,false
Chupp D Syrup,Guaifenesin + Dextromethorphan Hydrobromide,2.5mg + 5mg,Syrup,Abbott,bottle of 60 ml Syrup,16.75,false
Chupp Soft Gelatin Capsule,Guaifenesin + Terbutaline,450mg + 8mg,Capsule,Abbott,strip of 10 soft gelatin capsules,30.77,false
Chupp Tablet,Guaifenesin + Terbutaline,,Tablet,Abbott,strip of 10 tablets,32.5,false
Chymomerg D Tablet,Trypsin + Bromelain,45mg + 90mg,Tablet,Leeford Healthcare Ltd,strip of 10 tablets,170.0,false
Chymomerg Forte Tablet,Bromelain + Trypsin,180mg + 96mg,Tablet,Leeford Healthcare Ltd,strip of 10 tablets,350.0,false
Chymomerg Tablet,Bromelain + Trypsin,90mg + 48mg,Tablet,Leeford Healthcare Ltd,strip of 10 tablets,165.0,false
Chymoral Forte Tablet,Trypsin Chymotrypsin,100000AU,Tablet,Torrent Pharmaceuticals Ltd,strip of 20 tablets,423.4,false
Chymoral Forte-DS Tablet,Trypsin Chymotrypsin,200000AU,Tablet,Torrent Pharmaceuticals Ltd,strip of 10 tablets,422.0,false
Chymoral Plus Tablet,Diclofenac + Trypsin Chymotrypsin,50mg + 50000IU,Tablet,Torrent Pharmaceuticals Ltd,strip of 15 tablets,198.0,false
Chymoral-BR Tablet,Bromelain + Rutoside,90mg + 100mg,Tablet,Torrent Pharmaceuticals Ltd,strip of 10 tablets,272.3,false
Cialis 10mg Tablet,Tadalafil,10mg,Tablet,Lupin Ltd,strip of 2 tablets,1096.0,true
Cialis 10mg Tablet,Tadalafil,10mg,Tablet,Lupin Ltd,strip of 4 tablets,2192.0,true
Cialis 20mg Tablet,Tadalafil,20mg,Tablet,Lupin Ltd,strip of 1 Tablet,548.0,true
Cifadin Clv Tablet,Cefixime + Clavulanic Acid,,Tablet,Alembic Pharmaceuticals Ltd,strip of 10 tablets,1500.0,true
Cifran 100 Tablet,Ciprofloxacin,100mg,Tablet,Sun Pharmaceutical Industries Ltd,strip of 10 tablets,25.2,true
Cifran 250 Tablet,Ciprofloxacin,250mg,Tablet,Sun Pharmaceutical Industries Ltd,strip of 10 tablets,25.75,true
Cifran 500 Tablet,Ciprofloxacin,500mg,Tablet,Sun Pharmaceutical Industries Ltd,strip of 10 tablets,45.3,true
Cifran 750 Tablet,Ciprofloxacin,750mg,Tablet,Sun Pharmaceutical Industries Ltd,strip of 4 tablets,55.9,true
Cifran C TH Tablet,Ciprofloxacin + Tinidazole,250mg + 300mg,Tablet,Sun Pharmaceutical Industries Ltd,strip of 10 tablets,87.0,true
Cifran CT Tablet,Ciprofloxacin + Tinidazole,500mg + 600mg,Tablet,Sun Pharmaceutical Industries Ltd,strip of 10 tablets,145.0,true
Cifran Eye/Ear Drops,Ciprofloxacin,0.3% w/v,Drops,Sun Pharmaceutical Industries Ltd,packet of 10 ml Eye/Ear Drops,17.04,true
Cifran OD 1gm Tablet ER,Ciprofloxacin,1000mg,Tablet,Sun Pharmaceutical Industries Ltd,strip of 5 tablet er,93.0,true
Cifran OD 500mg Tablet,Ciprofloxacin,500mg,Tablet,Sun Pharmaceutical Industries Ltd,strip of 5 tablets,18.53,true
Cifran-OZ Tablet,Ciprofloxacin + Ornidazole,500mg + 500mg,Tablet,Sun Pharmaceutical Industries Ltd,strip of 10 tablets,153.0,true
Cilnikem 10 Tablet,Cilnidipine,10mg,Tablet,Alkem Laboratories Ltd,strip of 10 tablets,115.0,true
Cilnikem 20 Tablet,Cilnidipine,20mg,Tablet,Alkem Laboratories Ltd,strip of 10 tablets,157.0,true
Cilnikem 5 Tablet,Cilnidipine,5mg,Tablet,Alkem Laboratories Ltd,strip of 10 tablets,67.5,true
Cilnikem CT 10mg/12.5mg Tablet,Cilnidipine + Chlorthalidone,10mg + 12.5mg,Tablet,Alkem Laboratories Ltd,strip of 10 tablets,93.5,true
CILNIKEM CT 10MG/6.25MG TABLET,Cilnidipine + Chlorthalidone,10mg + 6.25mg,Tablet,Alkem Laboratories Ltd,strip of 10 tablets,82.5,true
Cilnikem-Beta 2.5 Tablet,Nebivolol + Cilnidipine,2.5mg + 10mg,Tablet,Alkem Laboratories Ltd,strip of 10 tablets,138.0,true
Cilnikem-Beta 5 Tablet,Nebivolol + Cilnidipine,5mg + 10mg,Tablet,Alkem Laboratories Ltd,strip of 10 tablets,200.0,true
Cilnikem-OM Tablet,Olmesartan Medoxomil + Cilnidipine,20mg + 10mg,Tablet,Alkem Laboratories Ltd,strip of 10 tablets,119.0,true
Cilny 10 Tablet,Cilnidipine,10mg,Tablet,Intas Pharmaceuticals Ltd,strip of 15 tablets,165.0,true
Cilny 20 Tablet,Cilnidipine,20mg,Tablet,Intas Pharmaceuticals Ltd,strip of 10 tablets,160.0,true
Cilny 5 Tablet,Cilnidipine,5mg,Tablet,Intas Pharmaceuticals Ltd,strip of 15 tablets,100.0,true
Cilny M 10mg/25mg Tablet,Cilnidipine + Metoprolol Succinate,10mg + 25mg,Tablet,Intas Pharmaceuticals Ltd,strip of 10 tablets,87.0,true
Cilny M 10mg/50mg Tablet,Cilnidipine + Metoprolol Succinate,10mg + 50mg,Tablet,Intas Pharmaceuticals Ltd,strip of 10 tablets,90.0,true
Cilny O 20 Tablet,Olmesartan Medoxomil + Cilnidipine,20mg + 10mg,Tablet,Intas Pharmaceuticals Ltd,strip of 10 tablets,140.0,true
Cip-Zox 250 mg/50 mg/325 mg Tablet MR,Chlorzoxazone + Diclofenac,250mg + 50mg,Tablet,Cipla Ltd,strip of 10 tablet mr,46.5,false
Cip-Zox Tablet,Chlorzoxazone + Diclofenac,500mg + 50mg,Tablet,Cipla Ltd,strip of 6 tablets,73.7,false
Cip-Zox Tablet,Chlorzoxazone + Diclofenac,500mg + 50mg,Tablet,Cipla Ltd,strip of 10 tablets,111.0,false
Cipcoz 0.3% Eye Drop,Ciprofloxacin,0.3% w/w,Drops,Leeford Healthcare Ltd,bottle of 10 ml Eye Drop,17.0,true
Ciplactin Plus Syrup,Cyproheptadine + Tricholine Citrate,2mg/5ml + 275mg/5ml,Syrup,Cipla Ltd,bottle of 200 ml Syrup,136.12,false
Ciplactin Syrup,Cyproheptadine,2mg/5ml,Syrup,Cipla Ltd,bottle of 200 ml Syrup,145.07,false
Ciplactin Tablet,Cyproheptadine,4mg,Tablet,Cipla Ltd,strip of 15 tablets,49.03,false
Cipladine M Ointment,Metronidazole + Povidone Iodine,,Ointment,Cipla Ltd,tube of 15 gm Ointment,15.93,true
Cipladine Ointment,Povidone Iodine,10% w/w,Ointment,Cipla Ltd,tube of 10 gm Ointment,48.9,false
Ciplar 10 Tablet,Propranolol,10mg,Tablet,Cipla Ltd,strip of 15 tablets,21.46,true
Ciplar 40 Tablet,Propranolol,40mg,Tablet,Cipla Ltd,strip of 15 tablets,51.4,true
Ciplar H 40 mg/25 mg Tablet,Propranolol + Hydrochlorothiazide,40mg + 25mg,Tablet,Cipla Ltd,strip of 10 tablets,83.3,true
Ciplar Plus 10 Tablet SR,Propranolol + Flunarizine,40mg + 10mg,Tablet,Cipla Ltd,strip of 10 tablet sr,88.7,true
Ciplar Plus 5 Tablet SR,Propranolol + Flunarizine,40mg + 5mg,Tablet,Cipla Ltd,strip of 10 tablet sr,71.54,true
Ciplar-LA 20 Tablet,Propranolol,20mg,Tablet,Cipla Ltd,strip of 15 tablets,56.74,true
Ciplar-LA 40 Tablet,Propranolol,40mg,Tablet,Cipla Ltd,strip of 15 tablets,108.69,true
Ciplox 250 Tablet,Ciprofloxacin,250mg,Tablet,Cipla Ltd,strip of 10 tablets,25.76,true
Ciplox 2mg Injection,Ciprofloxacin,2mg,Injection,Cipla Ltd,bottle of 100 ml Injection,54.0,true
Ciplox 500 Tablet,Ciprofloxacin,500mg,Tablet,Cipla Ltd,strip of 10 tablets,45.36,true
Ciplox 750 Tablet,Ciprofloxacin,750mg,Tablet,Cipla Ltd,strip of 10 tablets,142.94,true
Ciplox D Eye Ointment,Ciprofloxacin + Dexamethasone,0.3% w/w + 0.1% w/w,Ointment,Cipla Ltd,tube of 5 gm Eye Ointment,15.44,true
Ciplox D Eye/Ear Drops,Ciprofloxacin + Dexamethasone,0.3% w/v + 0.1% w/v,Drops,Cipla Ltd,packet of 10 ml Eye/Ear Drops,21.95,true
Ciplox Eye/Ear Drops,Ciprofloxacin,0.3% w/v,Drops,Cipla Ltd,bottle of 10 ml Eye/Ear Drops,18.88,true
Ciplox Icaps Ointment,Ciprofloxacin,,Ointment,Cipla Ltd,tube of 50 gm Ointment,34.87,true
Ciplox OD 1000mg Tablet,Ciprofloxacin,1000mg,Tablet,Cipla Ltd,strip of 5 tablets,85.61,true
Ciplox OD 500mg Tablet,Ciprofloxacin,500mg,Tablet,Cipla Ltd,strip of 5 tablets,56.14,true
Ciplox TZ H Tablet,Ciprofloxacin + Tinidazole,250mg + 300mg,Tablet,Cipla Ltd,strip of 10 tablets,87.63,true
Ciplox TZ Tablet,Ciprofloxacin + Tinidazole,500mg + 600mg,Tablet,Cipla Ltd,strip of 10 tablets,171.55,true
Ciplox-OZ Tablet,Ciprofloxacin + Ornidazole,500mg + 500mg,Tablet,Cipla Ltd,strip of 10 tablets,116.38,true
Cipmox 125mg Tablet DT,Amoxycillin,125mg,Tablet,Cipla Ltd,strip of 15 tablet dt,26.5,true
Cipmox CV Dry Syrup,Amoxycillin + Clavulanic Acid,200mg + 28.5mg,Syrup,Cipla Ltd,bottle of 30 ml Dry Syrup,52.92,true
Cipril 10mg Tablet,Lisinopril,10mg,Tablet,Cipla Ltd,strip of 10 tablets,91.3,true
Cipril 2.5mg Tablet,Lisinopril,2.5mg,Tablet,Cipla Ltd,strip of 10 tablets,25.85,true
Cipro 250mg Tablet,Ciprofloxacin,250mg,Tablet,Torrent Pharmaceuticals Ltd,strip of 10 tablets,10.62,true
Cipro 500mg Tablet,Ciprofloxacin,500mg,Tablet,Torrent Pharmaceuticals Ltd,strip of 10 tablets,20.0,true
Ciprobid 10mg Injection,Ciprofloxacin,10mg,Injection,Zydus Cadila,packet of 10 injections,18.88,true
Ciprobid 200mg Infusion,Ciprofloxacin,200mg,Injection,Zydus Cadila,bottle of 100 ml Infusion,19.14,true
Ciprobid 750mg Tablet,Ciprofloxacin,750mg,Tablet,Zydus Cadila,strip of 2 tablets,61.73,true
Ciprodac 200mg Infusion,Ciprofloxacin,200mg,Injection,Cadila Pharmaceuticals Ltd,bottle of 100 ml Infusion,12.5,true
Ciprodac 2mg Infusion,Ciprofloxacin,2mg,Injection,Cadila Pharmaceuticals Ltd,bottle of 100 ml Infusion,16.25,true
Ciprogyl 500mg/300mg Tablet,Ciprofloxacin + Tinidazole,500mg + 300mg,Tablet,Mankind Pharma Ltd,strip of 10 tablets,59.89,true
Ciprogyl NF Tablet,Ofloxacin + Ornidazole,,Tablet,Mankind Pharma Ltd,strip of 10 tablets,45.0,true
Ciprokem 500mg Infusion,Ciprofloxacin,500mg,Injection,Alkem Laboratories Ltd,bottle of 100 ml Infusion,18.52,true
Ciprotas FC 5mg Cream,Ciprofloxacin,5mg,Cream,Intas Pharmaceuticals Ltd,tube of 5 gm Cream,24.5,true
Ciprotas FC Cream,Ciprofloxacin,,Cream,Intas Pharmaceuticals Ltd,tube of 15 gm Cream,12.37,true
Ciprova 200mg Infusion,Ciprofloxacin,200mg,Injection,Lupin Ltd,bottle of 100 ml Infusion,15.0,true
Ciprowin 100mg Infusion,Ciprofloxacin,100mg,Injection,Alembic Pharmaceuticals Ltd,bottle of 100 ml Infusion,22.17,true
Ciprowin 250mg Infusion,Ciprofloxacin,250mg,Injection,Alembic Pharmaceuticals Ltd,bottle of 100 ml Infusion,15.75,true
Ciptam Cth 250 mg/300 mg Tablet,Ciprofloxacin + Tinidazole,250mg + 300mg,Tablet,Sun Pharmaceutical Industries Ltd,strip of 10 tablets,43.72,true
Ciptec 250mg Infusion,Ciprofloxacin,250mg,Injection,Cipla Ltd,bottle of 100 ml Infusion,55.0,true
Cipzen 5mg Tablet,Serratiopeptidase,5mg,Tablet,Cipla Ltd,strip of 10 tablets,7.0,false
Cipzen Forte Tablet,Nimesulide + Serratiopeptidase,100mg + 10mg,Tablet,Cipla Ltd,strip of 10 tablets,107.5,false
Cipzen-D Tablet,Diclofenac + Serratiopeptidase,50mg + 10mg,Tablet,Cipla Ltd,strip of 10 tablets,130.0,false
Citadep 10mg Tablet,Citalopram,10mg,Tablet,Cipla Ltd,strip of 10 tablets,25.95,true
Citadep 20mg Tablet,Citalopram,20mg,Tablet,Cipla Ltd,strip of 10 tablets,46.28,true
Citadep 40mg Tablet,Citalopram,40mg,Tablet,Cipla Ltd,strip of 10 tablets,78.25,true
Citelec 250mg Injection,Citicoline,250mg,Injection,Sun Pharmaceutical Industries Ltd,vial of 2 ml Injection,115.01,true
Citelec 500mg Tablet,Citicoline,500mg,Tablet,Sun Pharmaceutical Industries Ltd,strip of 10 tablets,573.3,false
Citelec OD 1000mg Tablet,Citicoline,1000mg,Tablet,Sun Pharmaceutical Industries Ltd,strip of 10 tablets,719.0,false
Citelec Syrup,Citicoline,500mg/5ml,Syrup,Sun Pharmaceutical Industries Ltd,bottle of 60 ml Syrup,450.0,false
Citico 1000mg Tablet CR,Citicoline,1000mg,Tablet,Zydus Cadila,strip of 10 tablet cr,699.0,false
Citico Plus 500 mg/400 mg Tablet,Citicoline + Piracetam,500mg + 400mg,Tablet,Zydus Cadila,strip of 10 tablets,371.03,true
Citilin 1000mg Tablet SR,Citicoline,1000mg,Tablet,Torrent Pharmaceuticals Ltd,strip of 10 tablet sr,690.0,false
Citilin P Tablet,Citicoline + Piracetam,500mg + 400mg,Tablet,Torrent Pharmaceuticals Ltd,strip of 10 tablets,637.42,true
Citimac M 500mg/750mcg Tablet,Citicoline + Methylcobalamin,500mg + 750mcg,Tablet,Macleods Pharmaceuticals Pvt Ltd,strip of 10 tablets,330.0,false
Citimac P 400 Tablet,Citicoline + Piracetam,500mg + 400mg,Tablet,Macleods Pharmaceuticals Pvt Ltd,strip of 10 tablets,610.0,true
Citimed AM 10 mg/60 mg Tablet,Cetirizine + Ambroxol,10mg + 60mg,Tablet,Zydus Cadila,strip of 10 tablets,7.5,false
Citimed CD Tablet,Cetirizine + Pseudoephedrine,,Tablet,Zydus Cadila,strip of 10 tablets,6.93,false
Citimed Cold Syrup,Cetirizine + Paracetamol,2mg + 125mg,Syrup,Zydus Cadila,bottle of 60 ml Syrup,13.4,false
Citimed Cold Tablet,Cetirizine + Paracetamol,2mg + 125mg,Tablet,Zydus Cadila,strip of 10 tablets,5.62,false
Citistar 750mg Tablet,Citicoline,750mg,Tablet,Lupin Ltd,strip of 10 tablets,450.0,false
Citistar-PM Tablet,Citicoline + Piracetam,500mg + 400mg,Tablet,Lupin Ltd,strip of 10 tablets,805.8,true
Cizorest 400 OD Tablet SR,Amisulpride,400mg,Tablet,Cipla Ltd,strip of 10 tablet sr,385.99,true
Cizorest 50 Tablet,Amisulpride,50mg,Tablet,Cipla Ltd,strip of 10 tablets,88.57,true
Clamchek 125mg/31.25mg Suspension,Amoxycillin + Clavulanic Acid,125mg + 31.25mg,Suspension,Indoco Remedies Ltd,bottle of 30 ml Suspension,62.16,true
Claribid 250 DS Oral Suspension Combipack Fruit Punch,Clarithromycin,250mg,Suspension,Abbott,bottle of 30 ml Oral Suspension,206.6,true
Claribid 250 Tablet,Clarithromycin,250mg,Tablet,Abbott,strip of 10 tablets,347.82,true
Claribid 500 Tablet,Clarithromycin,500mg,Tablet,Abbott,strip of 10 tablets,613.14,true
Claribid Oral Suspension,Clarithromycin,125mg/5ml,Suspension,Abbott,bottle of 30 ml Oral Suspension,160.77,true
Clarigard 125mg Dry Syrup Banana,Clarithromycin,125mg,Syrup,Macleods Pharmaceuticals Pvt Ltd,bottle of 30 ml Dry Syrup,149.5,true
Clarigard 250mg Dry Syrup,Clarithromycin,250mg,Syrup,Macleods Pharmaceuticals Pvt Ltd,bottle of 30 ml Dry Syrup,199.0,true
Clariwin 125mg Tablet DT,Clarithromycin,125mg,Tablet,Micro Labs Ltd,strip of 10 tablet dt,148.83,true
Clariwin 250 Tablet,Clarithromycin,250mg,Tablet,Micro Labs Ltd,strip of 10 tablets,314.38,true
Clariwin 500 Tablet,Clarithromycin,500mg,Tablet,Micro Labs Ltd,strip of 10 tablets,613.76,true
Clariwin Dry Syrup,Clarithromycin,125mg,Suspension,Micro Labs Ltd,bottle of 30 ml Oral Suspension,145.15,true
Clav-Vox 228.5 Dry Syrup,Amoxycillin + Clavulanic Acid,200mg/5ml + 28.5mg/5ml,Suspension,Vanshita Lifecare,bottle of 30 ml Oral Suspension,62.0,true
Clavactum 1000 mg/200 mg Tablet,Amoxycillin + Clavulanic Acid,1000mg + 200mg,Tablet,Elder Pharmaceuticals Ltd,strip of 4 tablets,192.0,true
Clavam 1000mg/200mg Injection,Amoxycillin + Clavulanic Acid,1000mg + 200mg,Injection,Alkem Laboratories Ltd,vial of 1 Injection,140.95,true
Clavam 150mg Injection,Amoxycillin + Clavulanic Acid,125mg + 25mg,Injection,Alkem Laboratories Ltd,vial of 1 Injection,56.0,true
Clavam 1g Tablet,Amoxycillin + Clavulanic Acid,875mg + 125mg,Tablet,Alkem Laboratories Ltd,strip of 10 tablets,370.0,true
Clavam 250mg/50mg Injection,Amoxycillin + Clavulanic Acid,250mg + 50mg,Injection,Alkem Laboratories Ltd,vial of 1 Injection,83.0,true
Clavam 500mg/100mg Injection,Amoxycillin + Clavulanic Acid,500mg + 100mg,Injection,Alkem Laboratories Ltd,vial of 1 Injection,94.61,true
Clavam 625 Tablet,Amoxycillin + Clavulanic Acid,500mg + 125mg,Tablet,Alkem Laboratories Ltd,strip of 10 tablets,223.32,true
Clavam BID Dry Syrup,Amoxycillin + Clavulanic Acid,200mg/5ml + 28.5mg/5ml,Powder,Alkem Laboratories Ltd,bottle of 30 ml Powder for Oral Suspension,67.2,true
Clavam Dry Syrup,Amoxycillin + Clavulanic Acid,125mg + 31.25mg,Suspension,Alkem Laboratories Ltd,bottle of 30 ml Oral Suspension,67.1,true
Clavam ES Dry Syrup Orange,Amoxycillin + Clavulanic Acid,600mg + 42.9mg,Suspension,Alkem Laboratories Ltd,bottle of 50 ml Oral Suspension,188.0,true
Clavam LB Bid Dry Syrup,Amoxycillin + Clavulanic Acid,200mg + 28.5mg,Syrup,Alkem Laboratories Ltd,bottle of 30 ml Dry Syrup,55.1,true
Clavam Paediatric Oral Suspension,Amoxycillin + Clavulanic Acid,80mg + 11.4mg,Suspension,Alkem Laboratories Ltd,packet of 10 ml Oral Suspension,100.0,true
Clavam-XR Tablet,Amoxycillin + Clavulanic Acid,1000mg + 62.5mg,Tablet,Alkem Laboratories Ltd,strip of 10 tablet er,580.0,true
Clavcare DS 500 mg/125 mg Dry Syrup,Amoxycillin + Clavulanic Acid,500mg + 125mg,Syrup,Ozone Pharmaceuticals Ltd,bottle of 30 ml Dry Syrup,45.0,true
Clavidur 457mg DDS Oral Suspension,Amoxycillin + Clavulanic Acid,400mg/5ml + 57mg/5ml,Suspension,Lupin Ltd,bottle of 30 ml Oral Suspension,156.0,true
Clavidur XR Tablet,Amoxycillin + Clavulanic Acid,1000mg + 62.5mg,Tablet,Lupin Ltd,strip of 10 tablet er,541.7,true
Clavilip 40 Capsule,Atorvastatin + Clopidogrel,40mg + 75mg,Capsule,Intas Pharmaceuticals Ltd,strip of 10 capsules,260.0,true
Clavix 150 Tablet,Clopidogrel,150mg,Tablet,Intas Pharmaceuticals Ltd,strip of 10 tablets,150.5,true
Clavix 300 Tablet,Clopidogrel,300mg,Tablet,Intas Pharmaceuticals Ltd,strip of 4 tablets,67.5,true
Clavix Gold 10 Capsule,Aspirin + Atorvastatin,75mg + 10mg,Capsule,Intas Pharmaceuticals Ltd,strip of 15 capsules,81.5,true
Clavix Gold 20 Capsule,Aspirin + Atorvastatin,75mg + 20mg,Capsule,Intas Pharmaceuticals Ltd,strip of 15 capsules,109.0,true
Clavix Gold 75mg/40mg/75mg Capsule,Aspirin + Atorvastatin,75mg + 40mg,Capsule,Intas Pharmaceuticals Ltd,strip of 10 capsules,171.0,true
Clavix Tablet,Clopidogrel,75mg,Tablet,Intas Pharmaceuticals Ltd,strip of 15 tablets,126.87,true
Clavix-AS 150 Tablet,Aspirin + Clopidogrel,150mg + 75mg,Tablet,Intas Pharmaceuticals Ltd,strip of 15 tablets,78.0,true
Clavix-AS 75 Tablet,Aspirin + Clopidogrel,75mg + 75mg,Tablet,Intas Pharmaceuticals Ltd,strip of 15 tablets,76.5,true
Clavmox Oral Drops,Amoxycillin + Clavulanic Acid,80mg + 11.4mg,Drops,Cipla Ltd,bottle of 10 ml Oral Drops,62.06,true
Clavmox Syrup,Amoxycillin + Clavulanic Acid,400mg + 57mg,Syrup,Cipla Ltd,bottle of 30 ml Syrup,131.72,true
Clavzen Dry Syrup,Amoxycillin + Clavulanic Acid,200mg/5ml + 28.5mg/5ml,Syrup,Elder Pharmaceuticals Ltd,bottle of 30 ml Dry Syrup,63.0,true
Clear 250mg Tablet,Clarithromycin,250mg,Tablet,Alkem Laboratories Ltd,strip of 6 tablets,146.5,true
Clear Granules,Clarithromycin,125mg,Powder,Alkem Laboratories Ltd,sachet of 30 ml Granules,107.78,true
Clear Skin Cream,Hydroquinone + Mometasone,,Cream,Alkem Laboratories Ltd,tube of 15 gm Cream,159.0,true
Cleareze Tablet,Chlorpheniramine Maleate + Paracetamol,,Tablet,Sun Pharmaceutical Industries Ltd,strip of 10 tablets,4.88,false
Cligel 1% Gel,Clindamycin,1% w/w,Gel,East West Pharma,tube of 15 gm Gel,91.4,true
Clindac A 1% Gel,Clindamycin,1% w/w,Gel,Alkem Laboratories Ltd,tube of 20 gm Gel,225.0,true
Clindac AP Gel,Adapalene + Clindamycin,0.1% w/w + 1% w/w,Gel,Alkem Laboratories Ltd,tube of 15 gm Gel,300.0,true
Clinka Gel,Clindamycin,1% w/w,Gel,Intas Pharmaceuticals Ltd,tube of 20 gm Gel,114.5,true
Clinsol 300mg Capsule,Clindamycin,300mg,Capsule,Leeford Healthcare Ltd,strip of 10 capsules,248.3,true
Clinviva 1% Gel,Clindamycin,1% w/w,Gel,Ikon Remedies Pvt Ltd,tube of 20 gm Gel,105.0,true
Clinviva 300mg Capsule,Clindamycin,300mg,Capsule,Ikon Remedies Pvt Ltd,strip of 10 capsules,151.53,true
Cloba 10 Tablet,Clobazam,10mg,Tablet,Intas Pharmaceuticals Ltd,strip of 10 tablets,88.71,false
Cloba 10 Tablet,Clobazam,10mg,Tablet,Intas Pharmaceuticals Ltd,strip of 15 tablets,157.42,false
Cloba 20mg Tablet,Clobazam,20mg,Tablet,Intas Pharmaceuticals Ltd,strip of 10 tablets,274.0,false
Cloba 5 Tablet,Clobazam,5mg,Tablet,Intas Pharmaceuticals Ltd,strip of 15 tablets,88.48,false
Cloba MT 10mg Tablet,Clobazam,10mg,Tablet,Intas Pharmaceuticals Ltd,strip of 10 tablets,150.0,false
Cloba MT 2.5 Tablet MD,Clobazam,2.5mg,Tablet,Intas Pharmaceuticals Ltd,strip of 10 tablet md,28.45,false
Cloba MT 5mg Tablet,Clobazam,5mg,Tablet,Intas Pharmaceuticals Ltd,strip of 10 tablets,100.0,false
Cloba Suspension Supreme Banana,Clobazam,2.5mg/ml,Suspension,Intas Pharmaceuticals Ltd,bottle of 120 ml Oral Suspension,383.0,false
Clobator 20mg Tablet,Clobazam,20mg,Tablet,Torrent Pharmaceuticals Ltd,strip of 10 tablets,115.0,false
Clobikem B Cream,Beclometasone + Clotrimazole,0.025% w/w + 1% w/w,Cream,Alkem Laboratories Ltd,tube of 15 gm Cream,50.0,false
Clobikem gm Ointment,Clobetasol + Miconazole,,Ointment,Alkem Laboratories Ltd,tube of 10 gm Ointment,60.0,true
Clobikem S Ointment,Clobetasol + Salicylic Acid,0.05% w/w + 3% w/w,Ointment,Alkem Laboratories Ltd,tube of 20 gm Ointment,70.0,true
Clobikem-Gm Neo Cream,Clobetasol + Neomycin,0.05% w/w + 0.5% w/w,Cream,Alkem Laboratories Ltd,tube of 10 gm Cream,65.0,true
Clocip Cream,Clotrimazole,1% w/w,Cream,Cipla Ltd,tube of 15 gm Cream,47.23,false
Clocip Tablet VT,Clotrimazole,100mg,Tablet,Cipla Ltd,packet of 6 tablet vt,46.5,false
Clocip-B Cream,Beclometasone + Clotrimazole,0.025% w/v + 1% w/v,Cream,Cipla Ltd,tube of 10 gm Cream,63.5,false
Clocip-B Cream,Beclometasone + Clotrimazole,0.025% w/v + 1% w/v,Cream,Cipla Ltd,tube of 5 gm Cream,31.0,false
Clodrel Forte Capsule,Aspirin + Clopidogrel,150mg + 75mg,Capsule,Torrent Pharmaceuticals Ltd,strip of 10 capsules,46.71,true
Clodrel Forte Tablet,Aspirin + Clopidogrel,150mg + 75mg,Tablet,Torrent Pharmaceuticals Ltd,strip of 15 tablets,82.25,true
Clodrel Plus Tablet,Aspirin + Clopidogrel,75mg + 75mg,Tablet,Torrent Pharmaceuticals Ltd,strip of 15 tablets,88.9,true
Clodrel Tablet,Clopidogrel,75mg,Tablet,Torrent Pharmaceuticals Ltd,strip of 10 tablets,46.7,true
Clofen Plus Tablet,Aceclofenac + Paracetamol,100mg + 375mg,Tablet,Lesanto Laboratories,strip of 10 tablets,40.0,false
Cloff 125mg Dry Syrup,Clarithromycin,125mg,Syrup,Alembic Pharmaceuticals Ltd,bottle of 30 ml Dry Syrup,157.89,true
Cloff 250mg Dry Syrup,Clarithromycin,250mg,Syrup,Alembic Pharmaceuticals Ltd,bottle of 30 ml Dry Syrup,217.9,true
Cloff XL Dry Syrup,Clarithromycin,125mg/5ml,Suspension,Alembic Pharmaceuticals Ltd,bottle of 60 ml Oral Suspension,272.15,true
Clofranil 10 Tablet,Clomipramine,10mg,Tablet,Sun Pharmaceutical Industries Ltd,strip of 10 tablets,61.93,false
Clofranil 25mg Tablet,Clomipramine,25mg,Tablet,Sun Pharmaceutical Industries Ltd,strip of 10 tablets,68.95,false
Clofranil 50mg Tablet,Clomipramine,50mg,Tablet,Sun Pharmaceutical Industries Ltd,strip of 10 tablets,153.0,false
Clofranil 75mg Tablet SR,Clomipramine,75mg,Tablet,Sun Pharmaceutical Industries Ltd,strip of 10 Tablet pr,178.3,false
Clomic S Ointment,Clobetasol + Salicylic Acid,0.05% w/w + 3% w/w,Ointment,East West Pharma,tube of 15 gm Ointment,78.76,true
Clonec P 50mg/325mg Oral Suspension,Aceclofenac + Paracetamol,50mg + 325mg,Suspension,Lamiaceae Healthcare,bottle of 60 ml Oral Suspension,47.0,false
Clonil 10mg Tablet,Clomipramine,10mg,Tablet,Intas Pharmaceuticals Ltd,strip of 10 tablets,31.25,false
Clonil 25mg Tablet,Clomipramine,25mg,Tablet,Intas Pharmaceuticals Ltd,strip of 10 tablets,68.99,false
Clonil 50 Tablet,Clomipramine,50mg,Tablet,Intas Pharmaceuticals Ltd,strip of 10 tablets,169.0,false
Clonil 75 SR Tablet,Clomipramine,75mg,Tablet,Intas Pharmaceuticals Ltd,strip of 10 Tablet pr,244.0,false
Clonotril 0.25mg Tablet DT,Clonazepam,0.25mg,Tablet,Torrent Pharmaceuticals Ltd,strip of 15 tablet dt,31.18,true
Clonotril 0.5 Tablet,Clonazepam,0.5mg,Tablet,Torrent Pharmaceuticals Ltd,strip of 10 tablets,45.94,true
Clonotril 0.5 Tablet,Clonazepam,0.5mg,Tablet,Torrent Pharmaceuticals Ltd,strip of 15 tablets,57.75,true
Clonotril 1 Tablet,Clonazepam,1mg,Tablet,Torrent Pharmaceuticals Ltd,strip of 15 tablets,78.35,true
Clonotril 2mg Tablet,Clonazepam,2mg,Tablet,Torrent Pharmaceuticals Ltd,strip of 15 tablets,189.8,true
Clonotril P 12.5mg/0.25mg Tablet,Paroxetine + Clonazepam,12.5mg + 0.25mg,Tablet,Torrent Pharmaceuticals Ltd,strip of 10 tablets,107.83,true
Clonotril P 12.5mg/0.5mg Tablet,Paroxetine + Clonazepam,12.5mg + 0.5mg,Tablet,Torrent Pharmaceuticals Ltd,strip of 10 tablets,107.83,true
Clonotril P 25mg/0.25mg Tablet,Paroxetine + Clonazepam,25mg + 0.25mg,Tablet,Torrent Pharmaceuticals Ltd,strip of 10 tablets,131.25,true
Clop 0.05% Cream,Clobetasol,0.05% w/w,Cream,Zydus Cadila,tube of 10 gm Cream,63.3,true
Clop 0.05% Cream,Clobetasol,0.05% w/w,Cream,Zydus Cadila,tube of 30 gm Cream,155.0,true
Clop mg Cream,Clobetasol + Gentamicin,0.05% w/w + 0.1% w/w,Cream,Zydus Cadila,tube of 15 gm Cream,43.43,true
Clop-E Cream,Clobetasol,0.05% w/w,Cream,Zydus Cadila,tube of 20 gm Cream,126.85,true
Clop-G Cream,Clobetasol + Gentamicin,0.05% w/w + 0.1% w/w,Cream,Zydus Cadila,tube of 30 gm Cream,35.57,true
Clop-GM Neo Cream,Clotrimazole + Clobetasol,1% w/w + 0.05% w/w,Cream,Zydus Cadila,tube of 15 gm Cream,105.6,true
Clop-M Cream,Clobetasol + Miconazole,0.05% w/w + 2% w/w,Cream,Zydus Cadila,tube of 20 gm Cream,151.25,true
Clopilet 150 Tablet,Clopidogrel,150mg,Tablet,Sun Pharmaceutical Industries Ltd,strip of 10 tablets,164.0,true
Clopilet A 150 Capsule,Aspirin + Clopidogrel,150mg + 75mg,Capsule,Sun Pharmaceutical Industries Ltd,strip of 15 capsules,89.5,true
Clopilet A 75 Capsule,Aspirin + Clopidogrel,75mg + 75mg,Capsule,Sun Pharmaceutical Industries Ltd,strip of 15 capsules,88.0,true
Clopitab 150 Tablet,Clopidogrel,150mg,Tablet,Lupin Ltd,strip of 10 tablets,130.8,true
Clopitab Tablet,Clopidogrel,75mg,Tablet,Lupin Ltd,strip of 15 tablets,108.47,true
Clopitab-A 150 Capsule,Aspirin + Clopidogrel,150mg + 75mg,Capsule,Lupin Ltd,strip of 15 capsules,101.1,true
Clopitab-A 75 Capsule,Aspirin + Clopidogrel,75mg + 75mg,Capsule,Lupin Ltd,strip of 15 capsules,100.3,true
Clopitorva 40 Capsule,Atorvastatin + Clopidogrel,40mg + 75mg,Capsule,Zydus Cadila,strip of 10 capsules,344.0,true
Clopivas 300mg Tablet,Clopidogrel,300mg,Tablet,Cipla Ltd,strip of 2 tablets,57.81,true
Clopivas AP 150 Tablet,Aspirin + Clopidogrel,150mg + 75mg,Tablet,Cipla Ltd,strip of 15 tablets,86.37,true
Clopivas AP 75 Tablet,Aspirin + Clopidogrel,75mg + 75mg,Tablet,Cipla Ltd,strip of 15 tablets,94.19,true
Clotrim V Cream,Clotrimazole,2% w/w,Cream,Cipla Ltd,tube of 30 gm Vaginal Cream,53.5,false
Clozol V 100mg Tablet,Clotrimazole,100mg,Tablet,Biochem Pharmaceutical Industries,strip of 6 tablets,41.98,false
CO-Trimoxazole Double Strength Tablet,Sulfamethoxazole + Trimethoprim,800mg + 160mg,Tablet,Cadila Pharmaceuticals Ltd,strip of 10 tablets,22.59,true
Codistar Syrup,Chlorpheniramine Maleate + Codeine,4mg/5ml + 10mg/5ml,Syrup,Mankind Pharma Ltd,bottle of 60 ml Syrup,60.5,true
Codistar Syrup,Chlorpheniramine Maleate + Codeine,4mg/5ml + 10mg/5ml,Syrup,Mankind Pharma Ltd,bottle of 100 ml Syrup,139.9,true
Codistar-DX Cough Syrup,Chlorpheniramine Maleate + Dextromethorphan Hydrobromide,4mg/5ml + 10mg/5ml,Syrup,Mankind Pharma Ltd,bottle of 100 ml Syrup,95.0,false
Cof Q D Syrup,Phenylephrine + Chlorpheniramine Maleate,5mg + 2mg,Syrup,Cipla Ltd,bottle of 100 ml Syrup,89.5,false
Cof Q DX 5mg/2mg/10mg Tablet,Phenylephrine + Chlorpheniramine Maleate,5mg + 2mg,Tablet,Cipla Ltd,strip of 10 tablets,42.0,false
Cof Q Tablet,Bromhexine + Chlorpheniramine Maleate,8mg + 2mg,Tablet,Cipla Ltd,strip of 10 tablets,36.85,false
COF-RYL Cough Syrup,Diphenhydramine + Ammonium Chloride,14.08mg/5ml + 138mg/5ml,Syrup,Cipla Ltd,bottle of 100 ml Syrup,82.5,false
Coflox 1000mg Tablet,Ciprofloxacin,1000mg,Tablet,Macleods Pharmaceuticals Pvt Ltd,strip of 10 tablets,85.06,true
Coflox 750mg Tablet,Ciprofloxacin,750mg,Tablet,Macleods Pharmaceuticals Pvt Ltd,strip of 10 tablets,59.51,true
Coldact Oral Drops,Chlorpheniramine Maleate + Phenylephrine,2mg/ml + 5mg/ml,Drops,Sun Pharmaceutical Industries Ltd,packet of 15 ml Oral Drops,40.42,false
Coldact Plus Suspension,Paracetamol + Phenylpropanolamine,125mg + 5mg,Suspension,Sun Pharmaceutical Industries Ltd,bottle of 60 ml Suspension,35.61,false
Coldmine Drops,Chlorpheniramine Maleate + Paracetamol,1mg + 125mg,Drops,Leeford Healthcare Ltd,bottle of 15 ml Oral Drops,70.0,false
Coldmine Plus Syrup,Chlorpheniramine Maleate + Paracetamol,2mg + 250mg,Syrup,Leeford Healthcare Ltd,bottle of 60 ml Syrup,85.0,false
Coldmine Syrup,Cetirizine + Paracetamol,5mg + 125mg,Syrup,Leeford Healthcare Ltd,bottle of 60 ml Syrup,75.0,false
Coldmine Tablet,Caffeine + Chlorpheniramine Maleate,30mg + 2mg,Tablet,Leeford Healthcare Ltd,strip of 10 tablets,60.0,false
Coldrid Syrup,Chlorpheniramine Maleate + Paracetamol,2mg + 250mg,Syrup,Medley Pharmaceuticals,bottle of 100 ml Syrup,32.72,false
Coligyl 12.5mg Dry Syrup,Colistin Sulphate,12.5mg,Syrup,Mankind Pharma Ltd,bottle of 30 ml Dry Syrup,56.35,true
Coligyl DS Suspension,Colistin Sulphate,25mg/5ml,Suspension,Mankind Pharma Ltd,bottle of 30 ml Suspension,79.86,true
Colpep Tablet,Caffeine + Chlorpheniramine Maleate,20mg + 2mg,Tablet,Alkem Laboratories Ltd,strip of 10 tablets,20.18,false
Combiflam Suspension,Ibuprofen + Paracetamol,100mg + 162.5mg,Suspension,Sanofi India Ltd,bottle of 60 ml Oral Suspension,40.64,false
Combiflam Tablet,Ibuprofen + Paracetamol,400mg + 325mg,Tablet,Sanofi India Ltd,strip of 20 tablets,46.05,false
Combihale FB 400 DPI Capsule,Formoterol + Budesonide,6mcg + 400mcg,Capsule,Mankind Pharma Ltd,bottle of 30 capsules,235.5,true
Combihale FF 100 DPI Capsule,Formoterol + Fluticasone Propionate,6mcg + 100mcg,Capsule,Mankind Pharma Ltd,bottle of 30 capsules,254.0,true
Combilox CV 200mg/28.5mg Syrup,Amoxycillin + Clavulanic Acid,200mg + 28.5mg,Syrup,Alkem Laboratories Ltd,bottle of 30 ml Syrup,60.82,true
Combipara R Capsule,Aceclofenac + Paracetamol,100mg + 325mg,Capsule,Delcure Life Sciences,strip of 10 capsules,56.0,false
Combither 20mg/120mg Tablet,Artemether + Lumefantrine,20mg + 120mg,Tablet,Aristo Pharmaceuticals Pvt Ltd,strip of 8 tablets,96.97,true
Combither Dry Syrup,Artemether + Lumefantrine,80mg + 480mg,Syrup,Aristo Pharmaceuticals Pvt Ltd,bottle of 30 ml Dry Syrup,230.0,true
Combither Dry Syrup,Artemether + Lumefantrine,40mg + 240mg,Syrup,Aristo Pharmaceuticals Pvt Ltd,bottle of 15 ml Dry Syrup,147.5,true
Combither Forte 80 mg/480 mg Tablet,Artemether + Lumefantrine,80mg + 480mg,Tablet,Aristo Pharmaceuticals Pvt Ltd,strip of 10 tablets,145.11,true
Combither Forte Tablet,Artemether + Lumefantrine,80mg + 480mg,Tablet,Aristo Pharmaceuticals Pvt Ltd,strip of 6 tablets,148.64,true
Combitide 250 Octacap,Salmeterol + Fluticasone Propionate,50mcg + 250mcg,Capsule,Sun Pharmaceutical Industries Ltd,packet of 30 capsules,392.0,true
Combitide 500 Octacaps,Salmeterol + Fluticasone Propionate,50mcg + 500mcg,Capsule,Sun Pharmaceutical Industries Ltd,box of 30 capsules,498.0,true
Combitide 50mcg/100mcg Octacap,Salmeterol + Fluticasone Propionate,50mcg + 100mcg,Capsule,Sun Pharmaceutical Industries Ltd,box of 30 capsules,162.0,true
Combutol 1000 Tablet,Ethambutol,1000mg,Tablet,Lupin Ltd,strip of 10 tablets,131.6,true
Combutol 200 Tablet,Ethambutol,200mg,Tablet,Lupin Ltd,strip of 10 tablets,11.8,true
Combutol 400 Tablet,Ethambutol,400mg,Tablet,Lupin Ltd,strip of 10 tablets,27.42,true
Combutol 600 Tablet,Ethambutol,600mg,Tablet,Lupin Ltd,strip of 10 tablets,41.14,true
Combutol 800 Tablet,Ethambutol,800mg,Tablet,Lupin Ltd,strip of 10 tablets,49.24,true
Concor 5 Tablet,Bisoprolol,5mg,Tablet,Merck Ltd,strip of 10 tablets,105.95,true
Confect 50mg Oral Suspension,Ofloxacin,50mg,Suspension,Cubit Healthcare,bottle of 60 ml Oral Suspension,49.5,true
Contiflo D Capsule,Tamsulosin + Dutasteride,0.4mg + 0.5mg,Capsule,Sun Pharmaceutical Industries Ltd,strip of 10 capsules,312.0,true
Contiflo Icon 0.4mg Tablet PR,Tamsulosin,0.4mg,Tablet,Sun Pharmaceutical Industries Ltd,strip of 10 Tablet pr,155.8,true
Contiflo OD F Tablet SR,Tamsulosin + Finasteride,0.4mg + 5mg,Tablet,Sun Pharmaceutical Industries Ltd,strip of 10 tablet sr,224.0,true
Contramal 50mg Capsule,Tramadol,50mg,Capsule,Abbott,strip of 10 capsules,47.48,true
Contramal DT 50mg Tablet,Tramadol,50mg,Tablet,Abbott,strip of 10 tablet dt,100.14,true
Corbis 1.25 Tablet,Bisoprolol,1.25mg,Tablet,Torrent Pharmaceuticals Ltd,strip of 15 tablets,54.4,true
Corbis 2.5 Tablet,Bisoprolol,2.5mg,Tablet,Torrent Pharmaceuticals Ltd,strip of 15 tablets,84.55,true
Corbis 5 Tablet,Bisoprolol,5mg,Tablet,Torrent Pharmaceuticals Ltd,strip of 15 tablets,101.75,true
Corbis AM 2.5 Tablet,Amlodipine + Bisoprolol,5mg + 2.5mg,Tablet,Torrent Pharmaceuticals Ltd,strip of 10 tablets,103.95,true
Corbis AM 5 Tablet,Amlodipine + Bisoprolol,5mg + 5mg,Tablet,Torrent Pharmaceuticals Ltd,strip of 10 tablets,123.4,true
Corbis-H 5 Tablet,Bisoprolol + Hydrochlorothiazide,5mg + 6.25mg,Tablet,Torrent Pharmaceuticals Ltd,strip of 10 tablets,103.95,true
Corex DX Syrup,Chlorpheniramine Maleate + Dextromethorphan Hydrobromide,4mg/5ml + 10mg/5ml,Syrup,Pfizer Ltd,bottle of 50 ml Syrup,76.99,false
Corex DX Syrup,Chlorpheniramine Maleate + Dextromethorphan Hydrobromide,4mg/5ml + 10mg/5ml,Syrup,Pfizer Ltd,bottle of 100 ml Syrup,132.41,false
Corpril 1.25mg Tablet,Ramipril,1.25mg,Tablet,Sun Pharmaceutical Industries Ltd,strip of 10 tablets,26.72,true
Cortiderm G Cream,Betamethasone + Gentamicin,0.05% w/w + 0.1% w/w,Cream,Micro Labs Ltd,tube of 15 gm Cream,20.31,true
Cortina Cream,Mometasone,0.1% w/w,Cream,Lupin Ltd,tube of 15 gm Cream,92.18,true
Cortina DS 800mg/160mg Tablet,Sulfamethoxazole + Trimethoprim,800mg + 160mg,Tablet,Lupin Ltd,strip of 10 tablets,10.85,true
Cortina H Cream,Hydroquinone + Mometasone,2% w/w + 0.1% w/w,Cream,Lupin Ltd,tube of 15 gm Cream,122.0,true
Covance 25 Tablet,Losartan,25mg,Tablet,Sun Pharmaceutical Industries Ltd,strip of 10 tablets,45.0,true
Covance 50 Tablet,Losartan,50mg,Tablet,Sun Pharmaceutical Industries Ltd,strip of 10 tablets,79.0,true
Covance CT 50mg/12.5mg Tablet,Losartan + Chlorthalidone,50mg + 12.5mg,Tablet,Sun Pharmaceutical Industries Ltd,strip of 10 tablets,86.5,true
Covance-AT Tablet,Atenolol + Losartan,50mg + 50mg,Tablet,Sun Pharmaceutical Industries Ltd,strip of 10 tablets,157.0,true
Covance-D Tablet,Losartan + Hydrochlorothiazide,50mg + 12.5mg,Tablet,Sun Pharmaceutical Industries Ltd,strip of 10 tablets,143.0,true
Covatil 250mg Injection,Cefuroxime,250mg,Injection,Macleods Pharmaceuticals Pvt Ltd,vial of 1 Injection,66.5,true
Covatil LZ 500 mg/600 mg Tablet,Cefuroxime + Linezolid,500mg + 600mg,Tablet,Macleods Pharmaceuticals Pvt Ltd,strip of 10 tablets,547.0,true
Coxter 2E Tablet,Rifampicin + Isoniazid,,Tablet,Alkem Laboratories Ltd,strip of 10 tablets,27.82,true
Coxter 450 mg/300 mg Tablet,Rifampicin + Isoniazid,450mg + 300mg,Tablet,Alkem Laboratories Ltd,strip of 10 tablets,52.43,true
Coxter Kit 3 Tablet,Isoniazid + Pyrazinamide,450mg + 300mg,Tablet,Alkem Laboratories Ltd,strip of 3 tablets,8.09,true
CP Tam 800mg Tablet,Piracetam,800mg,Tablet,Cubit Healthcare,strip of 10 tablets,108.6,true
Cpdox Oral Suspension,Cefpodoxime Proxetil,25mg,Suspension,Innovative Pharmaceuticals,bottle of 10 ml Oral Suspension,58.95,true
CPZ 200mg Tablet,Chlorpromazine,200mg,Tablet,Sun Pharmaceutical Industries Ltd,strip of 10 tablets,7.12,false
Cremaffin Fresh Tablet,Bisacodyl,5mg,Tablet,Abbott,strip of 10 tablets,12.04,false
Cremaffin Plus Syrup Refreshing Sugar Free,Sodium Picosulfate + Liquid Paraffin,3.33mg + 1.25ml,Syrup,Abbott,bottle of 225 ml Syrup,270.73,false
Creon 10000 Capsule,Pancreatin,150mg,Capsule,Abbott,strip of 15 capsules,658.52,false
Creon 10000 Capsule,Pancreatin,150mg,Capsule,Abbott,strip of 10 capsules,329.85,false
Creon 25000 Capsule,Pancreatin,300mg,Capsule,Abbott,strip of 10 capsules,990.72,false
Creon 40000 Capsule,Pancreatin,400mg,Capsule,Abbott,strip of 10 capsules,1165.95,false
Cresar 20 Tablet,Telmisartan,20mg,Tablet,Cipla Ltd,strip of 15 tablets,67.93,true
Cresar 40 Tablet,Telmisartan,40mg,Tablet,Cipla Ltd,strip of 15 tablets,122.97,true
Cresar 80 AM Tablet,Telmisartan + Amlodipine,80mg + 5mg,Tablet,Cipla Ltd,strip of 10 tablets,120.0,true
Cresar 80 Tablet,Telmisartan,80mg,Tablet,Cipla Ltd,strip of 10 tablets,124.88,true
Cresar 80H Tablet,Telmisartan + Hydrochlorothiazide,80mg + 12.5mg,Tablet,Cipla Ltd,strip of 10 tablets,267.19,true
Cresar CT 40 Tablet,Telmisartan + Chlorthalidone,40mg + 12.5mg,Tablet,Cipla Ltd,strip of 10 tablets,79.86,true
Cresar CT 6.25 Tablet,Telmisartan + Chlorthalidone,40mg + 6.25mg,Tablet,Cipla Ltd,strip of 10 tablets,54.45,true
Cresar CT 80 Tablet,Telmisartan + Chlorthalidone,80mg + 12.5mg,Tablet,Cipla Ltd,strip of 10 tablets,145.2,true
Cresar H Tablet,Telmisartan + Hydrochlorothiazide,40mg + 12.5mg,Tablet,Cipla Ltd,strip of 15 tablets,242.66,true
Cresar LN 10mg/40mg Tablet,Cilnidipine + Telmisartan,10mg + 40mg,Tablet,Cipla Ltd,strip of 10 tablets,100.89,true
Cresar LN 10mg/80mg Tablet,Cilnidipine + Telmisartan,10mg + 80mg,Tablet,Cipla Ltd,strip of 10 tablets,150.97,true
Cresar R 40mg/2.5mg Tablet,Telmisartan + Ramipril,40mg + 2.5mg,Tablet,Cipla Ltd,strip of 10 tablets,61.83,true
Cresar R 40mg/5mg Tablet,Telmisartan + Ramipril,40mg + 5mg,Tablet,Cipla Ltd,strip of 10 tablets,85.0,true
Criticold Oral Drops Orange,Chlorpheniramine Maleate + Phenylephrine,2mg/ml + 5mg/ml,Drops,Leeford Healthcare Ltd,bottle of 15 ml Oral Drops,65.0,false
Criticold Plus Syrup,Chlorpheniramine Maleate + Paracetamol,2mg/5ml + 250mg/5ml,Syrup,Leeford Healthcare Ltd,bottle of 60 ml Syrup,85.0,false
Criticold Plus Tablet,Chlorpheniramine Maleate + Paracetamol,2mg + 325mg,Tablet,Leeford Healthcare Ltd,strip of 10 tablets,40.0,false
Criticold Syrup,Chlorpheniramine Maleate + Phenylephrine,2mg + 5mg,Syrup,Leeford Healthcare Ltd,bottle of 60 ml Syrup,65.0,false
Crixan 125mg Granules,Clarithromycin,125mg,Powder,Sun Pharmaceutical Industries Ltd,bottle of 30 ml Powder for Oral Suspension,160.75,true
Crixan 125mg Granules Mixed Fruit,Clarithromycin,125mg,Powder,Sun Pharmaceutical Industries Ltd,bottle of 30 ml Powder for Oral Suspension,160.75,true
Crixan 250 Tablet,Clarithromycin,250mg,Tablet,Sun Pharmaceutical Industries Ltd,strip of 10 tablets,221.2,true
Crixan 500 Tablet,Clarithromycin,500mg,Tablet,Sun Pharmaceutical Industries Ltd,strip of 10 tablets,310.4,true
Crixan 500mg Injection,Clarithromycin,500mg,Injection,Sun Pharmaceutical Industries Ltd,vial of 1 Injection,1038.12,true
Crixan Gel,Clarithromycin,1% w/w,Gel,Sun Pharmaceutical Industries Ltd,tube of 15 gm Gel,145.0,true
Crixan OD 1000mg Tablet,Clarithromycin,1000mg,Tablet,Sun Pharmaceutical Industries Ltd,strip of 5 tablets,288.47,true
Crixan OD 500mg Tablet ER,Clarithromycin,500mg,Tablet,Sun Pharmaceutical Industries Ltd,strip of 6 tablet er,288.47,true
Crocin 1000mg Tablet,Paracetamol,1000mg,Tablet,GlaxoSmithKline Consumer Healthcare,strip of 10 tablets,41.0,false
Crocin Advance Tablet,Paracetamol,500mg,Tablet,GlaxoSmithKline Consumer Healthcare,strip of 20 tablets,22.62,false
Crocin Pain Relief Tablet,Caffeine + Paracetamol,50mg + 650mg,Tablet,GlaxoSmithKline Consumer Healthcare,strip of 15 tablets,65.73,false
Crolim 0.5mg Capsule,Tacrolimus,0.5mg,Capsule,Sun Pharmaceutical Industries Ltd,strip of 10 capsules,197.5,true
CTD-T 12.5/20 Tablet,Telmisartan + Chlorthalidone,20mg + 12.5mg,Tablet,Ipca Laboratories Ltd,strip of 10 tablets,116.0,true
CTD-T 12.5/20 Tablet,Telmisartan + Chlorthalidone,20mg + 12.5mg,Tablet,Ipca Laboratories Ltd,strip of 15 tablets,191.3,true
CTD-T 6.25/20 Tablet,Telmisartan + Chlorthalidone,20mg + 6.25mg,Tablet,Ipca Laboratories Ltd,strip of 15 tablets,149.85,true
CTD-T 6.25/80 Tablet,Telmisartan + Chlorthalidone,80mg + 6.25mg,Tablet,Ipca Laboratories Ltd,strip of 10 tablets,175.0,true
CTD-T 6.25/80 Tablet,Telmisartan + Chlorthalidone,80mg + 6.25mg,Tablet,Ipca Laboratories Ltd,strip of 15 tablets,262.5,true
Cucid 20mg Tablet,Omeprazole,20mg,Tablet,Cubit Healthcare,strip of 10 tablets,39.06,true
Cucid Oral Gel,Omeprazole,,Gel,Cubit Healthcare,bottle of 150 ml Oral Gel,50.75,true
Cuflift Junior Syrup,Ambroxol + Guaifenesin,15mg + 50mg,Syrup,Leeford Healthcare Ltd,bottle of 60 ml Syrup,75.0,false
Cuflift Plus SF Syrup,Ambroxol + Guaifenesin,30mg + 100mg,Syrup,Leeford Healthcare Ltd,bottle of 100 ml Syrup,100.0,false
Cuflift Plus Syrup,Ambroxol + Guaifenesin,30mg/5ml + 50mg/5ml,Syrup,Leeford Healthcare Ltd,bottle of 100 ml Syrup,95.0,false
Cuflift Tablet,Ambroxol + Levocetirizine,60mg + 5mg,Tablet,Leeford Healthcare Ltd,strip of 10 tablets,15.0,false
Cuflift-LS Junior Syrup,Levosalbutamol + Ambroxol,0.5mg + 15mg,Syrup,Leeford Healthcare Ltd,bottle of 60 ml Syrup,75.0,true
Cuflift-LS Oral Drops,Levosalbutamol + Ambroxol,0.25mg + 7.5mg,Drops,Leeford Healthcare Ltd,bottle of 15 ml Oral Drops,65.0,true
Cuga S 50 mg/15 mg Capsule,Diclofenac + Serratiopeptidase,50mg + 15mg,Capsule,Cadila Pharmaceuticals Ltd,strip of 10 capsules,75.81,false
Curam LB Suspension,Amoxycillin + Clavulanic Acid,400mg + 57mg,Suspension,Novartis India Ltd,bottle of 30 ml Suspension,149.03,true
Curelin 200mg/125mg Tablet,Amoxycillin + Clavulanic Acid,200mg + 125mg,Tablet,Cureton Biotech,strip of 10 tablets,168.0,true
CV Sprin 75mg Tablet,Aspirin,75mg,Tablet,Cadila Pharmaceuticals Ltd,strip of 10 tablets,2.21,false
CX 3 Tablet,Rifampicin + Isoniazid,450mg + 300mg,Tablet,Zydus Cadila,strip of 10 tablets,55.63,true
CX 5 Tablet,Rifampicin + Isoniazid,,Tablet,Zydus Cadila,strip of 5 tablets,15.83,true
Cyclo 0.5% Eye Drop,Ciclosporin,0.5% w/v,Drops,Zydus Cadila,bottle of 5 ml Eye Drop,329.0,false
Cyclofen 20 mg/250 mg Tablet,Dicyclomine + Mefenamic Acid,20mg + 250mg,Tablet,Biochem Pharmaceutical Industries,strip of 10 tablets,14.37,false
Cyclomune 0.05% Eye Drop,Ciclosporin,0.05% w/v,Drops,Sun Pharmaceutical Industries Ltd,packet of 3 ml Eye Drop,439.0,false
Cyclomune 0.1% Eye Drop,Ciclosporin,0.1% w/v,Drops,Sun Pharmaceutical Industries Ltd,packet of 3 ml Eye Drop,500.0,false
Cyclomune 50mg Tablet,Ciclosporin,50mg,Tablet,Sun Pharmaceutical Industries Ltd,strip of 10 tablets,365.0,false
Cyclones-P Suspension,Aceclofenac + Paracetamol,100mg + 325mg,Suspension,Fitwel Pharmaceuticals Private Limited,bottle of 60 ml Suspension,48.0,false
Cypro-L Syrup,Cyproheptadine + Tricholine Citrate,2mg + 275mg,Syrup,Ikon Remedies Pvt Ltd,bottle of 200 ml Syrup,51.55,false
Cystina Capsule,Methylcobalamin,1500mcg,Capsule,Intas Pharmaceuticals Ltd,strip of 10 capsules,93.0,false
CZ 3 Syrup,Cetirizine,5mg/5ml,Syrup,Lupin Ltd,bottle of 60 ml Syrup,43.68,false
CZ 3 Tablet,Cetirizine,10mg,Tablet,Lupin Ltd,strip of 10 tablets,20.38,false
CZ Cold Tablet,Caffeine + Cetirizine,30mg + 5mg,Tablet,Lupin Ltd,strip of 10 tablets,35.59,false
CZ L 5 mg/120 mg Capsule,Levocetirizine + Pseudoephedrine,5mg + 120mg,Capsule,Lupin Ltd,strip of 10 capsules,39.95,false
D Acne I 10 Capsule,Isotretinoin,10mg,Capsule,Glenmark Pharmaceuticals Ltd,strip of 10 capsules,167.0,true
D Acne I 20 Capsule,Isotretinoin,20mg,Capsule,Glenmark Pharmaceuticals Ltd,strip of 10 capsules,284.0,true
D Drox 10mg Tablet,Hydroxyzine,10mg,Tablet,Cubit Healthcare,strip of 10 tablets,24.5,true
D Drox 25mg Tablet,Hydroxyzine,25mg,Tablet,Cubit Healthcare,strip of 10 tablets,39.5,true
D Fylin 400mg Tablet,Doxofylline,400mg,Tablet,Cipla Ltd,strip of 10 tablets,48.07,true
D Lor 5mg Tablet,Desloratadine,5mg,Tablet,East West Pharma,strip of 10 tablets,59.0,false
D Tron 2mg Oral Drops,Ondansetron,2mg,Drops,Cablin Healthcare Pvt Ltd,bottle of 30 ml Oral Drops,33.0,true
D Void Tablet,Desmopressin,0.2mg,Tablet,Sun Pharmaceutical Industries Ltd,strip of 10 tablets,1080.0,false
D-Clav Dry Syrup,Amoxycillin + Clavulanic Acid,200mg/5ml + 28.5mg/5ml,Suspension,Dorphyll Healthcare,bottle of 30 ml Oral Suspension,62.0,true
D-Lorinol Tablet,Desloratadine,10mg,Tablet,Micro Labs Ltd,strip of 10 tablets,62.0,false
D-Signoflam Transgel,Diclofenac diethylamine + Methyl Salicylate,10mg + 150mg,Gel,Lupin Ltd,tube of 30 gm Gel,175.0,false
D-Veniz 100 Tablet ER,Desvenlafaxine,100mg,Tablet,Sun Pharmaceutical Industries Ltd,strip of 10 tablet er,293.0,true
D-Veniz 50 Tablet ER,Desvenlafaxine,50mg,Tablet,Sun Pharmaceutical Industries Ltd,strip of 10 tablet er,165.0,true
D-Venizep 100 Tablet ER,Desvenlafaxine + Clonazepam,100mg + 0.5mg,Tablet,Sun Pharmaceutical Industries Ltd,strip of 10 tablet er,320.0,true
D-Venizep 50 Tablet ER,Desvenlafaxine + Clonazepam,50mg + 0.5mg,Tablet,Sun Pharmaceutical Industries Ltd,strip of 10 tablet er,191.63,true
D-Venlor 100 Tablet ER,Desvenlafaxine,100mg,Tablet,Cipla Ltd,strip of 10 tablet er,237.18,true
D-Venlor 50 Tablet,Desvenlafaxine,50mg,Tablet,Cipla Ltd,strip of 10 tablets,122.98,true
Dactive 10mg Tablet,Zolpidem,10mg,Tablet,Zydus Cadila,strip of 10 tablets,30.0,true
Dactive 12.5mg Tablet,Zolpidem,12.5mg,Tablet,Zydus Cadila,strip of 7 tablets,58.51,true
Dactive 5mg Tablet,Zolpidem,5mg,Tablet,Zydus Cadila,strip of 10 tablets,20.0,true
Dactive 6.25mg Tablet,Zolpidem,6.25mg,Tablet,Zydus Cadila,strip of 7 tablets,48.26,true
Dactive 6.25mg Tablet SR,Zolpidem,6.25mg,Tablet,Zydus Cadila,strip of 7 tablet sr,64.52,true
Damita M 5/1000 Tablet ER,Dapagliflozin + Metformin,5mg + 1000mg,Tablet,Macleods Pharmaceuticals Pvt Ltd,strip of 15 tablet er,136.35,true
Danclear Cream,Ketoconazole + Zinc pyrithione,2% w/w + 1% w/w,Cream,Zydus Cadila,tube of 50 gm Cream,289.0,false
Danclear Gel,Ketoconazole + Zinc pyrithione,2% w/v + 1% w/v,Gel,Zydus Cadila,tube of 90 gm Gel,197.8,false
Danogen 100 Capsule,Danazol,100mg,Capsule,Cipla Ltd,strip of 10 capsules,349.96,false
Danogen 100mg Tablet,Danazol,100mg,Tablet,Cipla Ltd,strip of 30 tablets,583.87,false
Danogen 200 Capsule,Danazol,200mg,Capsule,Cipla Ltd,strip of 10 capsules,596.95,false
Danogen 50 Capsule,Danazol,50mg,Capsule,Cipla Ltd,strip of 10 capsules,162.1,false
Dapanorm 10 Tablet,Dapagliflozin,10mg,Tablet,Alkem Laboratories Ltd,strip of 10 tablets,175.0,true
Dapanorm 5mg Tablet,Dapagliflozin,5mg,Tablet,Alkem Laboratories Ltd,strip of 10 tablets,139.0,true
Dapanorm Duo 5mg/50mg Tablet,Dapagliflozin + Sitagliptin,5mg + 50mg,Tablet,Alkem Laboratories Ltd,strip of 10 tablets,165.0,true
Dapanorm Trio Forte Tablet ER,Dapagliflozin + Metformin,10mg + 1000mg,Tablet,Alkem Laboratories Ltd,strip of 10 tablet er,205.0,true
Dapanorm Trio Tablet ER,Dapagliflozin + Metformin,10mg + 500mg,Tablet,Alkem Laboratories Ltd,strip of 10 tablet er,197.0,true
Dapanorm-M 10 Tablet ER,Dapagliflozin + Metformin,10mg + 500mg,Tablet,Alkem Laboratories Ltd,strip of 10 tablet er,125.0,true
Dapanorm-M 5mg/500mg Tablet,Dapagliflozin + Metformin,5mg + 500mg,Tablet,Alkem Laboratories Ltd,strip of 10 tablets,83.0,true
Dapanorm-M Forte 5mg/1000mg Tablet,Dapagliflozin + Metformin,5mg + 1000mg,Tablet,Alkem Laboratories Ltd,strip of 10 tablets,90.94,true
Dapanorm-M10 Forte Tablet ER,Dapagliflozin + Metformin,10mg + 1000mg,Tablet,Alkem Laboratories Ltd,strip of 10 tablet er,145.0,true
Daparyl 10 Tablet,Dapagliflozin,10mg,Tablet,Intas Pharmaceuticals Ltd,strip of 10 tablets,130.0,true
Daparyl 5 Tablet,Dapagliflozin,5mg,Tablet,Intas Pharmaceuticals Ltd,strip of 10 tablets,108.0,true
Daparyl M 10/500 Tablet ER,Dapagliflozin + Metformin,10mg + 500mg,Tablet,Intas Pharmaceuticals Ltd,strip of 10 tablet er,125.0,true
Daparyl M 10mg/1000mg Tablet ER,Dapagliflozin + Metformin,10mg + 1000mg,Tablet,Intas Pharmaceuticals Ltd,strip of 10 tablet er,145.0,true
Daparyl M 5mg/1000mg Tablet,Dapagliflozin + Metformin,5mg + 1000mg,Tablet,Intas Pharmaceuticals Ltd,strip of 10 tablets,99.5,true
Daparyl M 5mg/500mg Tablet ER,Dapagliflozin + Metformin,5mg + 500mg,Tablet,Intas Pharmaceuticals Ltd,strip of 10 tablet er,82.5,true
Daparyl V 10mg/100mg Tablet,Dapagliflozin + Vildagliptin,10mg + 100mg,Tablet,Intas Pharmaceuticals Ltd,strip of 10 tablets,170.0,true
Daparyl V 5mg/100mg Tablet,Dapagliflozin + Vildagliptin,5mg + 100mg,Tablet,Intas Pharmaceuticals Ltd,strip of 10 tablets,160.0,true
Dapasach M 5mg/500mg Tablet,Dapagliflozin + Metformin,5mg + 500mg,Tablet,Cipla Ltd,strip of 10 tablets,70.0,true
Dapavel 10mg Tablet,Dapagliflozin,10mg,Tablet,Intas Pharmaceuticals Ltd,strip of 10 tablets,130.0,true
Dapavel 5mg Tablet,Dapagliflozin,5mg,Tablet,Intas Pharmaceuticals Ltd,strip of 10 tablets,108.0,true
Dapavel M 10/500 Tablet ER,Dapagliflozin + Metformin,10mg + 500mg,Tablet,Intas Pharmaceuticals Ltd,strip of 10 tablet er,125.0,true
Dapavel M 10mg/1000mg Tablet,Dapagliflozin + Metformin,10mg + 1000mg,Tablet,Intas Pharmaceuticals Ltd,strip of 10 tablets,145.0,true
Dapavel M 5mg/500mg Tablet,Dapagliflozin + Metformin,5mg + 500mg,Tablet,Intas Pharmaceuticals Ltd,strip of 10 tablets,82.5,true
Dapavel S 10mg/100mg Tablet,Dapagliflozin + Sitagliptin,10mg + 100mg,Tablet,Intas Pharmaceuticals Ltd,strip of 10 tablets,180.0,true
Dapavel-M 10/1000 Tablet ER,Dapagliflozin + Metformin,10mg + 1000mg,Tablet,Intas Pharmaceuticals Ltd,strip of 10 tablet er,145.0,true
Dapefy 10mg Tablet,Dapagliflozin,10mg,Tablet,Sun Pharmaceutical Industries Ltd,strip of 14 tablets,180.6,true
Dapefy 5mg Tablet,Dapagliflozin,5mg,Tablet,Sun Pharmaceutical Industries Ltd,strip of 14 tablets,137.2,true
Dapefy M 5mg/1000mg Tablet,Dapagliflozin + Metformin,5mg + 1000mg,Tablet,Sun Pharmaceutical Industries Ltd,strip of 14 tablets,203.0,true
Dapefy-S 5/50 Tablet,Dapagliflozin + Sitagliptin,5mg + 50mg,Tablet,Sun Pharmaceutical Industries Ltd,strip of 15 tablets,240.0,true
Dazit 10 Tablet,Desloratadine,10mg,Tablet,Sun Pharmaceutical Industries Ltd,strip of 15 tablets,252.0,false
Dazit 5mg Tablet,Desloratadine,5mg,Tablet,Sun Pharmaceutical Industries Ltd,strip of 15 tablets,159.0,false
DC 100mg Capsule,Doxycycline,100mg,Capsule,Intas Pharmaceuticals Ltd,strip of 10 capsules,9.28,true
Debrilyse Forte Tablet,Bromelain + Trypsin,180mg + 96mg,Tablet,Macleods Pharmaceuticals Pvt Ltd,strip of 10 tablets,480.0,false
Debrilyse Plus Tablet,Trypsin + Bromelain,48mg + 90mg,Tablet,Macleods Pharmaceuticals Pvt Ltd,strip of 10 tablets,281.5,false
Deca Evabolin 25mg Injection,Nandrolone Decanoate,25mg,Injection,Wockhardt Ltd,vial of 1 ml Injection,16.25,true
Deca Intabolin 50mg Injection,Nandrolone Decanoate,50mg,Injection,Intas Pharmaceuticals Ltd,vial of 1 ml Injection,259.0,true
Deca Ranbisolone 25mg Injection,Nandrolone Decanoate,25mg,Injection,Sun Pharmaceutical Industries Ltd,vial of 1 ml Injection,22.5,true
Deca Ranbisolone 50mg Injection,Nandrolone Decanoate,50mg,Injection,Sun Pharmaceutical Industries Ltd,vial of 1 ml Injection,205.0,true
Decol C Eye Drop,Chloramphenicol + Dexamethasone,1% w/v + 0.1% w/v,Drops,Intas Pharmaceuticals Ltd,packet of 5 ml Eye Drop,9.62,true
Decol N 0.5%/0.1% Eye Drop,Neomycin + Dexamethasone,0.5% + 0.1%,Drops,Intas Pharmaceuticals Ltd,bottle of 5 ml Eye Drop,8.05,true
Decol P Eye Ointment,Chloramphenicol + Dexamethasone,10mg + 1mg,Ointment,Intas Pharmaceuticals Ltd,tube of 3.5 gm Eye Ointment,16.0,true
Defcort 1 Tablet,Deflazacort,1mg,Tablet,Macleods Pharmaceuticals Pvt Ltd,strip of 6 tablets,18.15,true
Defcort 12 Tablet,Deflazacort,12mg,Tablet,Macleods Pharmaceuticals Pvt Ltd,strip of 6 tablets,147.6,true
Defcort 18 Tablet,Deflazacort,18mg,Tablet,Macleods Pharmaceuticals Pvt Ltd,strip of 6 tablets,215.05,true
Defcort 1mg Tablet,Deflazacort,1mg,Tablet,Macleods Pharmaceuticals Pvt Ltd,strip of 10 tablets,10.13,true
Defcort 24 Tablet,Deflazacort,24mg,Tablet,Macleods Pharmaceuticals Pvt Ltd,strip of 6 tablets,262.0,true
Defcort 30 Tablet,Deflazacort,30mg,Tablet,Macleods Pharmaceuticals Pvt Ltd,strip of 6 tablets,347.5,true
Defcort 6 Tablet,Deflazacort,6mg,Tablet,Macleods Pharmaceuticals Pvt Ltd,strip of 10 tablets,136.4,true
Defcort Oral Suspension,Deflazacort,6mg/5ml,Suspension,Macleods Pharmaceuticals Pvt Ltd,bottle of 30 ml Oral Suspension,76.8,true
Defcort TM Capsule PR,Tamsulosin + Deflazacort,0.4mg + 30mg,Capsule,Macleods Pharmaceuticals Pvt Ltd,strip of 10 capsule pr,641.3,true
Defcort TM Tablet,Tamsulosin + Deflazacort,0.4mg + 30mg,Tablet,Macleods Pharmaceuticals Pvt Ltd,strip of 10 tablets,641.3,true
Defenac 100mg Tablet SR,Diclofenac,100mg,Tablet,Lupin Ltd,strip of 10 tablet sr,29.5,false
Defenac MR Tablet,Diclofenac + Chlorzoxazone,,Tablet,Lupin Ltd,strip of 10 tablets,56.25,false
Defenac P 50mg/500mg Tablet,Diclofenac + Paracetamol,50mg + 500mg,Tablet,Lupin Ltd,strip of 10 tablets,20.0,false
Defenac P Amber Tablet,Diclofenac + Paracetamol,,Tablet,Lupin Ltd,strip of 20 tablets,168.27,false
Defenac P Silver Tablet,Diclofenac + Paracetamol,50mg + 500mg,Tablet,Lupin Ltd,strip of 10 tablets,23.5,false
Defenac P White Tablet,Diclofenac + Paracetamol,50mg + 500mg,Tablet,Lupin Ltd,strip of 10 tablets,5.27,false
Defenac Spray,Diclofenac,,Spray,Lupin Ltd,packet of 55 gm Spray,59.37,false
Defnalone 12mg Tablet,Deflazacort,12mg,Tablet,Lupin Ltd,strip of 10 tablets,145.0,true
Defnalone 1mg Tablet,Deflazacort,1mg,Tablet,Lupin Ltd,strip of 10 tablets,19.5,true
Defnalone 24 Tablet,Deflazacort,24mg,Tablet,Lupin Ltd,strip of 6 tablets,217.0,true
Defnalone 30mg Tablet,Deflazacort,30mg,Tablet,Lupin Ltd,strip of 6 tablets,280.5,true
Defnalone 6 Tablet,Deflazacort,6mg,Tablet,Lupin Ltd,strip of 10 tablets,141.45,true
Deletus Pearls Capsule,Phenylephrine + Chlorpheniramine Maleate,5mg + 2mg,Capsule,Abbott,strip of 10 capsules,79.78,false
Democlav Dry Syrup,Amoxycillin + Clavulanic Acid,400mg + 57.7mg,Syrup,Dr. Edwin Lab,bottle of 30 ml Dry Syrup,116.0,true
Depaxil CR 12.5 Tablet,Paroxetine,12.5mg,Tablet,Alkem Laboratories Ltd,strip of 10 Tablet pr,200.0,true
Depaxil CR 25 Tablet,Paroxetine,25mg,Tablet,Alkem Laboratories Ltd,strip of 10 Tablet pr,249.0,true
Depaxil CR 37.5 Tablet,Paroxetine,37.5mg,Tablet,Alkem Laboratories Ltd,strip of 10 tablet cr,347.0,true
Depaxil CR Plus 12.5 Tablet,Paroxetine + Clonazepam,12.5mg + 0.5mg,Tablet,Alkem Laboratories Ltd,strip of 10 tablet er,184.0,true
Deplatt 150 Tablet,Clopidogrel,150mg,Tablet,Torrent Pharmaceuticals Ltd,strip of 10 tablets,192.85,true
Deplatt A 150 Tablet,Aspirin + Clopidogrel,150mg + 75mg,Tablet,Torrent Pharmaceuticals Ltd,strip of 15 tablets,90.35,true
Deplatt A 75 Tablet,Aspirin + Clopidogrel,75mg + 75mg,Tablet,Torrent Pharmaceuticals Ltd,strip of 15 tablets,88.85,true
Deplatt CV 75mg/40mg/75mg Capsule,Aspirin + Atorvastatin,75mg + 40mg,Capsule,Torrent Pharmaceuticals Ltd,strip of 10 capsules,144.7,true
Deplatt Tablet,Clopidogrel,75mg,Tablet,Torrent Pharmaceuticals Ltd,strip of 15 tablets,96.3,true
Deplatt-AV 10 Capsule,Atorvastatin + Clopidogrel,10mg + 75mg,Capsule,Torrent Pharmaceuticals Ltd,strip of 10 capsules,140.55,true
Deplatt-AV 20 Capsule,Atorvastatin + Clopidogrel,20mg + 75mg,Capsule,Torrent Pharmaceuticals Ltd,strip of 10 capsules,187.0,true
Deplatt-AV 40 Capsule,Atorvastatin + Clopidogrel,40mg + 75mg,Capsule,Torrent Pharmaceuticals Ltd,strip of 10 capsules,314.45,true
Deplatt-CV 20 Capsule,Aspirin + Atorvastatin,75mg + 20mg,Capsule,Torrent Pharmaceuticals Ltd,strip of 10 capsules,111.0,true
Deplatt-CV Capsule,Aspirin + Atorvastatin,75mg + 10mg,Capsule,Torrent Pharmaceuticals Ltd,strip of 10 capsules,81.85,true
Depran 5 Tablet,Clonazepam + Escitalopram Oxalate,0.5mg + 5mg,Tablet,Intas Pharmaceuticals Ltd,strip of 15 tablets,171.0,true
Depran Forte 0.5mg/20mg Tablet,Clonazepam + Escitalopram Oxalate,0.5mg + 20mg,Tablet,Intas Pharmaceuticals Ltd,strip of 15 tablets,418.0,true
Depran-L Tablet,Clonazepam + Escitalopram Oxalate,0.25mg + 5mg,Tablet,Intas Pharmaceuticals Ltd,strip of 15 tablets,162.0,true
Depranex 15 Tablet,Escitalopram Oxalate,15mg,Tablet,Intas Pharmaceuticals Ltd,strip of 10 tablets,143.5,true
Depsol 25mg Tablet,Imipramine,25mg,Tablet,Intas Pharmaceuticals Ltd,strip of 10 tablets,12.5,false
Depsol Forte 5 mg/25 mg Tablet,Diazepam + Imipramine,5mg + 25mg,Tablet,Intas Pharmaceuticals Ltd,strip of 10 tablets,20.5,true
Depsol Plus 2 mg/25 mg Tablet,Diazepam + Imipramine,2mg + 25mg,Tablet,Intas Pharmaceuticals Ltd,strip of 10 tablets,18.0,true
Depsol Tablet,Imipramine,25mg,Tablet,Intas Pharmaceuticals Ltd,strip of 10 tablets,8.7,false
Dericip 231mg/69mg Tablet,Etofylline + Theophylline,231mg + 69mg,Tablet,Cipla Ltd,strip of 10 tablets,3.94,true
Dericip 77mg/23mg Tablet,Etofylline + Theophylline,77mg + 23mg,Tablet,Cipla Ltd,strip of 10 tablets,4.33,true
Dericip Retard 150 Tablet PR,Etofylline + Theophylline,115mg + 35mg,Tablet,Cipla Ltd,strip of 10 Tablet pr,8.64,true
Dericip Retard 300 Tablet PR,Etofylline + Theophylline,231mg + 69mg,Tablet,Cipla Ltd,strip of 10 Tablet pr,13.04,true
Deriphyllin BM Expectorant,Ambroxol + Guaifenesin,30mg/5ml + 50mg/5ml,Syrup,Zydus Cadila,bottle of 120 ml Expectorant,86.15,false
Deriphyllin BM Expectorant,Ambroxol + Guaifenesin,30mg/5ml + 50mg/5ml,Syrup,Zydus Cadila,bottle of 100 ml Expectorant,104.85,false
Deriphyllin M Tablet SR,Etofylline + Theophylline,231mg + 69mg,Tablet,Zydus Cadila,strip of 10 tablet sr,191.75,true
Deriphyllin OD 300 Tablet PR,Etofylline + Theophylline,231mg + 69mg,Tablet,Zydus Cadila,strip of 15 Tablet pr,118.4,true
Deriphyllin OD 450 Tablet PR,Etofylline + Theophylline,346mg + 104mg,Tablet,Zydus Cadila,strip of 15 Tablet pr,157.3,true
Deriphyllin Retard 150 Tablet PR,Etofylline + Theophylline,115mg + 35mg,Tablet,Zydus Cadila,strip of 30 Tablet pr,33.6,true
Deriphyllin Retard 300 Tablet PR,Etofylline + Theophylline,231mg + 69mg,Tablet,Zydus Cadila,strip of 30 Tablet pr,51.7,true
Deriphyllin Syrup,Etofylline + Theophylline,46.5mg/5ml + 12.73mg/5ml,Syrup,Zydus Cadila,bottle of 200 ml Syrup,65.65,true
Deriphyllin Tablet,Etofylline + Theophylline,77mg + 23mg,Tablet,Zydus Cadila,bottle of 350 tablets,190.3,true
Deriphyllin Tablet,Etofylline + Theophylline,77mg + 23mg,Tablet,Zydus Cadila,strip of 30 tablets,20.55,true
Dermigen NF Cream,Ofloxacin + Ornidazole,0.75% w/w + 2% w/w,Cream,Alkem Laboratories Ltd,tube of 15 gm Cream,80.0,true
Dermikem 4 Cream,Chlorhexidine Gluconate + Clobetasol,0.02% w/w + 0.05% w/w,Cream,Alkem Laboratories Ltd,tube of 10 gm Cream,75.0,true
Dermikem 4 Cream,Chlorhexidine Gluconate + Clobetasol,0.02% w/w + 0.05% w/w,Cream,Alkem Laboratories Ltd,tube of 5 gm Cream,46.0,true
Dermikem KT 5 Cream,Ketoconazole + Clioquinol (Iodochlorhydroxyquin),2% w/w + 1% w/w,Cream,Alkem Laboratories Ltd,tube of 15 gm Cream,90.0,false
Dermikem OC Cream,Terbinafine + Clobetasol,1% w/w + 0.05% w/w,Cream,Alkem Laboratories Ltd,tube of 15 gm Cream,84.0,true
Dermikem OC Plus Cream,Clobetasol + Miconazole,,Cream,Alkem Laboratories Ltd,tube of 15 gm Cream,92.0,true
Dexagee 0.5mg Tablet,Dexamethasone,0.5mg,Tablet,Zydus Cadila,bottle of 100 tablets,12.5,true
Dexagee 500mg Tablet,Dexamethasone,500mg,Tablet,Zydus Cadila,strip of 10 tablets,2.15,true
Dexoderm Cream,Terbinafine + Clobetasol,,Cream,Micro Labs Ltd,tube of 15 gm Cream,100.0,true
Dexoderm NF Cream,Ofloxacin + Ornidazole,0.75% w/w + 2% w/w,Cream,Micro Labs Ltd,tube of 15 gm Cream,85.0,true
Dexona 6mg Tablet,Dexamethasone,6mg,Tablet,Zydus Cadila,strip of 10 tablets,37.63,true
Dexona Tablet,Dexamethasone,0.5mg,Tablet,Zydus Cadila,strip of 30 tablets,7.05,true
Dezacor 18mg Tablet,Deflazacort,18mg,Tablet,Aristo Pharmaceuticals Pvt Ltd,strip of 6 tablets,129.47,true
Dezacor 1mg Tablet,Deflazacort,1mg,Tablet,Aristo Pharmaceuticals Pvt Ltd,strip of 10 tablets,25.7,true
Dezacor 24mg Tablet,Deflazacort,24mg,Tablet,Aristo Pharmaceuticals Pvt Ltd,strip of 6 tablets,169.83,true
Dezlorid 10mg Tablet,Desloratadine,10mg,Tablet,Intas Pharmaceuticals Ltd,strip of 10 tablets,115.0,false
Dezlorid 5mg Tablet,Desloratadine,5mg,Tablet,Intas Pharmaceuticals Ltd,strip of 10 tablets,105.0,false
Diafer 250mg Tablet,Metformin,250mg,Tablet,East West Pharma,strip of 10 tablets,9.77,true
Dianorm 20mg Tablet,Gliclazide,20mg,Tablet,Micro Labs Ltd,strip of 10 tablets,59.0,true
Dianorm 40mg Tablet,Gliclazide,40mg,Tablet,Micro Labs Ltd,strip of 10 tablets,59.0,true
Dianorm 80mg Tablet,Gliclazide,80mg,Tablet,Micro Labs Ltd,strip of 10 tablets,64.0,true
Dianorm Total 30 Tablet SR,Gliclazide + Pioglitazone,30mg + 15mg,Tablet,Micro Labs Ltd,strip of 10 tablet sr,86.0,true
Dianorm Total 60mg/15mg/500mg Tablet SR,Gliclazide + Pioglitazone,60mg + 15mg,Tablet,Micro Labs Ltd,strip of 10 tablet sr,141.0,true
Dianorm-M OD 1000 Tablet SR,Gliclazide + Metformin,60mg + 1000mg,Tablet,Micro Labs Ltd,strip of 10 tablet sr,135.0,true
Dianorm-M OD Tablet SR,Gliclazide + Metformin,60mg + 500mg,Tablet,Micro Labs Ltd,strip of 10 tablet sr,147.0,true
Dianorm-M Tablet,Gliclazide + Metformin,80mg + 500mg,Tablet,Micro Labs Ltd,strip of 15 tablets,207.0,true
Dianorm-OD 30 Tablet MR,Gliclazide,30mg,Tablet,Micro Labs Ltd,strip of 10 tablet mr,62.0,true
Dianorm-OD 60 Tablet MR,Gliclazide,60mg,Tablet,Micro Labs Ltd,strip of 10 tablet mr,120.0,true
Diapride 1 Tablet,Glimepiride,1mg,Tablet,Micro Labs Ltd,strip of 30 tablets,134.06,true
Dic OM Capsule,Diclofenac,,Capsule,Lupin Ltd,strip of 10 capsules,22.0,false
Dic OM Tablet SR,Diclofenac,,Tablet,Lupin Ltd,strip of 10 tablet sr,30.46,false
Dic Plus Dry Syrup,Aceclofenac + Paracetamol,50mg/5ml + 125mg/5ml,Syrup,P R G Pharma Pvt Ltd,bottle of 60 ml Dry Syrup,48.0,false
DICARD 30MG TABLET,Diltiazem,30mg,Tablet,Intas Pharmaceuticals Ltd,strip of 10 tablets,16.5,true
DICARD 60MG TABLET,Diltiazem,60mg,Tablet,Intas Pharmaceuticals Ltd,strip of 10 tablets,30.6,true
DICARD 90MG TABLET SR,Diltiazem,90mg,Tablet,Intas Pharmaceuticals Ltd,strip of 10 tablet sr,41.5,true
Diclofam 100mg Tablet SR,Diclofenac,100mg,Tablet,Intas Pharmaceuticals Ltd,strip of 1 Tablet SR,4.73,false
Diclofam 25mg Injection,Diclofenac,25mg,Injection,Intas Pharmaceuticals Ltd,vial of 3 ml Injection,2.43,true
Diclofam Forte Tablet,Diclofenac + Magnesium Trisilicate,50mg + 100mg,Tablet,Abbott,strip of 10 tablets,30.0,false
Diclofam MR 250mg/50mg/325mg Tablet,Chlorzoxazone + Diclofenac,250mg + 50mg,Tablet,Abbott,strip of 10 tablets,217.5,false
Diclofam SP 50 mg/10 mg Tablet,Diclofenac + Serratiopeptidase,50mg + 10mg,Tablet,Abbott,strip of 10 tablets,55.0,false
Diclofen Gel,Diclofenac,10mg,Gel,Biochem Pharmaceutical Industries,tube of 30 gm Gel,97.4,false
Dicloflam 50mg Tablet,Diclofenac,50mg,Tablet,Intas Pharmaceuticals Ltd,strip of 10 tablets,15.81,false
Dicloflam Gel,Diclofenac,,Gel,Intas Pharmaceuticals Ltd,tube of 30 gm Gel,41.0,false
Diclogesic RR 75mg Injection,Diclofenac,75mg,Injection,Torrent Pharmaceuticals Ltd,vial of 2 ml Injection,51.65,true
Diclogesic Spas Tablet,Dicyclomine + Diclofenac,20mg + 50mg,Tablet,Torrent Pharmaceuticals Ltd,strip of 10 tablets,57.0,false
Diclogesic TH 4 Tablet,Thiocolchicoside + Diclofenac,4mg + 50mg,Tablet,Torrent Pharmaceuticals Ltd,strip of 10 tablets,113.0,true
Diclogesic TH 8 mg/50 mg Tablet,Thiocolchicoside + Diclofenac,8mg + 50mg,Tablet,Torrent Pharmaceuticals Ltd,strip of 10 tablets,174.0,true
Diclomax 100mg Tablet,Diclofenac,100mg,Tablet,Torrent Pharmaceuticals Ltd,strip of 10 tablets,39.0,false
Diclomax 25mg Tablet,Diclofenac,25mg,Tablet,Torrent Pharmaceuticals Ltd,strip of 10 tablets,3.85,false
Diclomax 25mg/ml Injection,Diclofenac,25mg/ml,Injection,Torrent Pharmaceuticals Ltd,vial of 3 ml Injection,3.0,true
Diclomove P Tablet,Diclofenac + Paracetamol,500mg + 500mg,Tablet,Emcure Pharmaceuticals Ltd,strip of 10 tablets,41.75,false
Diclomove Sera Tablet,Diclofenac + Paracetamol,,Tablet,Emcure Pharmaceuticals Ltd,strip of 10 tablets,58.0,false
Diclonac 0.1% Injection,Diclofenac,0.1%,Injection,Lupin Ltd,vial of 15 ml Injection,15.0,true
Diclonac 25mg/ml Injection,Diclofenac,25mg/ml,Injection,Lupin Ltd,vial of 3 ml Injection,4.0,true
Diclonac Gel,Diclofenac,1% w/w,Gel,Lupin Ltd,tube of 30 gm Gel,109.0,false
Diclonac Injection 1ml,Diclofenac,75mg,Injection,Lupin Ltd,packet of 5 injections,99.0,true
Diclonac Transgel Gel,Diclofenac,1%,Gel,Lupin Ltd,tube of 30 gm Gel,131.8,false
Diclonova 1% Gel,Diclofenac,1%,Gel,Lupin Ltd,tube of 30 gm Gel,42.0,false
Diclonova P 25 mg/500 mg Tablet,Diclofenac + Paracetamol,25mg + 500mg,Tablet,Lupin Ltd,strip of 10 tablets,17.13,false
Diclotas 1.16% Gel,Diclofenac,1.16%,Gel,Intas Pharmaceuticals Ltd,tube of 30 gm Gel,11.25,false
Dicorate ER 125 Tablet,Divalproex,125mg,Tablet,Sun Pharmaceutical Industries Ltd,strip of 10 tablet er,56.5,true
Dicorate ER 1g Tablet,Divalproex,1000mg,Tablet,Sun Pharmaceutical Industries Ltd,strip of 10 tablet er,208.0,true
Dicorate ER 250 Tablet,Divalproex,250mg,Tablet,Sun Pharmaceutical Industries Ltd,strip of 10 tablet er,108.0,true
Dicorate ER 500 Tablet,Divalproex,500mg,Tablet,Sun Pharmaceutical Industries Ltd,strip of 10 tablet er,182.0,true
Dicorate ER 750 Tablet,Divalproex,750mg,Tablet,Sun Pharmaceutical Industries Ltd,strip of 10 tablet er,214.0,true
Dicorate Solution,Divalproex,250mg/5ml,Solution,Sun Pharmaceutical Industries Ltd,bottle of 100 ml Oral Solution,156.0,true
Difenic 0.1% Eye Drop,Diclofenac,0.1% w/v,Drops,Intas Pharmaceuticals Ltd,packet of 5 ml Eye Drop,15.5,false
Dilnip 10 Tablet,Cilnidipine,10mg,Tablet,Lupin Ltd,strip of 15 tablets,180.45,true
Dilnip 20 Tablet,Cilnidipine,20mg,Tablet,Lupin Ltd,strip of 15 tablets,259.95,true
Dilnip 20 Tablet,Cilnidipine,20mg,Tablet,Lupin Ltd,strip of 10 tablets,157.7,true
Dilnip 5 Tablet,Cilnidipine,5mg,Tablet,Lupin Ltd,strip of 10 tablets,73.0,true
Dilnip 5 Tablet,Cilnidipine,5mg,Tablet,Lupin Ltd,strip of 15 tablets,109.5,true
Dilnip M 10mg/25mg Tablet PR,Cilnidipine + Metoprolol Succinate,10mg + 25mg,Tablet,Lupin Ltd,strip of 10 Tablet pr,97.3,true
Dilnip M 10mg/50mg Tablet,Cilnidipine + Metoprolol Succinate,10mg + 50mg,Tablet,Lupin Ltd,strip of 10 tablets,113.9,true
Dilzem -SR Tablet,Diltiazem,90mg,Tablet,Torrent Pharmaceuticals Ltd,strip of 15 tablet sr,173.8,true
Dilzem 30 Tablet CR,Diltiazem,30mg,Tablet,Torrent Pharmaceuticals Ltd,strip of 15 tablet cr,44.58,true
Dilzem 60 Tablet CR,Diltiazem,60mg,Tablet,Torrent Pharmaceuticals Ltd,strip of 15 tablet cr,90.85,true
Dilzem CD 120 Capsule ER,Diltiazem,120mg,Capsule,Torrent Pharmaceuticals Ltd,strip of 10 capsule er,250.1,true
Dilzem CD 180 Capsule ER,Diltiazem,180mg,Capsule,Torrent Pharmaceuticals Ltd,strip of 10 capsule er,322.25,true
Dilzem CD 240mg Tablet,Diltiazem,240mg,Tablet,Torrent Pharmaceuticals Ltd,strip of 10 tablets,168.0,true
Dilzem CD 90 Capsule ER,Diltiazem,90mg,Capsule,Torrent Pharmaceuticals Ltd,strip of 10 capsule er,119.2,true
Dilzem Gel,Diltiazem,2% w/v,Gel,Torrent Pharmaceuticals Ltd,tube of 30 gm Rectal Gel,25.3,true
Dipane Plus Tablet,Diclofenac + Paracetamol,500mg,Tablet,Wockhardt Ltd,strip of 10 tablets,39.0,false
Diprobate ES Plus Ointment,Betamethasone + Salicylic Acid,0.05% w/w + 6% w/w,Ointment,Sun Pharmaceutical Industries Ltd,tube of 30 gm Ointment,175.0,true
Diprobate G Plus Cream,Betamethasone + Gentamicin,0.05% w/w + 0.1% w/w,Cream,Sun Pharmaceutical Industries Ltd,tube of 30 gm Cream,91.0,true
Diprobate RD Cream,Betamethasone,0.0125% w/w,Cream,Sun Pharmaceutical Industries Ltd,tube of 30 gm Cream,37.25,true
Diprobate S Plus Ointment,Betamethasone + Salicylic Acid,0.05% w/w + 3.5% w/w,Ointment,Sun Pharmaceutical Industries Ltd,tube of 30 gm Ointment,165.0,true
Diproex 125mg Tablet,Divalproex,125mg,Tablet,Torrent Pharmaceuticals Ltd,strip of 10 tablets,80.0,true
Distaclor 50mg Drop,Cefaclor,50mg,Drops,Sun Pharmaceutical Industries Ltd,packet of 15 ml Drop,92.0,true
Divaa -OD 1000 Tablet ER,Divalproex,1000mg,Tablet,Intas Pharmaceuticals Ltd,strip of 10 tablet er,238.0,true
Divaa -OD 500 Tablet ER,Divalproex,500mg,Tablet,Intas Pharmaceuticals Ltd,strip of 10 tablet er,165.0,true
Divaa -OD 750 Tablet ER,Divalproex,750mg,Tablet,Intas Pharmaceuticals Ltd,strip of 10 tablet er,214.0,true
Divaa 250 Solution,Divalproex,250mg/5ml,Solution,Intas Pharmaceuticals Ltd,bottle of 100 ml Oral Solution,211.0,true
Divaa 250 Tablet,Divalproex,250mg,Tablet,Intas Pharmaceuticals Ltd,strip of 15 tablets,128.0,true
Divaa 500 Oral Solution,Divalproex,500mg/5ml,Solution,Intas Pharmaceuticals Ltd,bottle of 100 ml Oral Solution,304.0,true
Divaa 500 Tablet,Divalproex,500mg,Tablet,Intas Pharmaceuticals Ltd,strip of 15 tablets,211.0,true
Divaa-OD 125 Tablet ER,Divalproex,125mg,Tablet,Intas Pharmaceuticals Ltd,strip of 10 tablet er,51.01,true
Divaa-OD 250 Tablet ER,Divalproex,250mg,Tablet,Intas Pharmaceuticals Ltd,strip of 10 tablet er,98.0,true
Divalprid-OD 100mg Tablet,Divalproex,100mg,Tablet,Micro Labs Ltd,strip of 10 tablets,41.32,true
Divon 25mg Injection,Diclofenac,25mg,Injection,Micro Labs Ltd,vial of 3 ml Injection,10.57,true
Divon AQ 75mg Injection,Diclofenac,75mg,Injection,Micro Labs Ltd,vial of 1 ml Injection,26.0,true
Divon MR 4mg/50mg Tablet,Thiocolchicoside + Diclofenac,4mg + 50mg,Tablet,Micro Labs Ltd,strip of 10 tablets,165.0,true
Dizep 5mg Tablet,Diazepam,5mg,Tablet,Intas Pharmaceuticals Ltd,strip of 10 tablets,17.5,true
DO RE ME 25mg Tablet,Dosulepin,25mg,Tablet,Intas Pharmaceuticals Ltd,strip of 10 tablets,48.5,false
Dolex Tablet DT,Tramadol,,Tablet,Cipla Ltd,strip of 10 tablet dt,45.0,true
Doliprane 100mg/ml Drop,Paracetamol,100mg/ml,Drops,Abbott,packet of 15 ml Drop,12.25,false
Doliprane 125mg/5ml Syrup,Paracetamol,125mg/5ml,Syrup,Abbott,bottle of 60 ml Syrup,22.05,false
Dolo 1000mg Infusion,Paracetamol,1000mg,Injection,Micro Labs Ltd,bottle of 100 ml Infusion,268.0,true
Dolo 1000mg Tablet,Paracetamol,1000mg,Tablet,Micro Labs Ltd,strip of 10 tablets,45.0,false
Dolo 120 Suspension,Paracetamol,120mg/5ml,Suspension,Micro Labs Ltd,bottle of 60 ml Oral Suspension,39.64,false
Dolo 156.25mg Suspension,Paracetamol,156.25mg/5ml,Suspension,Micro Labs Ltd,bottle of 60 ml Suspension,51.0,false
Dolo 250 Oral Suspension,Paracetamol,250mg/5ml,Suspension,Micro Labs Ltd,bottle of 60 ml Oral Suspension,44.35,false
Dolo 500 Tablet,Paracetamol,500mg,Tablet,Micro Labs Ltd,strip of 15 tablets,16.96,false
Dolo 500 Tablet,Paracetamol,500mg,Tablet,Micro Labs Ltd,strip of 10 tablets,10.19,false
Dolo 650 Tablet,Paracetamol,650mg,Tablet,Micro Labs Ltd,strip of 15 tablets,34.27,false
Dolo Drops,Paracetamol,100mg/ml,Suspension,Micro Labs Ltd,packet of 15 ml Oral Suspension,30.07,false
Dolo-MF Junior Oral Suspension,Mefenamic Acid + Paracetamol,50mg/5ml + 125mg/5ml,Suspension,Micro Labs Ltd,bottle of 60 ml Oral Suspension,57.5,false
Dolo-MF Oral Suspension,Mefenamic Acid + Paracetamol,100mg + 250mg,Suspension,Micro Labs Ltd,bottle of 60 ml Oral Suspension,57.5,false
Dolo-T Tablet,Tramadol + Paracetamol,37.5mg + 325mg,Tablet,Micro Labs Ltd,strip of 10 tablets,113.0,true
Doloban-S Tablet,Diclofenac + Serratiopeptidase,50mg + 15mg,Tablet,Mankind Pharma Ltd,strip of 10 tablets,62.0,false
Dolocold DS Oral Suspension,Chlorpheniramine Maleate + Paracetamol,2mg + 250mg,Suspension,Micro Labs Ltd,bottle of 60 ml Oral Suspension,51.75,false
Dolocold Syrup,Chlorpheniramine Maleate + Paracetamol,1mg + 125mg,Syrup,Micro Labs Ltd,bottle of 60 ml Syrup,38.0,false
Dolomol 250mg/5ml Syrup,Paracetamol,250mg/5ml,Syrup,Micro Labs Ltd,bottle of 60 ml Syrup,29.55,false
Dolopar CC Tablet,Paracetamol + Caffeine,,Tablet,Micro Labs Ltd,strip of 10 tablets,20.17,false
Dolopar Drops,Paracetamol,100mg/ml,Suspension,Micro Labs Ltd,packet of 15 ml Oral Suspension,30.07,false
Dolopar M DS Suspension,Mefenamic Acid + Paracetamol,100mg/5ml + 250mg/5ml,Suspension,Micro Labs Ltd,bottle of 60 ml Suspension,53.0,false
Dolopar M Suspension,Mefenamic Acid + Paracetamol,50mg/5ml + 125mg/5ml,Suspension,Micro Labs Ltd,bottle of 60 ml Suspension,56.5,false
Dolopar Plus Capsule,Caffeine + Paracetamol,10mg,Capsule,Micro Labs Ltd,strip of 10 capsules,26.66,false
Dolopar Tablet,Caffeine + Paracetamol,25mg + 500mg,Tablet,Micro Labs Ltd,strip of 15 tablets,53.0,false
Dolowin Gel,Aceclofenac,,Gel,Micro Labs Ltd,tube of 30 gm Gel,102.0,false
Dolowin Old Tablet,Pentazocine,,Tablet,Micro Labs Ltd,strip of 10 tablets,25.47,false
Dolowin Spas Tablet,Drotaverine + Aceclofenac,80mg + 100mg,Tablet,Micro Labs Ltd,strip of 10 tablets,119.0,false
Dolowin Tablet,Aceclofenac,100mg,Tablet,Micro Labs Ltd,strip of 10 tablets,55.0,false
Dolowin-SR Tablet,Aceclofenac,200mg,Tablet,Micro Labs Ltd,strip of 10 tablet sr,86.0,false
Domadol 100mg Injection,Tramadol,100mg,Injection,Torrent Pharmaceuticals Ltd,vial of 2 ml Injection,27.6,true
Domadol 100mg Tablet SR,Tramadol,100mg,Tablet,Torrent Pharmaceuticals Ltd,strip of 10 tablet sr,45.97,true
Domadol 50mg Capsule,Tramadol,50mg,Capsule,Torrent Pharmaceuticals Ltd,strip of 10 capsules,56.0,true
Domadol 50mg Injection,Tramadol,50mg,Injection,Torrent Pharmaceuticals Ltd,vial of 1 ml Injection,13.48,true
Domadol Plus 325 mg/37.5 mg Tablet,Paracetamol/Acetaminophen + Tramadol,325mg + 37.5mg,Tablet,Torrent Pharmaceuticals Ltd,strip of 10 tablets,105.3,true
Dombax 5mg Suspension,Domperidone,5mg,Suspension,Sun Pharmaceutical Industries Ltd,bottle of 30 ml Suspension,15.12,true
Dompan Forte Tablet,Domperidone + Pantoprazole,15mg + 40mg,Tablet,Medley Pharmaceuticals,strip of 10 tablets,120.0,true
Dompan SR Tablet,Domperidone + Pantoprazole,30mg + 40mg,Tablet,Medley Pharmaceuticals,strip of 10 tablet sr,158.0,true
Dompan Tablet,Domperidone + Pantoprazole,10mg + 20mg,Tablet,Medley Pharmaceuticals,strip of 10 tablets,118.0,true
Domperon 10mg Drop,Domperidone,10mg,Drops,Cadila Pharmaceuticals Ltd,packet of 5 ml Drop,59.0,true
Domperon 10mg Tablet,Domperidone,10mg,Tablet,Cadila Pharmaceuticals Ltd,strip of 10 tablets,30.2,true
Domperon 1mg/ml Suspension,Domperidone,1mg/ml,Suspension,Cadila Pharmaceuticals Ltd,bottle of 30 ml Suspension,34.5,true
Domperon 20mg Tablet,Domperidone,20mg,Tablet,Cadila Pharmaceuticals Ltd,strip of 10 tablets,18.95,true
Domperon 5mg Tablet,Domperidone,5mg,Tablet,Cadila Pharmaceuticals Ltd,strip of 10 tablets,12.86,true
Domperon OD 30mg Capsule,Domperidone,30mg,Capsule,Cadila Pharmaceuticals Ltd,strip of 10 capsules,56.35,true
Domperon Paed 1mg/ml Drop,Domperidone,1mg/ml,Drops,Cadila Pharmaceuticals Ltd,packet of 5 ml Drop,49.2,true
Domperon Paed 1mg/ml Syrup,Domperidone,1mg/ml,Syrup,Cadila Pharmaceuticals Ltd,bottle of 30 ml Syrup,32.93,true
Domstal 10mg Tablet,Domperidone,10mg,Tablet,Torrent Pharmaceuticals Ltd,strip of 10 tablets,29.79,true
Domstal 5 DT Tablet,Domperidone,5mg,Tablet,Torrent Pharmaceuticals Ltd,strip of 15 tablet dt,54.5,true
Domstal Baby Oral Drops,Domperidone,10mg/ml,Drops,Torrent Pharmaceuticals Ltd,bottle of 5 ml Oral Drops,79.85,true
Domstal DT Tablet,Domperidone,10mg,Tablet,Torrent Pharmaceuticals Ltd,strip of 15 tablet dt,44.74,true
Domstal Mps 10 mg/125 mg Tablet,Domperidone + Dimethicone,10mg + 125mg,Tablet,Torrent Pharmaceuticals Ltd,strip of 10 tablets,34.32,true
Domstal MT 10 Tablet DT,Domperidone,10mg,Tablet,Torrent Pharmaceuticals Ltd,strip of 10 tablet dt,25.85,true
Domstal NP 250mg/10mg Tablet,Naproxen + Domperidone,250mg + 10mg,Tablet,Torrent Pharmaceuticals Ltd,strip of 10 tablets,58.8,true
Domstal NP 500mg/10mg Tablet,Naproxen + Domperidone,500mg + 10mg,Tablet,Torrent Pharmaceuticals Ltd,strip of 10 tablets,73.0,true
Domstal O Capsule,Domperidone + Omeprazole,10mg + 10mg,Capsule,Torrent Pharmaceuticals Ltd,strip of 15 capsules,163.25,true
Domstal RD Capsule,Domperidone + Omeprazole,10mg + 20mg,Capsule,Torrent Pharmaceuticals Ltd,strip of 15 capsules,166.95,true
Domstal Suspension,Domperidone,1mg/ml,Suspension,Torrent Pharmaceuticals Ltd,bottle of 30 ml Suspension,39.93,true
Don Gel,Diclofenac,,Gel,Sun Pharmaceutical Industries Ltd,tube of 30 gm Gel,31.25,false
Donep -SR 23 Tablet,Donepezil,23mg,Tablet,Alkem Laboratories Ltd,strip of 10 tablet sr,337.0,true
Donep 10 Tablet,Donepezil,10mg,Tablet,Alkem Laboratories Ltd,strip of 15 tablets,299.23,true
Donep 5 Tablet,Donepezil,5mg,Tablet,Alkem Laboratories Ltd,strip of 15 tablets,209.62,true
Donep-M Forte Tablet,Donepezil + Memantine,5mg + 10mg,Tablet,Alkem Laboratories Ltd,strip of 15 tablets,359.0,true
Donep-M Tablet,Donepezil + Memantine,5mg + 5mg,Tablet,Alkem Laboratories Ltd,strip of 15 tablets,290.0,true
Donetaz SR 11.5 Tablet,Donepezil,11.5mg,Tablet,Sun Pharmaceutical Industries Ltd,strip of 10 tablet sr,249.0,true
Donetaz SR 23 Tablet,Donepezil,23mg,Tablet,Sun Pharmaceutical Industries Ltd,strip of 10 tablet sr,325.0,true
Dorfree 60mg/8mg Tablet MR,Etoricoxib + Thiocolchicoside,60mg + 8mg,Tablet,Lupin Ltd,strip of 10 tablet mr,350.6,true
Dorzox T Eye Drop,Dorzolamide + Timolol,2% w/v + 0.5% w/v,Drops,Cipla Ltd,packet of 5 ml Eye Drop,537.48,false
Dorzox T PF Eye Drop,Dorzolamide + Timolol,2% w/v + 0.5% w/v,Drops,Cipla Ltd,bottle of 10 ml Eye Drop,999.0,false
Dothip 25mg Tablet,Dosulepin,25mg,Tablet,Micro Labs Ltd,strip of 10 tablets,57.8,false
Dothip 25mg Tablet,Dosulepin,25mg,Tablet,Micro Labs Ltd,strip of 15 tablets,86.7,false
Dothip 50mg Tablet,Dosulepin,50mg,Tablet,Micro Labs Ltd,strip of 10 tablets,85.0,false
Dothip 75mg Tablet,Dosulepin,75mg,Tablet,Micro Labs Ltd,strip of 10 tablets,123.0,false
Doverin 40 Tablet,Drotaverine,40mg,Tablet,Intas Pharmaceuticals Ltd,strip of 10 tablets,46.5,false
Doverin 80 Tablet,Drotaverine,80mg,Tablet,Intas Pharmaceuticals Ltd,strip of 10 tablets,96.5,false
Doverin A 80mg/100mg Tablet,Drotaverine + Aceclofenac,80mg + 100mg,Tablet,Intas Pharmaceuticals Ltd,strip of 10 tablets,144.0,false
Doverin M 80mg/250mg Tablet,Drotaverine + Mefenamic Acid,80mg + 250mg,Tablet,Intas Pharmaceuticals Ltd,strip of 10 tablets,117.0,false
Doxcef 100mg/5ml Syrup,Cefpodoxime Proxetil,100mg/5ml,Syrup,Lupin Ltd,bottle of 30 ml Syrup,186.85,true
Doxcef 200 Tablet,Cefpodoxime Proxetil,200mg,Tablet,Lupin Ltd,strip of 10 tablets,168.6,true
Doxcef 50mg Syrup,Cefpodoxime Proxetil,50mg,Syrup,Lupin Ltd,bottle of 30 ml Syrup,99.1,true
Doxcef CV 200 Tablet,Cefpodoxime Proxetil + Clavulanic Acid,200mg + 125mg,Tablet,Lupin Ltd,strip of 10 tablets,387.76,true
Doxcef CV 50mg/31.25mg Dry Syrup,Cefpodoxime Proxetil + Clavulanic Acid,50mg + 31.25mg,Syrup,Lupin Ltd,bottle of 30 ml Dry Syrup,130.01,true
Doxcef CV Tablet DT,Cefpodoxime Proxetil + Clavulanic Acid,100mg + 62.5mg,Tablet,Lupin Ltd,strip of 10 tablet dt,286.0,true
Doxcef XL 50mg Syrup,Cefpodoxime Proxetil,50mg,Syrup,Lupin Ltd,bottle of 60 ml Syrup,135.0,true
Doxcef-O Tablet,Cefpodoxime Proxetil + Ofloxacin,200mg + 200mg,Tablet,Lupin Ltd,strip of 10 tablets,271.5,true
Doxin 10mg Capsule,Doxepin,10mg,Capsule,Intas Pharmaceuticals Ltd,strip of 10 capsules,37.0,false
Doxin 25mg Capsule,Doxepin,25mg,Capsule,Intas Pharmaceuticals Ltd,strip of 10 capsules,81.5,false
Doxin 75mg Capsule,Doxepin,75mg,Capsule,Intas Pharmaceuticals Ltd,strip of 10 capsules,134.5,false
Doxolin 200mg Tablet,Doxofylline,200mg,Tablet,Zydus Cadila,strip of 30 tablets,87.8,true
Doxolin 400mg Tablet,Doxofylline,400mg,Tablet,Zydus Cadila,strip of 30 tablets,115.35,true
Doxolin 400mg Tablet SR,Doxofylline,400mg,Tablet,Zydus Cadila,strip of 10 tablet sr,50.0,true
Doxy Plus 100mg Tablet,Doxycycline,100mg,Tablet,Sun Pharmaceutical Industries Ltd,strip of 10 tablets,57.75,true
DP Gesic Spray,Diclofenac,1.16% w/v,Spray,Cadila Pharmaceuticals Ltd,packet of 50 gm Spray,167.0,false
Droxyl 125mg Suspension,Cefadroxil,125mg,Suspension,Torrent Pharmaceuticals Ltd,bottle of 30 ml Suspension,27.0,true
Droxyl 125mg Tablet,Cefadroxil,125mg,Tablet,Torrent Pharmaceuticals Ltd,strip of 10 tablets,13.2,true
Droxyl 250 DT Tablet,Cefadroxil,250mg,Tablet,Torrent Pharmaceuticals Ltd,strip of 10 tablet dt,45.35,true
Droxyl 250mg Suspension,Cefadroxil,250mg,Suspension,Torrent Pharmaceuticals Ltd,bottle of 30 ml Suspension,27.0,true
Droxyl 500 Tablet,Cefadroxil,500mg,Tablet,Torrent Pharmaceuticals Ltd,strip of 10 tablets,50.0,true
Droxyl 50mg Suspension,Cefadroxil,50mg,Suspension,Torrent Pharmaceuticals Ltd,bottle of 30 ml Suspension,25.71,true
Droxyl Clav 500 Tablet,Cefadroxil + Clavulanic Acid,500mg + 125mg,Tablet,Torrent Pharmaceuticals Ltd,strip of 10 tablets,219.4,true
Droxyl Kid 125mg Tablet,Cefadroxil,125mg,Tablet,Torrent Pharmaceuticals Ltd,strip of 6 tablets,13.2,true
Droxyl Kid 250mg Tablet,Cefadroxil,250mg,Tablet,Torrent Pharmaceuticals Ltd,strip of 4 tablets,23.6,true
Droziver 80mg Tablet,Drotaverine,80mg,Tablet,Leeford Healthcare Ltd,strip of 10 tablets,45.0,false
Droziver-M Tablet,Drotaverine + Mefenamic Acid,80mg + 250mg,Tablet,Leeford Healthcare Ltd,strip of 10 tablets,70.0,false
Dubatran 10mg Tablet,Tranexamic Acid,10mg,Tablet,Alembic Pharmaceuticals Ltd,strip of 10 tablets,100.38,true
Dubatran 500mg Tablet,Tranexamic Acid,500mg,Tablet,Alembic Pharmaceuticals Ltd,strip of 10 tablets,91.26,true
Dubatran 75mg Capsule,Tranexamic Acid,75mg,Capsule,Alembic Pharmaceuticals Ltd,strip of 10 capsules,235.0,true
Duet 200mg/28.5mg Dry Syrup,Amoxycillin + Clavulanic Acid,200mg + 28.5mg,Syrup,Lupin Ltd,bottle of 30 ml Dry Syrup,64.0,true
Dulane 20 Capsule DR,Duloxetine,20mg,Capsule,Sun Pharmaceutical Industries Ltd,strip of 10 Capsule DR,115.0,true
Dulane 30 Capsule DR,Duloxetine,30mg,Capsule,Sun Pharmaceutical Industries Ltd,strip of 10 Capsule DR,159.0,true
Duletin 40mg Capsule,Duloxetine,40mg,Capsule,Sun Pharmaceutical Industries Ltd,strip of 10 capsules,79.5,true
Dulot 20mg Tablet,Duloxetine,20mg,Tablet,Lupin Ltd,strip of 10 tablets,133.3,true
Dulot 30 Tablet,Duloxetine,30mg,Tablet,Lupin Ltd,strip of 10 tablets,217.5,true
Dulot 40mg Capsule,Duloxetine,40mg,Capsule,Lupin Ltd,strip of 10 capsules,39.59,true
Dumore 20mg Capsule,Duloxetine,20mg,Capsule,Lupin Ltd,strip of 10 capsules,52.7,true
Dumore 30mg Capsule,Duloxetine,30mg,Capsule,Lupin Ltd,strip of 10 capsules,70.7,true
Duonem 150mg Tablet,Faropenem,150mg,Tablet,Zydus Cadila,strip of 3 tablets,115.0,false
Duonem 200 Tablet,Faropenem,200mg,Tablet,Zydus Cadila,strip of 6 tablets,676.0,false
Duonem 300 ER Tablet,Faropenem,300mg,Tablet,Zydus Cadila,strip of 10 tablet er,1395.1,false
Duonem 450mg Tablet ER,Faropenem,450mg,Tablet,Zydus Cadila,strip of 6 tablet er,345.29,false
Duopil HS 1mg/850mg Tablet,Glimepiride + Metformin,1mg + 850mg,Tablet,Aristo Pharmaceuticals Pvt Ltd,strip of 10 tablets,64.0,true
Duopil-HS 2/850 Tablet SR,Glimepiride + Metformin,2mg + 850mg,Tablet,Aristo Pharmaceuticals Pvt Ltd,strip of 10 tablet sr,87.0,true
Duovir EP 150 mg/300 mg Tablet,Lamivudine + Zidovudine,150mg + 300mg,Tablet,Cipla Ltd,bottle of 60 tablets,1324.55,true
Duovir N Tablet,Lamivudine + Zidovudine,150mg + 300mg,Tablet,Cipla Ltd,bottle of 30 tablets,733.74,true
Duovir Tablet,Lamivudine + Zidovudine,150mg + 300mg,Tablet,Cipla Ltd,bottle of 60 tablets,1432.8,true
Duovir Tablet,Lamivudine + Zidovudine,150mg + 300mg,Tablet,Cipla Ltd,strip of 10 tablets,215.58,true
Duovir-E Kit,Lamivudine + Zidovudine,150mg + 300mg,Tablet,Cipla Ltd,strip of 3 tablets,129.47,true
Duphalac Bulk Oral Solution Lemon,Lactulose,10gm,Solution,Abbott,bottle of 160 ml Oral Solution,408.0,false
Duphalac Enema Solution,Lactulose,3.35gm/5ml,Solution,Abbott,bottle of 300 ml Oral Solution,382.35,false
Duphalac Fiber Oral Solution,Lactulose,2.5gm/5ml,Solution,Abbott,bottle of 200 ml Oral Solution,254.89,false
Duphalac Oral Solution Lemon,Lactulose,3.335gm/5ml,Solution,Abbott,bottle of 150 ml Oral Solution,191.17,false
Duphalac Oral Solution Lemon,Lactulose,3.335gm/5ml,Solution,Abbott,bottle of 450 ml Oral Solution,573.52,false
Duroxyl 125mg Suspension,Cefadroxil,125mg,Suspension,Torrent Pharmaceuticals Ltd,bottle of 30 ml Suspension,14.56,true
Duvadilan Retard Capsule SR,Isoxsuprine,40mg,Capsule,Abbott,strip of 10 capsule sr,156.7,false
Duvadilan Tablet,Isoxsuprine,10mg,Tablet,Abbott,strip of 50 tablets,183.5,false
Duvanta 20 Tablet,Duloxetine,20mg,Tablet,Intas Pharmaceuticals Ltd,strip of 10 tablets,114.0,true
Duvanta 30 Tablet,Duloxetine,30mg,Tablet,Intas Pharmaceuticals Ltd,strip of 10 tablets,165.0,true
Duvanta 40 Tablet,Duloxetine,40mg,Tablet,Intas Pharmaceuticals Ltd,strip of 10 tablets,200.0,true
Duvanta 60 Tablet,Duloxetine,60mg,Tablet,Intas Pharmaceuticals Ltd,strip of 10 tablets,256.0,true
Duvanta Forte Capsule,Duloxetine + Methylcobalamin,20mg,Capsule,Intas Pharmaceuticals Ltd,strip of 10 capsules,83.75,true
Duvanta NP 20 Tablet,Duloxetine + Methylcobalamin,20mg + 500mcg,Tablet,Intas Pharmaceuticals Ltd,strip of 10 tablets,117.0,true
Duxet 20 Capsule DR,Duloxetine,20mg,Capsule,Torrent Pharmaceuticals Ltd,strip of 10 Capsule DR,87.0,true
Duxet 30mg Capsule,Duloxetine,30mg,Capsule,Torrent Pharmaceuticals Ltd,strip of 10 capsules,115.0,true
Duxet 40mg Capsule,Duloxetine,40mg,Capsule,Torrent Pharmaceuticals Ltd,strip of 10 capsules,79.5,true
Duxet M 20mg/1.5mg Capsule,Duloxetine + Methylcobalamin,20mg + 1.5mg,Capsule,Torrent Pharmaceuticals Ltd,strip of 10 capsules,68.0,true
Duxet M 30mg/1500mcg Capsule,Duloxetine + Methylcobalamin,30mg + 1500mcg,Capsule,Torrent Pharmaceuticals Ltd,strip of 10 capsules,70.01,true
Duzela 20 Capsule DR,Duloxetine,20mg,Capsule,Sun Pharmaceutical Industries Ltd,strip of 10 Capsule DR,115.0,true
Duzela 30 Capsule DR,Duloxetine,30mg,Capsule,Sun Pharmaceutical Industries Ltd,strip of 10 Capsule DR,159.0,true
Duzela 40 Capsule DR,Duloxetine,40mg,Capsule,Sun Pharmaceutical Industries Ltd,strip of 10 Capsule DR,189.0,true
Duzela 60 Capsule DR,Duloxetine,60mg,Capsule,Sun Pharmaceutical Industries Ltd,strip of 10 Capsule DR,238.0,true
Duzela M 20 Capsule DR,Duloxetine + Methylcobalamin,20mg + 1.5mg,Capsule,Sun Pharmaceutical Industries Ltd,strip of 10 Capsule DR,132.0,true
Duzela M 30 Capsule DR,Duloxetine + Methylcobalamin,30mg + 1500mcg,Capsule,Sun Pharmaceutical Industries Ltd,strip of 10 Capsule DR,172.0,true
Dynamet Oral Suspension,Mefenamic Acid + Paracetamol,50mg + 125mg,Suspension,Cubit Healthcare,bottle of 60 ml Oral Suspension,70.0,false
Dynapar LD Capsule,Diclofenac + Paracetamol,25mg + 325mg,Capsule,Troikaa Pharmaceuticals Ltd,strip of 10 capsules,48.51,false
Dynapar SR 75 Tablet,Diclofenac,75mg,Tablet,Troikaa Pharmaceuticals Ltd,strip of 10 Tablet pr,84.9,false
Dytor 10 Tablet,Torasemide,10mg,Tablet,Cipla Ltd,strip of 15 tablets,84.9,true
Dytor 100 Tablet,Torasemide,100mg,Tablet,Cipla Ltd,strip of 10 tablets,420.18,true
Dytor 20 Tablet,Torasemide,20mg,Tablet,Cipla Ltd,strip of 15 tablets,167.62,true
Dytor 40 Tablet,Torasemide,40mg,Tablet,Cipla Ltd,strip of 10 tablets,217.4,true
Dytor 5 Tablet,Torasemide,5mg,Tablet,Cipla Ltd,strip of 15 tablets,65.21,true
Dytor E 10 Combi Kit,Eplerenone + Torasemide,25mg + 10mg,Tablet,Cipla Ltd,strip of 20 tablets,251.68,true
Dytor E 20 Combi Kit,Eplerenone + Torasemide,25mg + 20mg,Tablet,Cipla Ltd,strip of 20 tablets,291.61,true
Dytor Injection,Torasemide,10mg,Injection,Cipla Ltd,ampoule of 2 ml Injection,21.95,true
Dytor Plus 10 Tablet,Spironolactone + Torasemide,50mg + 10mg,Tablet,Cipla Ltd,strip of 15 tablets,89.3,true
Dytor Plus 20 Tablet,Spironolactone + Torasemide,50mg + 20mg,Tablet,Cipla Ltd,strip of 15 tablets,116.38,true
Dytor Plus 5 Tablet,Spironolactone + Torasemide,50mg + 5mg,Tablet,Cipla Ltd,strip of 15 tablets,79.05,true
Dytor Plus LS 10 Tablet,Spironolactone + Torasemide,25mg + 10mg,Tablet,Cipla Ltd,strip of 15 tablets,62.57,true
Dytor Plus Ls 20 Tablet,Spironolactone + Torasemide,25mg + 20mg,Tablet,Cipla Ltd,strip of 10 tablets,55.0,true
E 2 Gel,Estradiol,0.06% w/w,Gel,Sun Pharmaceutical Industries Ltd,tube of 3 gm Vaginal gel,10.27,true
E Cef 1.5gm Injection,Ceftriaxone,1.5gm,Injection,Lupin Ltd,vial of 1 Injection,95.0,true
E Cef 1000mg Injection,Ceftriaxone,1000mg,Injection,Lupin Ltd,vial of 10 ml Injection,30.0,true
E Cef 125mg Injection,Ceftriaxone,125mg,Injection,Lupin Ltd,vial of 1 Injection,22.0,true
E Cef 200mg Tablet DT,Cefixime,200mg,Tablet,Lupin Ltd,strip of 10 tablet dt,124.07,true
E Cef 250mg Injection,Ceftriaxone,250mg,Injection,Lupin Ltd,vial of 5 ml Injection,20.0,true
E Cef 500mg Injection,Ceftriaxone,500mg,Injection,Lupin Ltd,vial of 1 Injection,24.05,true
E Cef 50mg/5ml Dry Syrup,Cefixime,50mg/5ml,Syrup,Lupin Ltd,bottle of 30 ml Dry Syrup,81.0,true
E Cef S 1000 mg/500 mg Injection,Ceftriaxone + Sulbactam,1000mg + 500mg,Injection,Lupin Ltd,vial of 10 ml Injection,90.47,true
E Cef S 250 mg/125 mg Injection,Ceftriaxone + Sulbactam,250mg + 125mg,Injection,Lupin Ltd,vial of 1 Injection,40.38,true
E Cef S 500mg/250mg Injection,Ceftriaxone + Sulbactam,500mg + 250mg,Injection,Lupin Ltd,vial of 10 ml Injection,72.0,true
E Prin 75mg Tablet,Aspirin,75mg,Tablet,Torrent Pharmaceuticals Ltd,strip of 14 tablets,3.72,false
E Worm 400mg Tablet,Albendazole,400mg,Tablet,Alkem Laboratories Ltd,strip of 1 Tablet,13.4,true
E Worm Suspension,Albendazole,,Suspension,Alkem Laboratories Ltd,bottle of 10 ml Suspension,20.78,true
Eascof D Syrup Mixed Fruit Sugar Free,Phenylephrine + Chlorpheniramine Maleate,5mg + 2mg,Syrup,Alkem Laboratories Ltd,bottle of 100 ml Syrup,110.0,false
Eascof Syrup,Bromhexine + Salbutamol,,Syrup,Alkem Laboratories Ltd,bottle of 100 ml Syrup,45.0,true
Eascof-LS Syrup Strawberry Raspberry Menthol Sugar Free,Ambroxol + Levosalbutamol,30mg + 1mg,Syrup,Alkem Laboratories Ltd,bottle of 100 ml Syrup,107.0,true
Ebast 20 Tablet,Ebastine,20mg,Tablet,Micro Labs Ltd,strip of 10 tablets,125.0,false
Ebast 5mg Tablet DT,Ebastine,5mg,Tablet,Micro Labs Ltd,strip of 10 tablet dt,25.46,false
Ebast Odt 10mg Tablet,Ebastine,10mg,Tablet,Micro Labs Ltd,strip of 10 tablet dt,78.0,false
Ebast Suspension,Ebastine,5mg,Suspension,Micro Labs Ltd,bottle of 60 ml Suspension,66.0,false
Ebast Tablet,Ebastine,10mg,Tablet,Micro Labs Ltd,strip of 10 tablets,106.0,false
Ebast-DC Tablet,Ebastine + Phenylephrine,10mg + 10mg,Tablet,Micro Labs Ltd,strip of 10 tablets,122.0,false
Ebast-M Tablet,Ebastine + Montelukast,10mg + 10mg,Tablet,Micro Labs Ltd,strip of 10 tablets,181.0,true
Ebmont-LC Kid Syrup,Levocetirizine + Montelukast,2.5mg/5ml + 5mg/5ml,Syrup,MMC Healthcare Ltd,bottle of 60 ml Syrup,104.0,true
Ecator 10mg Tablet,Ramipril,10mg,Tablet,Torrent Pharmaceuticals Ltd,strip of 10 tablets,116.0,true
Ecator H 5mg/12.5mg Tablet,Ramipril + Hydrochlorothiazide,5mg + 12.5mg,Tablet,Torrent Pharmaceuticals Ltd,strip of 10 tablets,115.0,true
Ecef OD 750mg Tablet,Cefalexin,750mg,Tablet,Lupin Ltd,strip of 6 tablets,117.03,true
Eco Tears Eye Drop,Carboxymethylcellulose,0.5% w/v,Drops,Intas Pharmaceuticals Ltd,bottle of 15 ml Eye Drop,117.45,false
Eco Tears Gel,Carboxymethylcellulose,1% w/v,Drops,Intas Pharmaceuticals Ltd,bottle of 10 ml Eye Drop,176.21,false
Eco Tears XL Eye Drop,Carboxymethylcellulose,0.5% w/v,Drops,Intas Pharmaceuticals Ltd,packet of 15 ml Eye Drop,95.97,false
Ecogat Bcd 200mg Tablet,Gatifloxacin,200mg,Tablet,Torrent Pharmaceuticals Ltd,strip of 5 tablets,15.1,true
Ecosprin 75 Tablet,Aspirin,75mg,Tablet,USV Ltd,strip of 14 tablets,5.33,false
Edox 100mg Capsule,Doxycycline,100mg,Capsule,East West Pharma,strip of 10 capsules,39.2,true
El Joint Msm 50mg/750mg/250mg Tablet,Diacerein + Glucosamine Sulfate Potassium Chloride,50mg + 750mg,Tablet,Elder Pharmaceuticals Ltd,strip of 10 tablets,191.0,false
EL-Nico 5 Tablet,Nicorandil,5mg,Tablet,Elder Pharmaceuticals Ltd,bottle of 20 tablets,330.0,false
Elate Syrup,Levocetirizine,2.5mg/5ml,Syrup,Lupin Ltd,bottle of 100 ml Syrup,38.0,false
Elcef 250mg Tablet,Cefixime,250mg,Tablet,Alpha Aromatic Pvt Ltd,strip of 10 tablets,160.0,true
Eldeflox OZ Syrup,Ofloxacin + Ornidazole,50mg + 125mg,Syrup,Elder Pharmaceuticals Ltd,bottle of 30 ml Syrup,65.0,true
Eldeflox TZ Syrup,Ofloxacin + Tinidazole,50mg/5ml + 150mg/5ml,Syrup,Elder Pharmaceuticals Ltd,bottle of 30 ml Syrup,38.0,true
Eldikof AM Syrup,Ambroxol + Guaifenesin,,Syrup,Elder Pharmaceuticals Ltd,bottle of 100 ml Syrup,20.0,false
Eldikof T Syrup,Bromhexine + Guaifenesin,4mg + 50mg,Syrup,Elder Pharmaceuticals Ltd,bottle of 100 ml Syrup,80.0,false
Eldikof T Syrup,Bromhexine + Guaifenesin,4mg + 50mg,Syrup,Elder Pharmaceuticals Ltd,bottle of 60 ml Syrup,28.0,false
Eldocort 24mg Tablet,Deflazacort,24mg,Tablet,Torrent Pharmaceuticals Ltd,strip of 6 tablets,183.0,true
Eldofen MR Tablet,Chlorzoxazone + Diclofenac,500mg + 50mg,Tablet,Elder Pharmaceuticals Ltd,strip of 10 tablets,101.05,false
Eldospas Forte 500 mg/450 mg Tablet,Mefenamic Acid + Paracetamol,500mg + 450mg,Tablet,Elder Pharmaceuticals Ltd,strip of 10 tablets,9.79,false
Eldospas Plus Tablet,Dicyclomine + Mefenamic Acid,,Tablet,Elder Pharmaceuticals Ltd,strip of 10 tablets,7.91,false
Elebact CP Dry Syrup,Cefixime + Clavulanic Acid,50mg + 31.25mg,Syrup,Cubit Healthcare,bottle of 30 ml Dry Syrup,78.5,true
Elebact OF Dry Syrup,Cefixime + Ofloxacin,50mg + 50mg,Syrup,Cubit Healthcare,bottle of 30 ml Dry Syrup,82.5,true
Elfi 1000mg Dry Syrup,Cefixime,1000mg,Syrup,Elder Pharmaceuticals Ltd,bottle of 30 ml Dry Syrup,31.62,true
Elfi 100mg Dry Syrup,Cefixime,100mg,Syrup,Elder Pharmaceuticals Ltd,bottle of 30 ml Dry Syrup,59.0,true
Elfi CV 100 mg/62.5 mg Dry Syrup,Cefixime + Clavulanic Acid,100mg + 62.5mg,Syrup,Elder Pharmaceuticals Ltd,bottle of 30 ml Dry Syrup,59.0,true
Eliwel 10mg Tablet,Amitriptyline,10mg,Tablet,Sun Pharmaceutical Industries Ltd,strip of 10 tablets,28.4,true
Eliwel 25mg Tablet,Amitriptyline,25mg,Tablet,Sun Pharmaceutical Industries Ltd,strip of 10 tablets,28.0,true
Eliwel 50mg Tablet,Amitriptyline,50mg,Tablet,Sun Pharmaceutical Industries Ltd,strip of 10 tablets,24.54,true
Eliwel 75mg Tablet,Amitriptyline,75mg,Tablet,Sun Pharmaceutical Industries Ltd,strip of 10 tablets,69.7,true
Elmox 100mg Oral Drops,Amoxycillin,100mg,Drops,Elder Pharmaceuticals Ltd,bottle of 10 ml Oral Drops,34.0,true
Elmox 250mg Dry Syrup,Amoxycillin,250mg,Syrup,Elder Pharmaceuticals Ltd,bottle of 30 ml Dry Syrup,17.43,true
Elmox Plus Capsule,Amoxycillin + Dicloxacillin,250mg + 250mg,Capsule,Elder Pharmaceuticals Ltd,strip of 10 capsules,75.0,true
Elosone Cream,Mometasone,1mg,Cream,Leeford Healthcare Ltd,tube of 10 gm Cream,65.0,true
Elosone TF Ointment,Mometasone + Terbinafine,0.1% w/w + 1% w/w,Ointment,Leeford Healthcare Ltd,tube of 10 gm Ointment,110.0,true
Elosone-HT Cream,Hydroquinone + Mometasone,2% w/w + 0.1% w/w,Cream,Leeford Healthcare Ltd,tube of 15 gm Cream,135.0,true
Elosone-HT Cream,Hydroquinone + Mometasone,2% w/w + 0.1% w/w,Cream,Leeford Healthcare Ltd,tube of 25 gm Cream,155.0,true
Elpod CV Syrup,Cefpodoxime Proxetil + Clavulanic Acid,,Syrup,Elder Pharmaceuticals Ltd,bottle of 30 ml Syrup,60.0,true
Elzefen P Oral Suspension,Aceclofenac + Paracetamol,50mg + 125mg,Suspension,Elder Pharmaceuticals Ltd,bottle of 60 ml Oral Suspension,50.0,false
Elzico New Tablet,Chlorpheniramine Maleate + Paracetamol,2mg + 325mg,Tablet,Elder Pharmaceuticals Ltd,strip of 10 tablets,15.37,false
Elzico Plus Oral Suspension,Chlorpheniramine Maleate + Paracetamol,1mg/5ml + 125mg/5ml,Suspension,Elder Pharmaceuticals Ltd,bottle of 60 ml Oral Suspension,45.0,false
Elzico-DS Oral Suspension,Chlorpheniramine Maleate + Paracetamol,2mg + 250mg,Suspension,Elder Pharmaceuticals Ltd,bottle of 60 ml Oral Suspension,55.0,false
Emanzen 10mg Tablet,Serratiopeptidase,10mg,Tablet,Emcure Pharmaceuticals Ltd,strip of 10 tablets,104.96,false
Emanzen 2.5mg Tablet,Serratiopeptidase,2.5mg,Tablet,Emcure Pharmaceuticals Ltd,strip of 10 tablets,70.52,false
Emanzen 5mg Tablet,Serratiopeptidase,5mg,Tablet,Emcure Pharmaceuticals Ltd,strip of 10 tablets,129.0,false
Emanzen Forte 10mg Tablet,Serratiopeptidase,10mg,Tablet,Emcure Pharmaceuticals Ltd,strip of 10 tablets,187.05,false
Emanzen TBR Tablet,Bromelain + Trypsin,90mg + 48mg,Tablet,Emcure Pharmaceuticals Ltd,strip of 10 tablets,205.0,false
Emanzen TBR-DS Tablet,Bromelain + Trypsin,180mg + 96mg,Tablet,Emcure Pharmaceuticals Ltd,strip of 10 tablets,398.0,false
Emanzen-D Tablet,Diclofenac + Serratiopeptidase,50mg + 10mg,Tablet,Emcure Pharmaceuticals Ltd,strip of 10 tablets,210.8,false
Embeta 25 Tablet,Metoprolol Tartrate,25mg,Tablet,Intas Pharmaceuticals Ltd,strip of 10 tablets,19.25,true
Embeta 25mg Tablet ER,Metoprolol Succinate,25mg,Tablet,Intas Pharmaceuticals Ltd,strip of 10 tablet er,68.78,true
Embeta 50 Tablet,Metoprolol Tartrate,50mg,Tablet,Intas Pharmaceuticals Ltd,strip of 10 tablets,33.64,true
Embeta 50mg Tablet ER,Metoprolol Succinate,50mg,Tablet,Intas Pharmaceuticals Ltd,strip of 10 tablet er,63.93,true
Embeta AM 25 Tablet PR,Amlodipine + Metoprolol Succinate,5mg + 25mg,Tablet,Intas Pharmaceuticals Ltd,strip of 10 Tablet pr,115.0,true
Embeta AM 50 Tablet PR,Amlodipine + Metoprolol Succinate,5mg + 50mg,Tablet,Intas Pharmaceuticals Ltd,strip of 10 Tablet pr,136.0,true
Embeta HT 25 mg/12.5 mg Tablet,Metoprolol Succinate + Hydrochlorothiazide,25mg + 12.5mg,Tablet,Intas Pharmaceuticals Ltd,strip of 10 tablets,88.5,true
Embeta HT 50 Tablet ER,Metoprolol Succinate + Hydrochlorothiazide,50mg + 12.5mg,Tablet,Intas Pharmaceuticals Ltd,strip of 10 tablet er,113.5,true
Embeta XR 100 Tablet,Metoprolol Succinate,95mg,Tablet,Intas Pharmaceuticals Ltd,strip of 10 tablet xr,143.0,true
Embeta XR 12.5 Tablet,Metoprolol Succinate,11.8mg,Tablet,Intas Pharmaceuticals Ltd,strip of 10 tablet er,42.5,true
Embeta XR 25 Tablet,Metoprolol Succinate,23.75mg,Tablet,Intas Pharmaceuticals Ltd,strip of 30 tablet er,150.19,true
Embeta XR 50 Tablet,Metoprolol Succinate,47.5mg,Tablet,Intas Pharmaceuticals Ltd,strip of 30 tablet er,215.38,true
Embeta XR 75mg Tablet,Metoprolol Succinate,75mg,Tablet,Intas Pharmaceuticals Ltd,strip of 15 tablet er,184.0,true
Embeta-R 2.5 Tablet,Metoprolol Succinate + Ramipril,25mg + 2.5mg,Tablet,Intas Pharmaceuticals Ltd,strip of 10 tablets,163.0,true
Embeta-R 5 Tablet ER,Metoprolol Succinate + Ramipril,50mg + 5mg,Tablet,Intas Pharmaceuticals Ltd,strip of 10 tablet er,254.0,true
Embeta-TM 25 Tablet ER,Telmisartan + Metoprolol Succinate,40mg + 25mg,Tablet,Intas Pharmaceuticals Ltd,strip of 15 tablet er,247.0,true
Embeta-TM 50 Tablet ER,Telmisartan + Metoprolol Succinate,40mg + 50mg,Tablet,Intas Pharmaceuticals Ltd,strip of 15 tablet er,301.0,true
Emcort 0.1% Ointment,Mometasone,0.1% w/w,Ointment,East West Pharma,tube of 10 gm Ointment,83.3,true
Emeset 2mg Tablet MD,Ondansetron,2mg,Tablet,Cipla Ltd,strip of 10 tablet md,45.67,true
Emeset 4 ODT Tablet,Ondansetron,4mg,Tablet,Cipla Ltd,strip of 10 tablets,58.28,true
Emeset 4 Tablet,Ondansetron,4mg,Tablet,Cipla Ltd,strip of 10 tablets,58.28,true
Emeset 8 Tablet,Ondansetron,8mg,Tablet,Cipla Ltd,strip of 10 tablets,121.29,true
Emeset Injection 2ml,Ondansetron,4mg,Injection,Cipla Ltd,packet of 10 injections,145.3,true
Emeset Injection 4ml,Ondansetron,2mg/ml,Injection,Cipla Ltd,ampoule of 1 Injection,29.06,true
Emeset Injection 4ml,Ondansetron,2mg/ml,Injection,Cipla Ltd,packet of 10 injections,290.6,true
Emeset Syrup Juicy Lemon,Ondansetron,2mg/5ml,Syrup,Cipla Ltd,bottle of 30 ml Syrup,41.78,true
Emeset Syrup Strawberry,Ondansetron,2mg/5ml,Syrup,Cipla Ltd,bottle of 30 ml Syrup,41.8,true
Emlox Kid 125 mg/125 mg Tablet,Amoxycillin + Cloxacillin,125mg + 125mg,Tablet,Zydus Cadila,strip of 10 tablets,20.81,true
Emlox LB Capsule,Amoxycillin + Cloxacillin,250mg + 250mg,Capsule,Zydus Cadila,strip of 10 capsules,30.0,true
Emprogest -SR 300 Tablet,Progesterone,300mg,Tablet,Emcure Pharmaceuticals Ltd,strip of 10 tablet sr,554.2,true
Emprogest 200mg Injection,Progesterone (Natural Micronized),200mg,Injection,Emcure Pharmaceuticals Ltd,vial of 2 ml Injection,123.81,true
Emprogest 400 Soft Gelatin Capsule,Progesterone (Natural Micronized),400mg,Capsule,Emcure Pharmaceuticals Ltd,strip of 10 soft gelatin capsules,757.35,true
Emprogest 8% Vaginal gel,Progesterone (Natural Micronized),8% w/w,Gel,Emcure Pharmaceuticals Ltd,tube of 1 gm Vaginal gel,218.95,true
Emsyl 250mg Tablet,Ethamsylate,250mg,Tablet,Intas Pharmaceuticals Ltd,strip of 10 tablets,56.25,false
Emsyl 500mg Tablet,Ethamsylate,500mg,Tablet,Intas Pharmaceuticals Ltd,strip of 10 tablets,16.55,false
Enace 10 Tablet,Enalapril,10mg,Tablet,Abbott,strip of 10 tablets,72.75,true
Enace 2.5 Tablet,Enalapril,2.5mg,Tablet,Abbott,strip of 10 tablets,21.0,true
Enace 5 Tablet,Enalapril,5mg,Tablet,Abbott,strip of 10 tablets,35.05,true
Enace 5 Tablet,Enalapril,5mg,Tablet,Abbott,strip of 15 tablets,59.64,true
Enace D 10 Tablet,Enalapril + Hydrochlorothiazide,10mg + 25mg,Tablet,Abbott,strip of 30 tablets,400.95,true
Enace D 2.5 Tablet,Enalapril + Hydrochlorothiazide,2.5mg + 12.5mg,Tablet,Abbott,strip of 30 tablets,92.3,true
Enapril 10 Tablet,Enalapril,10mg,Tablet,Intas Pharmaceuticals Ltd,strip of 10 tablets,75.5,true
Enapril 2.5 Tablet,Enalapril,2.5mg,Tablet,Intas Pharmaceuticals Ltd,strip of 15 tablets,33.56,true
Enapril 20mg Tablet,Enalapril,20mg,Tablet,Intas Pharmaceuticals Ltd,strip of 10 tablets,99.0,true
Enapril 5 Tablet,Enalapril,5mg,Tablet,Intas Pharmaceuticals Ltd,strip of 15 tablets,59.98,true
Enapril-HT Tablet,Enalapril + Hydrochlorothiazide,10mg + 25mg,Tablet,Intas Pharmaceuticals Ltd,strip of 15 tablets,156.0,true
Encelin 50mg Tablet,Vildagliptin,50mg,Tablet,Torrent Pharmaceuticals Ltd,strip of 10 tablets,59.2,true
Encelin D 10 Tablet SR,Dapagliflozin + Vildagliptin,10mg + 100mg,Tablet,Torrent Pharmaceuticals Ltd,strip of 10 tablet sr,189.0,true
Encelin D 5 Tablet SR,Dapagliflozin + Vildagliptin,5mg + 100mg,Tablet,Torrent Pharmaceuticals Ltd,strip of 10 tablet sr,159.0,true
Encelin M 50/1000 Tablet,Metformin + Vildagliptin,1000mg + 50mg,Tablet,Torrent Pharmaceuticals Ltd,strip of 10 tablets,83.4,true
Encelin M 50/500 Tablet,Metformin + Vildagliptin,500mg + 50mg,Tablet,Torrent Pharmaceuticals Ltd,strip of 10 tablets,83.4,true
Encelin M 50/850 Tablet,Metformin + Vildagliptin,850mg + 50mg,Tablet,Torrent Pharmaceuticals Ltd,strip of 10 tablets,83.4,true
Encelin OD 100 Tablet,Vildagliptin,100mg,Tablet,Torrent Pharmaceuticals Ltd,strip of 10 tablet sr,121.0,true
Encentin 100mg Tablet,Gabapentin,100mg,Tablet,East West Pharma,strip of 10 tablets,39.6,true
Encentin 300mg Tablet,Gabapentin,300mg,Tablet,East West Pharma,strip of 10 tablets,107.8,true
Encentin 400mg Tablet,Gabapentin,400mg,Tablet,East West Pharma,strip of 10 tablets,170.0,true
Encentin AM 300mg/0.5mg/100mg Tablet,Gabapentin + Methylcobalamin,300mg + 0.5mg,Tablet,East West Pharma,strip of 10 tablets,152.0,true
Encetam 500mg Syrup,Piracetam,500mg/5ml,Syrup,Ikon Remedies Pvt Ltd,bottle of 100 ml Syrup,145.0,true
Encorate 300 Tablet,Sodium Valproate,300mg,Tablet,Sun Pharmaceutical Industries Ltd,strip of 10 tablets,49.35,true
Encorate 500 Tablet,Sodium Valproate,500mg,Tablet,Sun Pharmaceutical Industries Ltd,strip of 10 tablets,86.1,true
Encorate Chrono 200 Tablet CR,Sodium Valproate + Valproic Acid,133.5mg + 58mg,Tablet,Sun Pharmaceutical Industries Ltd,strip of 10 tablet cr,38.45,true
Encorate Chrono 300 Tablet CR,Sodium Valproate + Valproic Acid,200mg + 87mg,Tablet,Sun Pharmaceutical Industries Ltd,strip of 10 tablet cr,78.2,true
Encorate Chrono 400 Tablet CR,Sodium Valproate + Valproic Acid,266.66mg + 116mg,Tablet,Sun Pharmaceutical Industries Ltd,strip of 10 tablet cr,115.0,true
Encorate Chrono 500 Tablet CR,Sodium Valproate + Valproic Acid,333mg + 145mg,Tablet,Sun Pharmaceutical Industries Ltd,strip of 10 tablet cr,121.15,true
Encorate Chrono 600 Tablet CR,Sodium Valproate + Valproic Acid,400mg + 174mg,Tablet,Sun Pharmaceutical Industries Ltd,strip of 10 tablet cr,158.0,true
Encorate Tablet,Sodium Valproate,200mg,Tablet,Sun Pharmaceutical Industries Ltd,strip of 10 tablets,38.45,true
Endogest 100 Capsule,Progesterone (Natural Micronized),100mg,Capsule,Cipla Ltd,strip of 10 capsules,191.66,true
Endogest 400 SR Tablet,Progesterone (Natural Micronized),400mg,Tablet,Cipla Ltd,strip of 10 tablet sr,673.68,true
Endogest 400mg Soft Gelatin Capsule,Progesterone,400mg,Capsule,Cipla Ltd,strip of 10 soft gelatin capsules,641.6,true
Endoxan Tablet,Cyclophosphamide,50mg,Tablet,Zydus Cadila,strip of 10 tablets,42.6,false
Enflox 400mg Tablet,Norfloxacin,400mg,Tablet,Sun Pharmaceutical Industries Ltd,strip of 10 tablets,23.57,true
Enhancin 1000mg/200mg Injection,Amoxycillin + Clavulanic Acid,1000mg + 200mg,Injection,Sun Pharmaceutical Industries Ltd,vial of 1 Injection,169.0,true
Enhancin 125 mg/31.25 mg Suspension,Amoxycillin + Clavulanic Acid,125mg + 31.25mg,Suspension,Sun Pharmaceutical Industries Ltd,bottle of 30 ml Suspension,60.0,true
Enhancin 200mg/28.5mg Tablet DT,Amoxycillin + Clavulanic Acid,200mg + 28.5mg,Tablet,Sun Pharmaceutical Industries Ltd,strip of 6 tablet dt,65.0,true
Enhancin 250 mg/125 mg Tablet,Amoxycillin + Clavulanic Acid,250mg + 125mg,Tablet,Sun Pharmaceutical Industries Ltd,strip of 6 tablets,335.3,true
Enhancin 250mg/125mg Tablet,Amoxycillin + Clavulanic Acid,250mg + 125mg,Tablet,Sun Pharmaceutical Industries Ltd,strip of 8 tablets,220.0,true
Enhancin 250mg/125mg Tablet,Amoxycillin + Clavulanic Acid,250mg + 125mg,Tablet,Sun Pharmaceutical Industries Ltd,strip of 10 tablets,310.0,true
Enhancin 500 mg/125 mg Tablet,Amoxycillin + Clavulanic Acid,500mg + 125mg,Tablet,Sun Pharmaceutical Industries Ltd,strip of 6 tablets,367.5,true
Enhancin 500mg/125mg Tablet,Amoxycillin + Clavulanic Acid,500mg + 125mg,Tablet,Sun Pharmaceutical Industries Ltd,strip of 8 tablets,284.0,true
Enhancin BD Oral Suspension,Amoxycillin + Clavulanic Acid,200mg + 28.5mg,Suspension,Sun Pharmaceutical Industries Ltd,bottle of 30 ml Oral Suspension,65.0,true
Enhancin DS 400mg/57mg Tablet,Amoxycillin + Clavulanic Acid,400mg + 57mg,Tablet,Sun Pharmaceutical Industries Ltd,strip of 6 tablets,130.0,true
Enhancin DS Syrup,Amoxycillin + Clavulanic Acid,400mg + 57mg,Syrup,Sun Pharmaceutical Industries Ltd,bottle of 30 ml Syrup,95.8,true
Enselin 2mg Tablet,Rosiglitazone,2mg,Tablet,Torrent Pharmaceuticals Ltd,strip of 10 tablets,48.56,false
Enselin 4mg Tablet,Rosiglitazone,4mg,Tablet,Torrent Pharmaceuticals Ltd,strip of 10 tablets,83.34,false
Enselin 8mg Tablet,Rosiglitazone,8mg,Tablet,Torrent Pharmaceuticals Ltd,strip of 10 tablets,100.0,false
Enselin MF 2mg/500mg Tablet,Rosiglitazone + Metformin,2mg + 500mg,Tablet,Torrent Pharmaceuticals Ltd,strip of 10 tablets,58.7,true
Enselin MF 4mg/500mg Tablet,Rosiglitazone + Metformin,4mg + 500mg,Tablet,Torrent Pharmaceuticals Ltd,strip of 10 tablets,78.0,true
Enselin MF Forte 2mg/1000mg Tablet,Rosiglitazone + Metformin,2mg + 1000mg,Tablet,Torrent Pharmaceuticals Ltd,strip of 10 tablets,75.0,true
Entacom Plus 100 Tablet,Levodopa + Carbidopa,100mg + 25mg,Tablet,Intas Pharmaceuticals Ltd,strip of 10 tablets,114.5,true
Entacom Plus 150 Tablet,Levodopa + Carbidopa,150mg + 37.5mg,Tablet,Intas Pharmaceuticals Ltd,strip of 10 tablets,131.0,true
Entacom Plus 50 Tablet,Levodopa + Carbidopa,50mg + 12.5mg,Tablet,Intas Pharmaceuticals Ltd,strip of 10 tablets,89.5,true
Entrogyl 100 mg/100 mg Syrup,Metronidazole + Norfloxacin,100mg + 100mg,Syrup,Cipla Ltd,bottle of 30 ml Syrup,33.0,true
Envas 10 Tablet,Enalapril,10mg,Tablet,Cadila Pharmaceuticals Ltd,strip of 15 tablets,82.35,true
Envas 2.5 Tablet,Enalapril,2.5mg,Tablet,Cadila Pharmaceuticals Ltd,strip of 15 tablets,35.98,true
Envas 5 Tablet,Enalapril,5mg,Tablet,Cadila Pharmaceuticals Ltd,strip of 15 tablets,59.82,true
Enzar 10000 Capsule,Pancreatin,10000PFU,Capsule,Torrent Pharmaceuticals Ltd,strip of 10 capsules,263.85,false
Enzar 40000 Capsule,Pancreatin,40000PFU,Capsule,Torrent Pharmaceuticals Ltd,strip of 10 capsules,926.95,false
Enzar Forte Tablet,Pancreatin + Sodium Tauroglycocholate,170mg + 65mg,Tablet,Torrent Pharmaceuticals Ltd,strip of 15 tablets,163.7,false
Enzar-HS Capsule,Pancreatin,250mg,Capsule,Torrent Pharmaceuticals Ltd,strip of 10 capsules,634.3,false
Enzocort 12mg Tablet,Deflazacort,12mg,Tablet,Alkem Laboratories Ltd,strip of 10 tablets,154.0,true
Enzocort 18mg Tablet,Deflazacort,18mg,Tablet,Alkem Laboratories Ltd,strip of 6 tablets,86.23,true
Enzocort 30mg Tablet,Deflazacort,30mg,Tablet,Alkem Laboratories Ltd,strip of 6 tablets,431.0,true
Enzocort 6 Tablet,Deflazacort,6mg,Tablet,Alkem Laboratories Ltd,strip of 10 tablets,171.0,true
Enzocort Oral Suspension,Deflazacort,,Suspension,Alkem Laboratories Ltd,bottle of 30 ml Oral Suspension,79.5,true
Enzocort Oral Suspension,Deflazacort,6mg/5ml,Suspension,Alkem Laboratories Ltd,bottle of 30 ml Oral Suspension,100.0,true
Enzoflam D 50 mg/10 mg Capsule,Diclofenac + Serratiopeptidase,50mg + 10mg,Capsule,Alkem Laboratories Ltd,strip of 10 capsules,72.11,false
Enzoflam DP 50 mg/500 mg Tablet,Diclofenac + Paracetamol,50mg + 500mg,Tablet,Alkem Laboratories Ltd,strip of 10 tablets,20.0,false
Enzoflam SV Tablet,Bromelain + Trypsin,90mg + 48mg,Tablet,Alkem Laboratories Ltd,strip of 10 tablets,231.5,false
Enzoflam TP 325 mg/37.5 mg Tablet,Paracetamol/Acetaminophen + Tramadol,325mg + 37.5mg,Tablet,Alkem Laboratories Ltd,strip of 10 tablets,45.0,true
Enzoflam-CT Tablet,Trypsin Chymotrypsin,100000AU,Tablet,Alkem Laboratories Ltd,strip of 15 tablets,281.0,false
Enzoflam-MR Tablet,Thiocolchicoside + Aceclofenac,4mg + 100mg,Tablet,Alkem Laboratories Ltd,strip of 10 tablets,158.0,true
Enzoheal Forte Tablet,Bromelain + Trypsin,180mg + 96mg,Tablet,Macleods Pharmaceuticals Pvt Ltd,strip of 10 tablets,480.0,false
Enzoheal Tablet,Bromelain + Trypsin,90mg + 48mg,Tablet,Macleods Pharmaceuticals Pvt Ltd,strip of 15 tablets,371.8,false
Enzomac D 50mg/15mg Tablet,Diclofenac + Serratiopeptidase,50mg + 15mg,Tablet,Macleods Pharmaceuticals Pvt Ltd,strip of 10 tablets,167.0,false
Enzomac Forte Tablet,Bromelain + Trypsin,180mg + 96mg,Tablet,Macleods Pharmaceuticals Pvt Ltd,strip of 10 tablets,480.0,false
Enzomac Ointment,Mupirocin,2% w/w,Ointment,Macleods Pharmaceuticals Pvt Ltd,tube of 5 gm Ointment,151.8,false
Enzomac Plus Tablet,Trypsin + Bromelain,48mg + 90mg,Tablet,Macleods Pharmaceuticals Pvt Ltd,strip of 10 tablets,281.5,false
Enzomac Tablet,Bromelain + Trypsin,90mg + 48mg,Tablet,Macleods Pharmaceuticals Pvt Ltd,strip of 15 tablets,371.8,false
Epictal 100mg Syrup,Levetiracetam,100mg,Syrup,Ipca Laboratories Ltd,bottle of 100 ml Syrup,409.92,true
Epilex 200mg Tablet,Sodium Valproate,200mg,Tablet,Abbott,strip of 10 tablets,33.91,true
Epilex 500 Tablet,Sodium Valproate,500mg,Tablet,Abbott,strip of 15 tablets,116.56,true
Epilex Chrono 200 Tablet CR Eazy Glide,Sodium Valproate + Valproic Acid,135mg + 58mg,Tablet,Abbott,strip of 15 tablet cr,140.09,true
Epilex Chrono 300 Eazy Glide Tablet CR,Sodium Valproate + Valproic Acid,200mg + 87mg,Tablet,Abbott,strip of 15 tablet cr,117.31,true
Epilex Chrono 500 Eazy Glide Tablet CR,Sodium Valproate + Valproic Acid,333mg + 145mg,Tablet,Abbott,strip of 15 tablet cr,181.77,true
Epilive 100mg Injection,Levetiracetam,100mg,Injection,Lupin Ltd,vial of 5 ml Injection,72.51,true
Epilive pre mix 500mg Infusion,Levetiracetam,500mg,Injection,Lupin Ltd,bottle of 100 ml Infusion,102.5,true
Epilive Premix 1000mg Injection,Levetiracetam,1000mg,Injection,Lupin Ltd,vial of 100 ml Injection,166.5,true
Epilive Premix 500mg Injection,Levetiracetam,500mg,Injection,Lupin Ltd,vial of 100 ml Injection,102.5,true
Epilive Syrup,Levetiracetam,100mg/ml,Solution,Lupin Ltd,bottle of 100 ml Oral Solution,452.46,true
Epima Chrono 200 Tablet,Sodium Valproate + Valproic Acid,133.5mg + 58mg,Tablet,Zydus Cadila,strip of 10 tablets,35.0,true
Epima Chrono Syrup,Sodium Valproate + Valproic Acid,,Syrup,Zydus Cadila,bottle of 100 ml Syrup,77.5,true
Epitril-Beta 0.5 Tablet,Clonazepam + Propranolol,0.5mg + 20mg,Tablet,Emcure Pharmaceuticals Ltd,strip of 10 tablets,46.14,true
Epsolin 100 Tablet,Phenytoin,100mg,Tablet,Zydus Cadila,bottle of 100 tablets,193.14,true
Epsolin 150mg Tablet ER,Phenytoin,150mg,Tablet,Zydus Cadila,strip of 10 tablet er,192.0,true
Epsolin 300 Tablet,Phenytoin,300mg,Tablet,Zydus Cadila,bottle of 30 tablets,176.78,true
Epsolin ER 200 Tablet,Phenytoin,200mg,Tablet,Zydus Cadila,bottle of 30 tablet er,242.4,true
Epsolin ER 300 Tablet,Phenytoin,300mg,Tablet,Zydus Cadila,bottle of 30 tablet er,216.51,true
Eptoin 300 ER Tablet,Phenytoin,300mg,Tablet,Abbott,bottle of 30 tablet er,216.52,true
Eptoin 50 Tablet,Phenytoin,50mg,Tablet,Abbott,bottle of 150 tablets,137.7,true
Eptoin Suspension,Phenytoin,30mg/5ml,Suspension,Abbott,bottle of 200 ml Oral Suspension,76.16,true
Eptoin Tablet,Phenytoin,100mg,Tablet,Abbott,bottle of 120 tablets,231.64,true
Erix 25mg Tablet,Sildenafil,25mg,Tablet,Torrent Pharmaceuticals Ltd,strip of 1 Tablet,61.57,true
Erix 50mg Tablet,Sildenafil,50mg,Tablet,Torrent Pharmaceuticals Ltd,strip of 4 tablets,73.76,true
Erophylline 100mg Capsule,Acebrophylline,100mg,Capsule,Micro Labs Ltd,strip of 10 capsules,73.0,false
Erophylline Syrup,Acebrophylline,100mg/5ml,Syrup,Micro Labs Ltd,bottle of 100 ml Syrup,90.0,false
Erox 250mg Dry Syrup,Amoxycillin,250mg,Syrup,Micro Labs Ltd,bottle of 60 ml Dry Syrup,82.66,true
Erox CV Dry Syrup,Amoxycillin + Clavulanic Acid,200mg + 28.5mg,Powder,Micro Labs Ltd,bottle of 30 ml Powder for Oral Suspension,60.48,true
Erycin 125mg Tablet,Erythromycin,125mg,Tablet,Cipla Ltd,strip of 10 tablets,16.68,true
ES Omecip D 30mg/40mg Capsule SR,Domperidone + Esomeprazole,30mg + 40mg,Capsule,Cipla Ltd,strip of 10 capsule sr,120.0,true
Es-omepraz -DSR Capsule,Domperidone + Esomeprazole,30mg + 40mg,Capsule,Alkem Laboratories Ltd,strip of 10 capsule sr,97.0,true
Esam 1.25mg Tablet,S-Amlodipine,1.25mg,Tablet,Torrent Pharmaceuticals Ltd,strip of 10 tablets,14.0,true
Esam 2.5 Tablet,S-Amlodipine,2.5mg,Tablet,Torrent Pharmaceuticals Ltd,strip of 10 tablets,75.2,true
Esam 5 Tablet,S-Amlodipine,5mg,Tablet,Torrent Pharmaceuticals Ltd,strip of 10 tablets,131.4,true
Esam-AT Tablet,Amlodipine + Atenolol,2.5mg + 50mg,Tablet,Torrent Pharmaceuticals Ltd,strip of 10 tablets,113.65,true
Esentra 1mg Tablet,Eszopiclone,1mg,Tablet,Intas Pharmaceuticals Ltd,strip of 10 tablets,40.0,false
Esentra 2mg Tablet,Eszopiclone,2mg,Tablet,Intas Pharmaceuticals Ltd,strip of 10 tablets,60.0,false
Esentra 3mg Tablet,Eszopiclone,3mg,Tablet,Intas Pharmaceuticals Ltd,strip of 10 tablets,80.0,false
ESGIPYRIN DS INJECTION,Diclofenac,25mg/ml,Injection,Abbott,vial of 3 ml Injection,5.02,true
Esokem-L Capsule SR,Levosulpiride + Esomeprazole,75mg + 40mg,Capsule,Alkem Laboratories Ltd,strip of 10 capsule sr,248.6,true
Esomac 10 Granules,Esomeprazole,10mg,Powder,Cipla Ltd,sachet of 3.2 gm Granules,14.52,true
Esomac 10mg Granules,Esomeprazole,10mg,Powder,Cipla Ltd,sachet of 1 gm Granules,14.52,true
Esomac 20 Tablet,Esomeprazole,20mg,Tablet,Cipla Ltd,strip of 15 tablets,94.42,true
Esomac D 20 Capsule SR,Domperidone + Esomeprazole,30mg + 20mg,Capsule,Cipla Ltd,strip of 10 capsule sr,106.87,true
Esomac HP Combo Kit,Amoxycillin + Clarithromycin,750mg + 500mg,Tablet,Cipla Ltd,packet of 6 tablets,157.5,true
Esomac L Capsule SR,Levosulpiride + Esomeprazole,75mg + 40mg,Capsule,Cipla Ltd,strip of 10 capsule sr,287.18,true
Espin 1.25mg Tablet,Amlodipine,1.25mg,Tablet,Intas Pharmaceuticals Ltd,strip of 10 tablets,31.5,true
Espin 2.5 Tablet,S-Amlodipine,2.5mg,Tablet,Intas Pharmaceuticals Ltd,strip of 10 tablets,60.5,true
Espin 5 Tablet,Amlodipine,5mg,Tablet,Intas Pharmaceuticals Ltd,strip of 10 tablets,73.0,true
Espin H 2.5 mg/12.5 mg Tablet,Amlodipine + Hydrochlorothiazide,2.5mg + 12.5mg,Tablet,Intas Pharmaceuticals Ltd,strip of 10 tablets,60.0,true
Espin MT Tablet ER,Amlodipine + Metoprolol Succinate,2.5mg + 50mg,Tablet,Intas Pharmaceuticals Ltd,strip of 10 tablet er,106.0,true
Espin TM Tablet,S-Amlodipine + Telmisartan,2.5mg + 40mg,Tablet,Intas Pharmaceuticals Ltd,strip of 10 tablets,118.0,true
Espin-AT Tablet,S-Amlodipine + Atenolol,2.5mg + 50mg,Tablet,Intas Pharmaceuticals Ltd,strip of 10 tablets,72.5,true
Espin-LT Tablet,Losartan + Amlodipine,50mg + 2.5mg,Tablet,Intas Pharmaceuticals Ltd,strip of 10 tablets,169.0,true
Estuchol 300 Tablet,Ursodeoxycholic Acid,300mg,Tablet,Lupin Ltd,strip of 10 tablets,347.0,true
Etilaam 0.25 Tablet,Etizolam,0.25mg,Tablet,Intas Pharmaceuticals Ltd,strip of 10 tablets,37.5,true
Etilaam 0.25mg Tablet MD,Etizolam,0.25mg,Tablet,Intas Pharmaceuticals Ltd,strip of 10 tablet md,34.0,true
Etilaam 0.5 Tablet,Etizolam,0.5mg,Tablet,Intas Pharmaceuticals Ltd,strip of 10 tablets,70.0,true
Etilaam 0.5mg Tablet MD,Etizolam,0.5mg,Tablet,Intas Pharmaceuticals Ltd,strip of 10 tablet md,71.0,true
Etilaam 1.5 CR Tablet,Etizolam,1.5mg,Tablet,Intas Pharmaceuticals Ltd,strip of 10 tablet cr,118.0,true
Etilaam 1mg Tablet,Etizolam,1mg,Tablet,Intas Pharmaceuticals Ltd,strip of 10 tablets,108.0,true
Etilaam 1mg Tablet MD,Etizolam,1mg,Tablet,Intas Pharmaceuticals Ltd,strip of 10 tablet md,83.0,true
Etilaam Pro 20 Tablet,Etizolam + Propranolol,0.5mg + 20mg,Tablet,Intas Pharmaceuticals Ltd,strip of 10 tablets,75.5,true
Etilaam Pro 40 Tablet,Etizolam + Propranolol,0.5mg + 40mg,Tablet,Intas Pharmaceuticals Ltd,strip of 10 tablets,96.5,true
Etilaam S 0.5mg/10mg Tablet,Etizolam + Escitalopram Oxalate,0.5mg + 10mg,Tablet,Intas Pharmaceuticals Ltd,strip of 10 tablets,157.0,true
Etilaam S 0.5mg/5mg Tablet,Etizolam + Escitalopram Oxalate,0.5mg + 5mg,Tablet,Intas Pharmaceuticals Ltd,strip of 10 tablets,128.0,true
Etirest 0.25mg Tablet,Etizolam,0.25mg,Tablet,Sun Pharmaceutical Industries Ltd,strip of 10 tablets,71.9,true
Etirest 1mg Tablet,Etizolam,1mg,Tablet,Sun Pharmaceutical Industries Ltd,strip of 10 tablets,91.0,true
Etizola 0.25 Tablet,Etizolam,0.25mg,Tablet,Macleods Pharmaceuticals Pvt Ltd,strip of 15 tablets,61.7,true
Etizola 0.5 Tablet,Etizolam,0.5mg,Tablet,Macleods Pharmaceuticals Pvt Ltd,strip of 15 tablets,97.0,true
Etizola 0.5mg Tablet MD,Etizolam,0.5mg,Tablet,Macleods Pharmaceuticals Pvt Ltd,strip of 10 tablet md,41.0,true
Etizola Beta 0.25 mg/20 mg Tablet,Etizolam + Propranolol,0.25mg + 20mg,Tablet,Macleods Pharmaceuticals Pvt Ltd,strip of 10 tablets,55.8,true
Etizola Beta 0.5 Tablet,Etizolam + Propranolol,0.50mg + 20mg,Tablet,Macleods Pharmaceuticals Pvt Ltd,strip of 10 tablets,82.8,true
Etizola Lite 0.25mg/10mg Tablet,Etizolam + Escitalopram Oxalate,0.25mg + 10mg,Tablet,Macleods Pharmaceuticals Pvt Ltd,strip of 10 tablets,99.0,true
Etizola Lite 0.25mg/5mg Tablet,Etizolam + Escitalopram Oxalate,0.25mg + 5mg,Tablet,Macleods Pharmaceuticals Pvt Ltd,strip of 10 tablets,99.0,true
Etizola P 12.5 Capsule IR,Paroxetine + Etizolam,12.5mg + 0.5mg,Capsule,Macleods Pharmaceuticals Pvt Ltd,strip of 10 capsule er,120.0,true
Etizola P 25mg/0.5mg Capsule,Paroxetine + Etizolam,25mg + 0.5mg,Capsule,Macleods Pharmaceuticals Pvt Ltd,strip of 10 capsules,150.0,true
Etizola Plus 10 Tablet,Etizolam + Escitalopram Oxalate,0.5mg + 10mg,Tablet,Macleods Pharmaceuticals Pvt Ltd,strip of 10 tablets,143.55,true
Etizola Plus 5 Tablet,Etizolam + Escitalopram Oxalate,0.5mg + 5mg,Tablet,Macleods Pharmaceuticals Pvt Ltd,strip of 10 tablets,116.5,true
Etobrix 60 Soft Gelatin Capsule,Etoricoxib,60mg,Capsule,Wockhardt Ltd,strip of 10 soft gelatin capsules,90.0,true
Etobrix 90mg Soft Gelatin Capsule,Etoricoxib,90mg,Capsule,Wockhardt Ltd,strip of 10 soft gelatin capsules,131.5,true
Etoford P 60 mg/325 mg Tablet,Etoricoxib + Paracetamol,60mg + 325mg,Tablet,Leeford Healthcare Ltd,strip of 10 tablets,100.0,true
Etofree 200mg Tablet,Etodolac,200mg,Tablet,Lupin Ltd,strip of 10 tablets,38.27,false
Etofree 300mg Tablet,Etodolac,300mg,Tablet,Lupin Ltd,strip of 10 tablets,40.0,false
Etofree 600 ER Tablet,Etodolac,600mg,Tablet,Lupin Ltd,strip of 10 tablet er,219.3,false
Etogesic 400 Tablet,Etodolac,400mg,Tablet,Zydus Cadila,strip of 10 tablets,88.85,false
Etogesic ER Tablet,Etodolac,600mg,Tablet,Zydus Cadila,strip of 10 tablet er,217.0,false
Etogesic MR 400mg/8mg Tablet,Etodolac + Thiocolchicoside,400mg + 8mg,Tablet,Zydus Cadila,strip of 10 tablets,219.91,true
Etogesic MR Tablet,Etodolac + Thiocolchicoside,400mg + 4mg,Tablet,Zydus Cadila,strip of 10 tablets,258.2,true
Etogesic P Tablet,Etodolac + Paracetamol,400mg + 325mg,Tablet,Zydus Cadila,strip of 10 tablets,94.8,false
Etogesic SP 400 mg/500 mg/15 mg Tablet,Etodolac + Paracetamol,400mg + 500mg,Tablet,Zydus Cadila,strip of 10 tablets,95.4,false
Etogesic T Tablet,Etodolac + Tolperisone,400mg + 150mg,Tablet,Zydus Cadila,strip of 10 tablets,246.4,false
Etolyte-P Tablet,Etoricoxib + Paracetamol,60mg + 325mg,Tablet,Leeford Healthcare Ltd,strip of 10 tablets,88.0,true
Etomin 125mg Suspension,Erythromycin,125mg,Suspension,Sun Pharmaceutical Industries Ltd,bottle of 60 ml Suspension,24.63,true
Etomin 250mg Tablet,Erythromycin,250mg,Tablet,Sun Pharmaceutical Industries Ltd,strip of 10 tablets,41.34,true
Etomin 500mg Tablet,Erythromycin,500mg,Tablet,Sun Pharmaceutical Industries Ltd,strip of 10 tablets,87.47,true
Etomin Kid 125mg Tablet,Erythromycin,125mg,Tablet,Sun Pharmaceutical Industries Ltd,strip of 10 tablets,21.22,true
Etoshine 120 Tablet,Etoricoxib,120mg,Tablet,Sun Pharmaceutical Industries Ltd,strip of 10 tablets,200.0,true
Etoshine 60 Tablet,Etoricoxib,60mg,Tablet,Sun Pharmaceutical Industries Ltd,strip of 10 tablets,125.0,true
Etoshine 90 Tablet,Etoricoxib,90mg,Tablet,Sun Pharmaceutical Industries Ltd,strip of 10 tablets,150.0,true
Etoshine MR Tablet,Etoricoxib + Thiocolchicoside,60mg + 4mg,Tablet,Sun Pharmaceutical Industries Ltd,strip of 10 tablets,274.0,true
Etoshine NP Tablet PR,Pregabalin + Etoricoxib,75mg + 60mg,Tablet,Sun Pharmaceutical Industries Ltd,strip of 10 Tablet pr,228.0,true
Etoxib 120 Tablet,Etoricoxib,120mg,Tablet,Torrent Pharmaceuticals Ltd,strip of 10 tablets,197.35,true
Etoxib 60 Tablet,Etoricoxib,60mg,Tablet,Torrent Pharmaceuticals Ltd,strip of 10 tablets,118.5,true
Etoxib 90 Tablet,Etoricoxib,90mg,Tablet,Torrent Pharmaceuticals Ltd,strip of 10 tablets,182.4,true
Etoxib MR Tablet,Etoricoxib + Thiocolchicoside,60mg + 4mg,Tablet,Torrent Pharmaceuticals Ltd,strip of 10 tablets,273.6,true
Eucef 250mg Capsule,Cefixime,250mg,Capsule,Elder Pharmaceuticals Ltd,strip of 10 capsules,62.5,true
Euclide 40 Tablet,Gliclazide,40mg,Tablet,Alkem Laboratories Ltd,strip of 10 tablets,56.5,true
Euclide 60mg Tablet XR,Gliclazide,60mg,Tablet,Alkem Laboratories Ltd,strip of 10 tablet xr,108.0,true
Euclide 80 Tablet,Gliclazide,80mg,Tablet,Alkem Laboratories Ltd,strip of 10 tablets,96.5,true
Euclide M 30 OD Tablet ER,Gliclazide + Metformin,30mg + 500mg,Tablet,Alkem Laboratories Ltd,strip of 10 tablet er,89.0,true
Euclide M 60 OD Tablet ER,Gliclazide + Metformin,60mg + 500mg,Tablet,Alkem Laboratories Ltd,strip of 10 tablet er,137.0,true
Euclide M Tablet,Gliclazide + Metformin,80mg + 500mg,Tablet,Alkem Laboratories Ltd,strip of 15 tablets,225.0,true
Eufox D Eye Drop,Ofloxacin + Dexamethasone,,Drops,Lupin Ltd,packet of 10 ml Eye Drop,8.05,true
Eufox Eye Drop,Ofloxacin,,Drops,Lupin Ltd,packet of 10 ml Eye Drop,9.46,true
Eufox O 50mg/5ml/125mg/5ml Syrup,Ofloxacin + Ornidazole,50mg/5ml + 125mg/5ml,Syrup,Lupin Ltd,bottle of 30 ml Syrup,45.0,true
Eurepa 0.5 Tablet,Repaglinide,0.5mg,Tablet,Torrent Pharmaceuticals Ltd,strip of 15 tablets,146.25,true
Eurepa 1 Tablet,Repaglinide,1mg,Tablet,Torrent Pharmaceuticals Ltd,strip of 15 tablets,293.0,true
Eurepa 2 Tablet,Repaglinide,2mg,Tablet,Torrent Pharmaceuticals Ltd,strip of 15 tablets,393.45,true
Eurepa MF 1 Tablet,Repaglinide + Metformin,1mg + 500mg,Tablet,Torrent Pharmaceuticals Ltd,strip of 10 tablets,192.05,true
Eurepa MF 2 Tablet,Repaglinide + Metformin,2mg + 500mg,Tablet,Torrent Pharmaceuticals Ltd,strip of 10 tablets,264.1,true
Eurepa-V 0.5/0.2 Tablet,Repaglinide + Voglibose,0.5mg + 0.2mg,Tablet,Torrent Pharmaceuticals Ltd,strip of 10 tablets,147.7,true
Eurepa-V 0.5/0.3 Tablet,Repaglinide + Voglibose,0.5mg + 0.3mg,Tablet,Torrent Pharmaceuticals Ltd,strip of 10 tablets,147.7,true
Eurepa-V 1/0.2 Tablet,Repaglinide + Voglibose,1mg + 0.2mg,Tablet,Torrent Pharmaceuticals Ltd,strip of 10 tablets,181.4,true
Eurepa-V 1/0.3 Tablet,Repaglinide + Voglibose,1mg + 0.3mg,Tablet,Torrent Pharmaceuticals Ltd,strip of 10 tablets,190.45,true
Eurofenac Plus Syrup,Aceclofenac + Paracetamol,50mg/5ml + 125mg/5ml,Syrup,Euro Organics,bottle of 60 ml Syrup,58.0,false
Evicef Oral Drops,Cefixime,25mg,Suspension,Evitalife Pharma Private Limited,bottle of 10 ml Oral Suspension,55.0,true
Evimectin-A Tablet,Ivermectin + Albendazole,12mg + 400mg,Tablet,Leeford Healthcare Ltd,strip of 1 Tablet,24.0,true
Evion LC Tablet,Levo-carnitine + Vitamin E,150mg + 200mg,Tablet,Merck Ltd,strip of 10 tablets,51.8,false
Evoxil-CV Duos Dry Syrup Banana & Mix Fruit,Amoxycillin + Clavulanic Acid,400mg + 57mg,Suspension,Leeford Healthcare Ltd,bottle of 30 ml Oral Suspension,100.0,true
Exel GN Cream,Clobetasol + Neomycin,0.05% w/w + 0.5% w/w,Cream,Sun Pharmaceutical Industries Ltd,tube of 15 gm Cream,75.5,true
Exel skin Cream,Clobetasol,0.05% w/w,Cream,Sun Pharmaceutical Industries Ltd,tube of 30 gm Cream,165.0,true
Exermet 1000 Tablet SR,Metformin,1000mg,Tablet,Cipla Ltd,strip of 15 tablet sr,67.93,true
Exermet 500 SR Tablet,Metformin,500mg,Tablet,Cipla Ltd,strip of 15 Tablet pr,32.8,true
Exermet 850 SR Tablet,Metformin,850mg,Tablet,Cipla Ltd,strip of 15 Tablet pr,67.15,true
Exermet GL 5mg/500mg Tablet,Glibenclamide + Metformin,5mg + 500mg,Tablet,Cipla Ltd,strip of 10 tablets,28.5,true
Exermet GM 0.5 Tablet SR,Glimepiride + Metformin,0.5mg + 500mg,Tablet,Cipla Ltd,strip of 10 tablet sr,48.0,true
Exermet GM Forte 1 Tablet PR,Glimepiride + Metformin,1mg + 1000mg,Tablet,Cipla Ltd,strip of 10 Tablet pr,96.8,true
Exermet GM Forte 2 Tablet PR,Glimepiride + Metformin,2mg + 1000mg,Tablet,Cipla Ltd,strip of 10 Tablet pr,131.28,true
Exermet GZ 30mg/500mg Tablet,Gliclazide + Metformin,30mg + 500mg,Tablet,Cipla Ltd,strip of 10 tablets,47.08,true
Exermet GZ 60mg/500mg Tablet,Gliclazide + Metformin,60mg + 500mg,Tablet,Cipla Ltd,strip of 10 tablets,63.13,true
Exermet P 15mg/500mg Tablet,Pioglitazone + Metformin,15mg + 500mg,Tablet,Cipla Ltd,strip of 10 tablets,40.66,true
Exermet P 30mg/500mg Tablet,Pioglitazone + Metformin,30mg + 500mg,Tablet,Cipla Ltd,strip of 10 tablets,69.55,true
Exmite 125mg Oral Suspension,Levofloxacin,125mg,Suspension,Ridhima Biocare,bottle of 60 ml Oral Suspension,85.0,true
Expotus BR Syrup,Bromhexine + Guaifenesin,2mg/5ml + 50mg/5ml,Syrup,Ridhima Biocare,bottle of 100 ml Syrup,99.0,false
Expotus Dmr 5mg/2mg/10mg Tablet,Phenylephrine + Chlorpheniramine Maleate,5mg + 2mg,Tablet,Ridhima Biocare,strip of 10 tablets,39.0,false
Expotus GT Oral Drops,Ambroxol + Guaifenesin,7.5mg + 12.5mg,Drops,Ridhima Biocare,bottle of 15 ml Oral Drops,55.0,false
Extacef 50mg Oral Drops,Cefixime,50mg,Drops,Blue Cross Laboratories Ltd,packet of 10 ml Oral Drops,75.0,true
Extclav PD Oral Drops,Amoxycillin + Clavulanic Acid,80mg/ml + 11.4mg/ml,Drops,Best Biotech,bottle of 10 ml Oral Drops,69.0,true
Eyemist Eye Drop,Hydroxypropylmethylcellulose,0.3% w/v,Drops,Sun Pharmaceutical Industries Ltd,bottle of 10 ml Ophthalmic Solution,218.0,false
Eyemist Forte Eye Drop,Hydroxypropylmethylcellulose,0.3% w/v,Drops,Sun Pharmaceutical Industries Ltd,bottle of 10 ml Eye Drop,266.0,false
Eyemist Gel,Hydroxypropylmethylcellulose,0.3% w/w,Gel,Sun Pharmaceutical Industries Ltd,tube of 10 gm Eye Gel,413.0,false
Ezanic 10% Cream,Azelaic Acid,10% w/w,Cream,Intas Pharmaceuticals Ltd,tube of 15 gm Cream,200.0,false
Ezanic 10% Gel,Azelaic Acid,10% w/w,Gel,Intas Pharmaceuticals Ltd,tube of 15 gm Gel,185.0,false
Ezanic 20% Cream,Azelaic Acid,20% w/w,Cream,Intas Pharmaceuticals Ltd,tube of 15 gm Cream,255.0,false
Ezanic 20% Gel,Azelaic Acid,20% w/w,Gel,Intas Pharmaceuticals Ltd,tube of 15 gm Gel,270.0,false
F Clav Suspension,Amoxycillin + Clavulanic Acid,50mg + 1.25mg,Suspension,Human Care Remedies,bottle of 30 ml Suspension,69.0,true
F Con 150mg Tablet,Fluconazole,150mg,Tablet,Lupin Ltd,strip of 1 Tablet,31.95,true
F Con 50mg Tablet,Fluconazole,50mg,Tablet,Lupin Ltd,strip of 4 tablets,13.5,true
Fadox 20mg Oral Drops,Cefpodoxime Proxetil,20mg,Drops,Dolvis Bio Pharma Pvt Ltd,bottle of 10 ml Oral Drops,70.0,true
Falcigo 50mg Tablet,Artesunate,50mg,Tablet,Zydus Cadila,strip of 4 tablets,180.62,false
Farobact 200 Tablet,Faropenem,200mg,Tablet,Cipla Ltd,strip of 6 tablets,630.28,false
Farobact 200 Tablet,Faropenem,200mg,Tablet,Cipla Ltd,strip of 10 tablets,1050.46,false
Farobact 300mg Tablet ER,Faropenem,300mg,Tablet,Cipla Ltd,strip of 10 tablet er,1153.53,false
Farobact 300mg Tablet ER,Faropenem,300mg,Tablet,Cipla Ltd,strip of 6 tablet er,692.12,false
Faronem 150mg Tablet,Faropenem,150mg,Tablet,Sun Pharmaceutical Industries Ltd,strip of 6 tablets,239.4,false
Faronem 200 Tablet,Faropenem,200mg,Tablet,Sun Pharmaceutical Industries Ltd,strip of 10 tablets,990.0,false
Faronem CV Tablet,Faropenem + Clavulanic Acid,200mg + 125mg,Tablet,Sun Pharmaceutical Industries Ltd,strip of 10 tablets,1190.0,true
Faronem ER Tablet,Faropenem,300mg,Tablet,Sun Pharmaceutical Industries Ltd,strip of 10 tablet er,1195.0,false
Faronem Syrup,Faropenem,50mg/5ml,Syrup,Sun Pharmaceutical Industries Ltd,bottle of 30 ml Syrup,250.0,false
Fax 250mg Tablet,Cefixime,250mg,Tablet,Astron Healthcare,strip of 10 tablets,25.0,true
Fax 500mg Tablet,Cefixime,500mg,Tablet,Astron Healthcare,strip of 10 tablets,40.0,true
Fax TZ Forte Tablet,Cefixime,,Tablet,Astron Healthcare,strip of 10 tablets,54.31,true
Fax TZ Tablet,Cefixime,,Tablet,Astron Healthcare,strip of 10 tablets,40.0,true
Febrex 150mg Drop,Paracetamol,150mg,Drops,Indoco Remedies Ltd,packet of 15 ml Drop,18.16,false
Febrex Plus DS,Chlorpheniramine Maleate + Paracetamol,2mg + 250mg,Suspension,Indoco Remedies Ltd,bottle of 60 ml Oral Suspension,93.0,false
Febrex Plus DS Oral Suspension Delicious Orange,Chlorpheniramine Maleate + Paracetamol,2mg + 250mg,Suspension,Indoco Remedies Ltd,bottle of 60 ml Oral Suspension,93.0,false
Febrex Plus Syrup,Chlorpheniramine Maleate + Paracetamol,1mg/5ml + 125mg/5ml,Syrup,Indoco Remedies Ltd,bottle of 60 ml Syrup,89.0,false
Febuget 80 Tablet,Febuxostat,80mg,Tablet,Sun Pharmaceutical Industries Ltd,strip of 10 tablets,228.0,true
Febugood 120mg Tablet,Febuxostat,120mg,Tablet,Torrent Pharmaceuticals Ltd,strip of 10 tablets,200.0,true
Febugood 40 Tablet,Febuxostat,40mg,Tablet,Torrent Pharmaceuticals Ltd,strip of 10 tablets,134.45,true
Febugood 80 Tablet,Febuxostat,80mg,Tablet,Torrent Pharmaceuticals Ltd,strip of 10 tablets,227.2,true
Febustat 20mg Tablet,Febuxostat,20mg,Tablet,Abbott,strip of 15 tablets,165.0,true
Febustat 40 Tablet,Febuxostat,40mg,Tablet,Abbott,strip of 15 tablets,270.55,true
Febustat 60mg Tablet,Febuxostat,60mg,Tablet,Abbott,strip of 15 tablets,275.0,true
Febustat 80 Tablet,Febuxostat,80mg,Tablet,Abbott,strip of 15 tablets,422.24,true
Febutaz 40 Tablet,Febuxostat,40mg,Tablet,Sun Pharmaceutical Industries Ltd,strip of 15 tablets,190.0,true
Febutaz 80 Tablet,Febuxostat,80mg,Tablet,Sun Pharmaceutical Industries Ltd,strip of 10 tablets,228.0,true
Fedexil Suspension,Cefadroxil,,Suspension,Zydus Cadila,bottle of 30 ml Suspension,16.18,true
Felcam 20mg Tablet,Piroxicam,20mg,Tablet,Sun Pharmaceutical Industries Ltd,strip of 10 tablets,32.3,false
Felcam Gel,Piroxicam,0.5% w/w,Gel,Sun Pharmaceutical Industries Ltd,tube of 10 gm Gel,14.9,false
Feldex Tablet,Piroxicam,20mg,Tablet,Sun Pharmaceutical Industries Ltd,strip of 10 tablets,131.0,false
Feliz 10mg Tablet,Citalopram,10mg,Tablet,Torrent Pharmaceuticals Ltd,strip of 10 tablets,30.07,true
Feliz 20mg Tablet,Citalopram,20mg,Tablet,Torrent Pharmaceuticals Ltd,strip of 10 tablets,55.13,true
Feliz 40mg Tablet,Citalopram,40mg,Tablet,Torrent Pharmaceuticals Ltd,strip of 10 tablets,99.23,true
Feliz S EZ 0.5 mg/10 mg Tablet,Etizolam + Escitalopram Oxalate,0.5mg + 10mg,Tablet,Torrent Pharmaceuticals Ltd,strip of 10 tablets,95.0,true
Feliz S EZ 0.5 mg/5 mg Tablet,Etizolam + Escitalopram Oxalate,0.5mg + 5mg,Tablet,Torrent Pharmaceuticals Ltd,strip of 10 tablets,71.0,true
Feliz S Plus 0.5 mg/5 mg Tablet,Clonazepam + Escitalopram Oxalate,0.5mg + 5mg,Tablet,Torrent Pharmaceuticals Ltd,strip of 10 tablets,117.85,true
Feliz S Plus Tablet,Clonazepam + Escitalopram Oxalate,0.5mg + 10mg,Tablet,Torrent Pharmaceuticals Ltd,strip of 10 tablets,135.2,true
Feliz-S 10 Tablet,Escitalopram Oxalate,10mg,Tablet,Torrent Pharmaceuticals Ltd,strip of 10 tablets,99.4,true
Feliz-S 20 Tablet,Escitalopram Oxalate,20mg,Tablet,Torrent Pharmaceuticals Ltd,strip of 10 tablets,158.9,true
Feliz-S 5 Tablet,Escitalopram Oxalate,5mg,Tablet,Torrent Pharmaceuticals Ltd,strip of 10 tablets,56.65,true
Feliz-S Lite Tablet,Clonazepam + Escitalopram Oxalate,0.25mg + 10mg,Tablet,Torrent Pharmaceuticals Ltd,strip of 10 tablets,139.35,true
Fenac-P 50 mg/500 mg Tablet,Diclofenac + Paracetamol,50mg + 500mg,Tablet,Sun Pharmaceutical Industries Ltd,strip of 10 tablets,6.0,false
Fenak 1.16% Gel,Diclofenac,1.16%,Gel,Sun Pharmaceutical Industries Ltd,tube of 30 gm Gel,12.32,false
Fenak 25mg Injection,Diclofenac,25mg,Injection,Sun Pharmaceutical Industries Ltd,vial of 3 ml Injection,5.0,true
Fenceta 400mg/325mg Tablet,Ibuprofen + Paracetamol,400mg + 325mg,Tablet,Alkem Laboratories Ltd,strip of 15 tablets,26.9,false
Fenceta 400mg/500mg Tablet,Ibuprofen + Paracetamol,400mg + 500mg,Tablet,Alkem Laboratories Ltd,strip of 10 tablets,17.05,false
Fenceta M Syrup,Mefenamic Acid + Paracetamol,50mg + 125mg,Syrup,Alkem Laboratories Ltd,bottle of 60 ml Syrup,55.5,false
Fenceta MR 100mg/4mg Tablet,Aceclofenac + Thiocolchicoside,100mg + 4mg,Tablet,Alkem Laboratories Ltd,strip of 10 tablets,165.5,true
Fenceta MR 100mg/8mg Tablet,Aceclofenac + Thiocolchicoside,100mg + 8mg,Tablet,Alkem Laboratories Ltd,strip of 10 tablets,218.5,true
Fenceta Novo 100 mg/500 mg Tablet,Aceclofenac + Paracetamol,100mg + 500mg,Tablet,Alkem Laboratories Ltd,strip of 10 tablets,25.9,false
Fenceta Plus 100mg/162.5mg Suspension,Ibuprofen + Paracetamol,100mg + 162.5mg,Suspension,Alkem Laboratories Ltd,bottle of 60 ml Suspension,36.0,false
Fenceta Plus 400mg/325mg/30mg Tablet,Ibuprofen + Paracetamol,400mg + 325mg,Tablet,Alkem Laboratories Ltd,strip of 10 tablets,25.0,false
Fenceta SP 100 mg/500 mg/15 mg Tablet,Aceclofenac + Paracetamol,100mg + 500mg,Tablet,Alkem Laboratories Ltd,strip of 10 tablets,50.0,false
Fenceta Spas 80mg/100mg Tablet,Drotaverine + Aceclofenac,80mg + 100mg,Tablet,Alkem Laboratories Ltd,strip of 10 tablets,99.0,false
Fenograf 250mg Tablet,Mycophenolate mofetil,250mg,Tablet,Torrent Pharmaceuticals Ltd,strip of 10 tablets,465.0,true
Fenograf 500mg Tablet,Mycophenolate mofetil,500mg,Tablet,Torrent Pharmaceuticals Ltd,strip of 10 tablets,782.56,true
Fenograf 750mg Tablet,Mycophenolate mofetil,750mg,Tablet,Torrent Pharmaceuticals Ltd,strip of 10 tablets,1185.0,true
Fenograf S 360mg Tablet,Mycophenolate sodium,360mg,Tablet,Torrent Pharmaceuticals Ltd,strip of 10 tablets,1002.0,true
Ferpill 25mg Tablet,Clomiphene,25mg,Tablet,Intas Pharmaceuticals Ltd,strip of 10 tablets,28.0,true
Ferpill Kit 50mg Tablet,Clomiphene,50mg,Tablet,Intas Pharmaceuticals Ltd,strip of 15 tablets,215.8,true
Fertomid 100 Tablet,Clomiphene,100mg,Tablet,Cipla Ltd,strip of 5 tablets,72.72,true
Fertomid 25 Tablet,Clomiphene,25mg,Tablet,Cipla Ltd,strip of 10 tablets,76.52,true
Fertomid 50 Tablet,Clomiphene,50mg,Tablet,Cipla Ltd,strip of 10 tablets,103.48,true
Fevago 100mg/ml Drop,Paracetamol,100mg/ml,Drops,Cipla Ltd,packet of 15 ml Drop,27.21,false
Fevago 120mg Suspension Oral Suspension Strawberry,Paracetamol,120mg/5ml,Suspension,Cipla Ltd,bottle of 60 ml Oral Suspension,35.61,false
Fevorit 50mg Oral Drops,Cefixime,50mg,Drops,Indoco Remedies Ltd,packet of 15 ml Oral Drops,30.76,true
FEXIGRA 120 MG TABLET,Fexofenadine,120mg,Tablet,Cipla Ltd,strip of 10 tablets,171.82,false
Fexigra 180 Tablet,Fexofenadine,180mg,Tablet,Cipla Ltd,strip of 10 tablets,197.23,false
Fexigra 30mg Oral Suspension,Fexofenadine,30mg/5ml,Suspension,Cipla Ltd,bottle of 100 ml Oral Suspension,141.9,false
Fexigra 30mg Tablet,Fexofenadine,30mg,Tablet,Cipla Ltd,strip of 10 tablets,49.81,false
Fexo 120mg Tablet,Fexofenadine,120mg,Tablet,Torrent Pharmaceuticals Ltd,strip of 6 tablets,33.0,false
Fexo 180mg Tablet,Fexofenadine,180mg,Tablet,Torrent Pharmaceuticals Ltd,strip of 6 tablets,45.0,false
Fexy Oral Suspension,Fexofenadine,30mg/5ml,Suspension,Lupin Ltd,bottle of 60 ml Oral Suspension,137.3,false
Fibator 20 Tablet,Atorvastatin + Fenofibrate,20mg + 145mg,Tablet,Sun Pharmaceutical Industries Ltd,strip of 10 tablets,339.0,true
Fibator 5 Tablet,Atorvastatin + Fenofibrate,5mg + 145mg,Tablet,Sun Pharmaceutical Industries Ltd,strip of 10 tablets,172.0,true
Fibator EZ Tablet,Atorvastatin + Fenofibrate,10mg + 160mg,Tablet,Sun Pharmaceutical Industries Ltd,strip of 10 tablets,267.0,true
Fibator LS Tablet,Atorvastatin + Fenofibrate,10mg + 72.5mg,Tablet,Sun Pharmaceutical Industries Ltd,strip of 10 tablets,214.0,true
Fibator Tablet,Atorvastatin + Fenofibrate,10mg + 145mg,Tablet,Sun Pharmaceutical Industries Ltd,strip of 10 tablets,240.0,true
Fienzaclav Dry Syrup,Amoxycillin + Clavulanic Acid,125mg + 31.25mg,Suspension,Plena Remedies,bottle of 30 ml Oral Suspension,71.0,true
Fightox Forte Dry Syrup,Amoxycillin + Clavulanic Acid,400mg + 57mg,Syrup,Abbott,bottle of 30 ml Dry Syrup,119.0,true
Fincef 100mg/5ml Dry Syrup,Cefpodoxime Proxetil,100mg/5ml,Syrup,Abbott,bottle of 30 ml Dry Syrup,113.25,true
Finecef 100mg Dry Syrup,Cefpodoxime Proxetil,100mg/5ml,Syrup,Abbott,bottle of 30 ml Dry Syrup,118.5,true
Finecef 1gm Injection,Ceftriaxone,1gm,Injection,Abbott,vial of 1 Injection,63.0,true
Finecef 50mg Dry Syrup,Cefpodoxime Proxetil,50mg,Syrup,Abbott,bottle of 30 ml Dry Syrup,94.6,true
Finecef 50mg Tablet DT,Cefpodoxime Proxetil,50mg,Tablet,Abbott,strip of 10 tablet dt,64.58,true
Finecef O 200mg/200mg Tablet,Cefpodoxime Proxetil + Ofloxacin,200mg + 200mg,Tablet,Abbott,strip of 10 tablets,172.0,true
Finecef-T 562.5mg Injection,Ceftriaxone + Tazobactum,500mg + 62.5mg,Injection,Abbott,vial of 1 Injection,91.0,true
Fineheal-D Tablet,Trypsin + Bromelain,48mg + 90mg,Tablet,Torrent Pharmaceuticals Ltd,strip of 10 tablets,193.15,false
Fintrix 500 Tablet,Terbinafine,500mg,Tablet,Micro Labs Ltd,strip of 7 tablets,158.0,true
Fit 10 mg/1 mg Tablet,Chlordiazepoxide + Trifluoperazine,10mg + 1mg,Tablet,Cipla Ltd,strip of 10 tablets,131.0,false
Fixcof-DX Syrup,Chlorpheniramine Maleate + Dextromethorphan Hydrobromide,2mg/5ml + 10mg/5ml,Syrup,Emcure Pharmaceuticals Ltd,bottle of 100 ml Syrup,88.38,false
Fixican AZ Dry Syrup,Cefixime + Azithromycin,50mg/5ml + 100mg/5ml,Syrup,Ikon Remedies Pvt Ltd,bottle of 30 ml Dry Syrup,135.0,true
Fixican O Dry Syrup,Cefixime + Ofloxacin,50mg + 50mg/5ml,Syrup,Ikon Remedies Pvt Ltd,bottle of 30 ml Dry Syrup,95.0,true
Fixican-OZ Dry Syrup,Cefixime + Ornidazole,50mg + 125mg/5ml,Syrup,Ikon Remedies Pvt Ltd,bottle of 30 ml Dry Syrup,95.0,true
Fixit OF Dry Syrup,Ofloxacin + Ornidazole,50mg + 125mg,Syrup,Ind Swift Laboratories Ltd,bottle of 30 ml Dry Syrup,79.9,true
Fixx LB 100mg Tablet DT,Cefixime + Lactobacillus,100mg + 2.5billioncells,Tablet,Torrent Pharmaceuticals Ltd,strip of 10 tablet dt,60.8,true
Fixx LB Syrup,Cefixime + Lactobacillus,30mg + 20Million Spores,Syrup,Torrent Pharmaceuticals Ltd,bottle of 30 ml Syrup,40.66,true
Flagyl 200 Tablet,Metronidazole,200mg,Tablet,Abbott,strip of 15 tablets,12.76,true
Flagyl 400 Tablet,Metronidazole,400mg,Tablet,Abbott,strip of 15 tablets,23.74,true
Flagyl ER Tablet,Metronidazole,600mg,Tablet,Abbott,strip of 10 tablet er,55.06,true
Flagyl F Oral Suspension,Furazolidone + Metronidazole,30mg + 100mg,Suspension,Abbott,bottle of 60 ml Oral Suspension,18.33,true
Flagyl Suspension,Metronidazole,200mg/5ml,Suspension,Abbott,bottle of 60 ml Oral Suspension,33.49,true
Flamace PR Capsule,Aceclofenac + Paracetamol,100mg + 325mg,Capsule,Biomax Biotechnics Pvt Ltd,strip of 10 capsules,59.0,false
Flamover 5mg Tablet,Serratiopeptidase,5mg,Tablet,Alkem Laboratories Ltd,strip of 10 tablets,11.82,false
Flemiclav Forte Dry Syrup,Amoxycillin + Clavulanic Acid,400mg/5ml + 57mg/5ml,Powder,FDC Ltd,bottle of 30 ml Powder for Oral Suspension,122.0,true
Flexib 100mg Tablet,Rofecoxib,100mg,Tablet,Alkem Laboratories Ltd,strip of 15 tablets,13.9,false
Flexib 12.5mg Tablet,Rofecoxib,12.5mg,Tablet,Alkem Laboratories Ltd,strip of 10 tablets,13.75,false
Flexib 25mg Tablet,Rofecoxib,25mg,Tablet,Alkem Laboratories Ltd,strip of 10 tablets,30.77,false
Flexib 325 Tablet,Ibuprofen + Paracetamol,400mg + 325mg,Tablet,Alkem Laboratories Ltd,strip of 20 tablets,33.0,false
Flexib 50mg Tablet,Rofecoxib,50mg,Tablet,Alkem Laboratories Ltd,strip of 10 tablets,45.0,false
Flexib Oral Suspension,Ibuprofen + Paracetamol,100mg/5ml + 162.5mg/5ml,Suspension,Alkem Laboratories Ltd,bottle of 60 ml Oral Suspension,45.0,false
Flexiglim 0.5 Tablet,Glimepiride,0.5mg,Tablet,Torrent Pharmaceuticals Ltd,strip of 10 tablets,59.73,true
Flexilor P 8mg/325mg Tablet,Lornoxicam + Paracetamol,8mg + 325mg,Tablet,Glenmark Pharmaceuticals Ltd,strip of 10 tablets,164.0,false
Flo 200mg Capsule,Ofloxacin,200mg,Capsule,Vintech Formulations,strip of 10 capsules,50.0,true
Flocy 250mg Tablet,Ciprofloxacin,250mg,Tablet,Sun Pharmaceutical Industries Ltd,strip of 10 tablets,35.27,true
Flocy 500mg Tablet,Ciprofloxacin,500mg,Tablet,Sun Pharmaceutical Industries Ltd,strip of 10 tablets,68.71,true
Flocy Drop,Ciprofloxacin,0.3% w/v,Drops,Sun Pharmaceutical Industries Ltd,packet of 10 ml Drop,13.82,true
Flocy TZ 250 mg/300 mg Tablet,Ciprofloxacin + Tinidazole,250mg + 300mg,Tablet,Sun Pharmaceutical Industries Ltd,strip of 10 tablets,40.0,true
Flocy TZ 500 mg/600 mg Tablet,Ciprofloxacin + Tinidazole,500mg + 600mg,Tablet,Sun Pharmaceutical Industries Ltd,strip of 10 tablets,83.62,true
Flogel Eye Drop,Carboxymethylcellulose,1% w/v,Drops,Cipla Ltd,bottle of 10 ml Eye Drop,174.6,false
Flogel HA Lubricating Eye Drop,Sodium Hyaluronate,0.1% w/v,Drops,Cipla Ltd,bottle of 10 ml Eye Drop,400.0,false
Flox On O Syrup,Ofloxacin + Ornidazole,50mg + 125mg,Syrup,Shrion Pharmaceuticals,bottle of 30 ml Syrup,36.0,true
Floxibact 50mg/5ml Syrup,Ofloxacin,50mg/5ml,Syrup,Torrent Pharmaceuticals Ltd,bottle of 30 ml Syrup,10.75,true
Floxibact Eye/Ear Drops,Ofloxacin,,Drops,Torrent Pharmaceuticals Ltd,packet of 10 ml Eye/Ear Drops,8.18,true
Floxibact OZ 50mg/5ml/125mg/5ml Syrup,Ofloxacin + Ornidazole,50mg/5ml + 125mg/5ml,Syrup,Torrent Pharmaceuticals Ltd,bottle of 30 ml Syrup,38.0,true
Floxip 100mg Infusion,Ciprofloxacin,100mg,Injection,Abbott,bottle of 100 ml Infusion,16.76,true
Flozen 2.5mg Tablet XR,Serratiopeptidase,2.5mg,Tablet,Mankind Pharma Ltd,strip of 10 tablet xr,35.0,false
Flozen 20mg Tablet,Serratiopeptidase,20mg,Tablet,Mankind Pharma Ltd,strip of 10 tablets,75.0,false
Flozen 5mg Tablet,Serratiopeptidase,5mg,Tablet,Mankind Pharma Ltd,strip of 10 tablets,43.0,false
Flozen Forte 10mg Tablet,Serratiopeptidase,10mg,Tablet,Mankind Pharma Ltd,strip of 10 tablets,65.0,false
Flozen NS 100mg/15mg Tablet DT,Nimesulide + Serratiopeptidase,100mg + 15mg,Tablet,Mankind Pharma Ltd,strip of 10 tablet dt,80.0,false
Flucold Oral Drops,Chlorpheniramine Maleate + Paracetamol,1mg/5ml + 125mg/5ml,Drops,Wallace Pharmaceuticals Pvt Ltd,packet of 15 ml Oral Drops,52.9,false
Flucomet Eye Drop,Fluconazole,0.3% w/v,Drops,Sun Pharmaceutical Industries Ltd,packet of 5 ml Eye Drop,25.53,true
Fludac 10 Capsule,Fluoxetine,10mg,Capsule,Cadila Pharmaceuticals Ltd,strip of 10 capsules,36.91,true
Fludac 40mg Capsule,Fluoxetine,40mg,Capsule,Cadila Pharmaceuticals Ltd,strip of 10 capsules,81.0,true
Fludac 60 Capsule,Fluoxetine,60mg,Capsule,Cadila Pharmaceuticals Ltd,strip of 10 capsules,121.7,true
Fludac Capsule,Fluoxetine,20mg,Capsule,Cadila Pharmaceuticals Ltd,strip of 15 capsules,67.97,true
Fludac Oral Suspension,Fluoxetine,20mg/5ml,Suspension,Cadila Pharmaceuticals Ltd,bottle of 60 ml Oral Suspension,68.0,true
Fludep 20mg Capsule,Fluoxetine,20mg,Capsule,Cipla Ltd,strip of 10 capsules,38.6,true
Flufung 400mg Tablet,Fluconazole,400mg,Tablet,East West Pharma,strip of 3 tablets,98.52,true
Flugesic 100mg Tablet SR,Flupirtine,100mg,Tablet,Lupin Ltd,strip of 10 tablet sr,270.6,false
Flugesic 800mg Tablet,Eslicarbazepine,800mg,Tablet,Lupin Ltd,strip of 10 tablets,86.0,false
Flugesic Capsule,Flupirtine,100mg,Capsule,Lupin Ltd,strip of 10 capsules,138.1,false
Flugesic SR Tablet,Flupirtine,400mg,Tablet,Lupin Ltd,strip of 10 tablet sr,270.6,false
Flugesic-P Tablet,Flupirtine + Paracetamol,100mg + 325mg,Tablet,Lupin Ltd,strip of 10 tablets,153.4,false
Fluguard 400 Tablet,Favipiravir,400mg,Tablet,Sun Pharmaceutical Industries Ltd,strip of 10 tablets,650.0,false
Fluguard 800mg Tablet,Favipiravir,800mg,Tablet,Sun Pharmaceutical Industries Ltd,strip of 10 tablets,1250.0,false
Fluguard Tablet,Favipiravir,200mg,Tablet,Sun Pharmaceutical Industries Ltd,strip of 10 tablets,350.0,false
Flumet 0.5% Gel,Fluconazole,0.5% w/w,Gel,Leeford Healthcare Ltd,tube of 15 gm Gel,50.0,true
Flumet 1% Soap,Fluconazole,1% w/w,Soap,Leeford Healthcare Ltd,packet of 75 gm Soap,75.0,true
Flumet 200mg Tablet,Fluconazole,200mg,Tablet,Leeford Healthcare Ltd,strip of 1 Tablet,20.57,true
Flumet 400mg Tablet,Fluconazole,400mg,Tablet,Leeford Healthcare Ltd,strip of 1 Tablet,35.07,true
Flumet Dusting Powder,Fluconazole,1% w/w,Powder,Leeford Healthcare Ltd,bottle of 75 gm Dusting Powder,85.0,true
Flumet Infusion,Fluconazole,200mg,Injection,Leeford Healthcare Ltd,bottle of 100 ml Infusion,105.0,true
Flumet Plus 150mg/6mg Tablet,Fluconazole + Ivermectin,150mg + 6mg,Tablet,Leeford Healthcare Ltd,strip of 1 Tablet,17.25,true
Flumol 100mg Oral Drops,Paracetamol,100mg,Drops,Elder Pharmaceuticals Ltd,bottle of 15 ml Oral Drops,35.0,false
Flumol 75mg Injection,Paracetamol,75mg/ml,Injection,Elder Pharmaceuticals Ltd,vial of 2 ml Injection,6.5,true
Flumol Cold N Flu Tablet,Caffeine + Chlorpheniramine Maleate,30mg + 2mg,Tablet,Elder Pharmaceuticals Ltd,strip of 10 tablets,32.0,false
Flunat 10mg Capsule,Fluoxetine,10mg,Capsule,Sun Pharmaceutical Industries Ltd,strip of 10 capsules,33.88,true
Flunat 20mg Capsule,Fluoxetine,20mg,Capsule,Sun Pharmaceutical Industries Ltd,strip of 10 capsules,30.48,true
Flunil 10 Capsule,Fluoxetine,10mg,Capsule,Intas Pharmaceuticals Ltd,strip of 10 capsules,36.96,true
Flunil 20 Capsule,Fluoxetine,20mg,Capsule,Intas Pharmaceuticals Ltd,strip of 10 capsules,45.36,true
Flunil 40 Capsule,Fluoxetine,40mg,Capsule,Intas Pharmaceuticals Ltd,strip of 10 capsules,68.88,true
Flunil 60 Capsule,Fluoxetine,60mg,Capsule,Intas Pharmaceuticals Ltd,strip of 10 capsules,121.74,true
Flunil Suspension,Fluoxetine,20mg/5ml,Suspension,Intas Pharmaceuticals Ltd,bottle of 60 ml Suspension,109.0,true
Flustan 100mg Tablet,Fluconazole,100mg,Tablet,Dr Reddy's Laboratories Ltd,strip of 4 tablets,83.88,true
Flutas 400mg Tablet,Fluconazole,400mg,Tablet,Intas Pharmaceuticals Ltd,strip of 1 Tablet,38.85,true
Flutas 500mg Injection,Fluconazole,500mg,Injection,Intas Pharmaceuticals Ltd,vial of 10 ml Injection,14.87,true
Flutrol 250 Capsule,Salmeterol + Fluticasone Propionate,50mcg + 250mcg,Capsule,Macleods Pharmaceuticals Pvt Ltd,strip of 30 capsules,365.0,true
Flutrol 500 Capsule,Salmeterol + Fluticasone Propionate,50mcg + 500mcg,Capsule,Macleods Pharmaceuticals Pvt Ltd,strip of 30 capsules,482.0,true
Flutrol 50mcg/100mcg Capsule,Salmeterol + Fluticasone Propionate,50mcg + 100mcg,Capsule,Macleods Pharmaceuticals Pvt Ltd,strip of 30 capsules,185.0,true
Flutrox 150mg Capsule,Fluconazole,150mg,Capsule,Alembic Pharmaceuticals Ltd,strip of 1 Capsule,24.03,true
Flutrox 200mg Capsule,Fluconazole,200mg,Capsule,Alembic Pharmaceuticals Ltd,strip of 2 capsules,53.27,true
Flutrox 50mg Capsule,Fluconazole,50mg,Capsule,Alembic Pharmaceuticals Ltd,strip of 4 capsules,36.88,true
Fluvoxin 100 Tablet,Fluvoxamine,100mg,Tablet,Sun Pharmaceutical Industries Ltd,strip of 10 tablets,278.0,true
Fluvoxin 150mg Tablet,Fluvoxamine,150mg,Tablet,Sun Pharmaceutical Industries Ltd,strip of 10 tablets,230.0,true
Fluvoxin 25mg Tablet,Fluvoxamine,25mg,Tablet,Sun Pharmaceutical Industries Ltd,strip of 10 tablets,118.37,true
Fluvoxin 50 Tablet,Fluvoxamine,50mg,Tablet,Sun Pharmaceutical Industries Ltd,strip of 10 tablets,172.0,true
Fluvoxin CR 100 Tablet,Fluvoxamine,100mg,Tablet,Sun Pharmaceutical Industries Ltd,strip of 10 tablet er,310.0,true
Fluvoxin CR 50 Tablet,Fluvoxamine,50mg,Tablet,Sun Pharmaceutical Industries Ltd,strip of 10 tablet er,195.0,true
Fluzet X Syrup,Ambroxol + Guaifenesin,15mg/5ml + 100mg/5ml,Syrup,Sun Pharmaceutical Industries Ltd,bottle of 60 ml Syrup,24.62,false
FM Active 0.5mg/10mg Tablet,Flupenthixol + Melitracen,0.5mg + 10mg,Tablet,Emcure Pharmaceuticals Ltd,strip of 10 tablets,67.55,false
Folitrax 10 Tablet,Methotrexate,10mg,Tablet,Ipca Laboratories Ltd,strip of 10 tablets,141.54,true
Folitrax 15 Tablet,Methotrexate,15mg,Tablet,Ipca Laboratories Ltd,strip of 10 tablets,426.35,true
Folitrax 20 Tablet,Methotrexate,20mg,Tablet,Ipca Laboratories Ltd,strip of 4 tablets,208.75,true
Folitrax 25 Tablet,Methotrexate,25mg,Tablet,Ipca Laboratories Ltd,strip of 4 tablets,279.2,true
Folitrax 5 Tablet,Methotrexate,5mg,Tablet,Ipca Laboratories Ltd,strip of 10 tablets,97.55,true
Folitrax LP Gel,Methotrexate,1% w/w,Gel,Ipca Laboratories Ltd,tube of 20 gm Gel,277.4,true
Foloup CV 100mg/62.5mg Dry Syrup,Cefpodoxime Proxetil + Clavulanic Acid,100mg + 62.5mg,Syrup,Ipca Laboratories Ltd,bottle of 30 ml Dry Syrup,180.15,true
Folvite 5mg Tablet,Folic Acid,5mg,Tablet,Pfizer Ltd,strip of 45 tablets,76.54,false
Fomtide 200 Octacap,Formoterol + Budesonide,6mcg + 200mcg,Capsule,Sun Pharmaceutical Industries Ltd,box of 30 capsules,187.8,true
Fomtide 400 Octacaps,Formoterol + Budesonide,6mcg + 400mcg,Capsule,Sun Pharmaceutical Industries Ltd,box of 30 capsules,239.9,true
Foracort 0.5mg Respules 2ml,Formoterol + Budesonide,20mcg + 0.5mg,Solution,Cipla Ltd,packet of 5 respules,331.1,true
Foracort 100 Inhaler,Formoterol + Budesonide,6mcg + 100mcg,Inhaler,Cipla Ltd,packet of 120 MDI Inhaler,280.89,true
Foracort 100 Rotacap,Formoterol + Budesonide,6mcg + 100mcg,Inhaler,Cipla Ltd,packet of 30 rotacaps,141.45,true
Foracort 1mg Respules 2ml,Formoterol + Budesonide,20mcg + 1mg,Solution,Cipla Ltd,packet of 5 respules,409.35,true
Foracort 200 Autohaler,Formoterol + Budesonide,6mcg + 200mcg,Other,Cipla Ltd,packet of 200 MDI Autohaler,890.0,true
Foracort 200 Rotacap,Formoterol + Budesonide,6mcg + 200mcg,Inhaler,Cipla Ltd,packet of 30 rotacaps,187.82,true
Foracort 200 Synchrobreathe Inhaler,Formoterol + Budesonide,6mcg + 200mcg,Inhaler,Cipla Ltd,box of 120 MDI Inhaler,482.49,true
Foracort 400 Rotacap,Formoterol + Budesonide,6mcg + 400mcg,Inhaler,Cipla Ltd,packet of 30 rotacaps,239.9,true
Foracort 400 Synchrobreathe Inhaler,Formoterol + Budesonide,6mcg + 400mcg,Inhaler,Cipla Ltd,bottle of 120 MDI Inhaler,538.94,true
Foracort Forte Inhaler,Formoterol + Budesonide,12mcg + 400mcg,Inhaler,Cipla Ltd,packet of 120 MDI Inhaler,778.89,true
Foracort Forte Rotacap,Formoterol + Budesonide,12mcg + 400mcg,Inhaler,Cipla Ltd,packet of 30 rotacaps,421.65,true
Foracort Inhaler 200,Formoterol + Budesonide,6mcg + 200mcg,Inhaler,Cipla Ltd,packet of 120 MDI Inhaler,399.16,true
Foracort Inhaler 400,Formoterol + Budesonide,6mcg + 400mcg,Inhaler,Cipla Ltd,packet of 120 MDI Inhaler,455.61,true
ForAir 250 Novocart,Salmeterol + Fluticasone Propionate,50mcg + 250mcg,Capsule,Zydus Cadila,packet of 100 capsules,560.0,true
Forcan 100mg Tablet DT,Fluconazole,100mg,Tablet,Cipla Ltd,strip of 10 tablet dt,84.25,true
Forcan 150 Tablet,Fluconazole,150mg,Tablet,Cipla Ltd,strip of 1 Tablet,14.72,true
Forcan 150 Tablet,Fluconazole,150mg,Tablet,Cipla Ltd,strip of 4 tablets,53.0,true
Forcan 200 Tablet,Fluconazole,200mg,Tablet,Cipla Ltd,strip of 4 tablets,93.38,true
Forcan 200mg Infusion,Fluconazole,200mg,Injection,Cipla Ltd,bottle of 100 ml Infusion,132.29,true
Forcan 50 Tablet,Fluconazole,50mg,Tablet,Cipla Ltd,strip of 4 tablets,53.79,true
Forcef 500mg Injection,Cefuroxime,500mg,Injection,Aristo Pharmaceuticals Pvt Ltd,vial of 1 Injection,202.97,true
Forcef-CV 250 Tablet,Cefuroxime + Clavulanic Acid,250mg + 62.5mg,Tablet,Aristo Pharmaceuticals Pvt Ltd,strip of 6 tablets,229.9,true
Formic Neo 125 mg/62.5 mg Injection,Ceftriaxone + Sulbactam,125mg + 62.5mg,Injection,Elder Pharmaceuticals Ltd,vial of 10 ml Injection,36.5,true
Formic O Tablet,Cefixime + Lactobacillus,200mg + 60Million spores,Tablet,Elder Pharmaceuticals Ltd,strip of 10 tablets,89.04,true
Formin 500mg Tablet,Metformin,500mg,Tablet,Alkem Laboratories Ltd,strip of 10 tablets,12.51,true
Formin P 15 mg/500 mg Tablet,Pioglitazone + Metformin,15mg + 500mg,Tablet,Alkem Laboratories Ltd,strip of 10 tablets,36.88,true
Formin PL 7.5 mg/500 mg Tablet,Pioglitazone + Metformin,7.5mg + 500mg,Tablet,Alkem Laboratories Ltd,strip of 10 tablets,47.62,true
Formin Plus 1000 Tablet SR,Metformin + Methylcobalamin,1000mg + 750mcg,Tablet,Alkem Laboratories Ltd,strip of 10 tablet sr,115.0,true
Formin Plus 500 Tablet SR,Metformin + Methylcobalamin,500mg + 750mcg,Tablet,Alkem Laboratories Ltd,strip of 10 tablet sr,92.5,true
Formin-SR 1000 Tablet,Metformin,1000mg,Tablet,Alkem Laboratories Ltd,strip of 15 Tablet pr,67.88,true
Formin-SR 500 Tablet,Metformin,500mg,Tablet,Alkem Laboratories Ltd,strip of 15 tablet sr,33.55,true
Formonide 200 Capsule,Formoterol + Budesonide,6mcg + 200mcg,Capsule,Zydus Cadila,bottle of 30 capsules,187.82,true
Formonide 400 Respicaps,Formoterol + Budesonide,6mcg + 400mcg,Capsule,Zydus Cadila,packet of 30 capsules,239.9,true
Fospod 100mg Dry Syrup,Cefpodoxime Proxetil,100mg,Syrup,Cubit Healthcare,bottle of 30 ml Dry Syrup,112.5,true
Fourderm Cream,Chlorhexidine Gluconate + Clobetasol,0.20% w/w + 0.05% w/w,Cream,Cipla Ltd,tube of 10 gm Cream,97.5,true
Fourderm Cream,Chlorhexidine Gluconate + Clobetasol,0.20% w/w + 0.05% w/w,Cream,Cipla Ltd,tube of 5 gm Cream,56.65,true
Fourderm Cream,Chlorhexidine Gluconate + Clobetasol,0.20% w/w + 0.05% w/w,Cream,Cipla Ltd,tube of 15 gm Cream,122.0,true
Fourderm Cream,Chlorhexidine Gluconate + Clobetasol,0.20% w/w + 0.05% w/w,Cream,Cipla Ltd,tube of 20 gm Cream,152.5,true
Fourderm Plus Cream,Terbinafine + Clobetasol,1% w/w + 0.05% w/w,Cream,Cipla Ltd,tube of 15 gm Cream,54.0,true
Francip 500mg Drop,Ciprofloxacin,500mg,Drops,Cipla Ltd,packet of 5 ml Drop,8.25,true
Frext 100 Tablet,Fluvoxamine,100mg,Tablet,Intas Pharmaceuticals Ltd,strip of 10 tablets,345.0,true
Frext 50 Tablet,Fluvoxamine,50mg,Tablet,Intas Pharmaceuticals Ltd,strip of 10 tablets,201.0,true
Frext CR 100 Tablet,Fluvoxamine,100mg,Tablet,Intas Pharmaceuticals Ltd,strip of 10 tablet er,348.0,true
Fucidin Cream,Fusidic Acid,2% w/w,Cream,Sun Pharmaceutical Industries Ltd,tube of 15 gm Cream,170.0,false
Fucidin Cream,Fusidic Acid,2% w/w,Cream,Sun Pharmaceutical Industries Ltd,tube of 5 gm Cream,56.65,false
Fucidin H Cream,Hydrocortisone + Fusidic Acid,1% w/w + 2% w/w,Cream,Sun Pharmaceutical Industries Ltd,tube of 15 gm Cream,245.0,true
Fucidin Ointment,Sodium Fusidate,2% w/w,Ointment,Sun Pharmaceutical Industries Ltd,tube of 15 gm Ointment,170.0,false
Fucidin Ointment,Sodium Fusidate,2% w/w,Ointment,Sun Pharmaceutical Industries Ltd,tube of 5 gm Ointment,56.65,false
Fulgest SR 300 Tablet,Progesterone,300mg,Tablet,Micro Labs Ltd,strip of 10 tablet sr,394.0,true
Fungicon 150mg Capsule,Fluconazole,150mg,Capsule,Micro Labs Ltd,strip of 1 Capsule,18.85,true
Fungicon 50mg Capsule,Fluconazole,50mg,Capsule,Micro Labs Ltd,strip of 2 capsules,21.6,true
Fungicros Cream,Amorolfine + Phenoxyethanol,0.25% w/w + 1% w/w,Cream,Sun Pharmaceutical Industries Ltd,tube of 50 gm Cream,558.0,false
Fungicros Cream,Amorolfine + Phenoxyethanol,0.25% w/w + 1% w/w,Cream,Sun Pharmaceutical Industries Ltd,tube of 30 gm Cream,418.0,false
Fungicros Cream,Amorolfine + Phenoxyethanol,0.25% w/w + 1% w/w,Cream,Sun Pharmaceutical Industries Ltd,tube of 10 gm Cream,199.0,false
Fungikem O 150mg Tablet,Fluconazole,150mg,Tablet,Alkem Laboratories Ltd,strip of 1 Tablet,10.26,true
Fungina 150mg Capsule,Fluconazole,150mg,Capsule,Micro Labs Ltd,strip of 1 Capsule,19.21,true
Fungitop RF Cream,Beclometasone + Neomycin,,Cream,Micro Labs Ltd,tube of 15 gm Cream,41.4,false
Fusys 200 Tablet,Fluconazole,200mg,Tablet,Zydus Cadila,strip of 4 tablets,192.38,true
G Cin A 320mg Tablet,Gemifloxacin,320mg,Tablet,Lupin Ltd,strip of 5 tablets,130.0,false
G Dine 5% Ointment,Povidone Iodine,5%,Ointment,Zydus Cadila,tube of 250 gm Ointment,121.25,false
G Dine 5% Ointment,Povidone Iodine,5%,Ointment,Zydus Cadila,tube of 15 gm Ointment,26.07,false
G Dine 5% Solution,Povidone Iodine,5% w/v,Solution,Zydus Cadila,bottle of 500 ml Solution,184.0,false
G Dine Cream,Povidone Iodine,5% w/w,Cream,Zydus Cadila,tube of 15 gm Cream,66.67,false
G Dine Lotion,Povidone Iodine,5% w/v,Lotion,Zydus Cadila,bottle of 100 ml Lotion,19.25,false
G Flox 200mg Tablet,Gatifloxacin,200mg,Tablet,Intas Pharmaceuticals Ltd,strip of 10 tablets,30.93,true
G Flox 400mg Tablet,Gatifloxacin,400mg,Tablet,Intas Pharmaceuticals Ltd,strip of 10 tablets,62.5,true
G Formin 2.5mg/400mg Tablet,Glibenclamide + Metformin,2.5mg + 400mg,Tablet,East West Pharma,strip of 10 tablets,23.0,true
G Formin Plus 5mg/850mg Tablet,Glibenclamide + Metformin,5mg + 850mg,Tablet,East West Pharma,strip of 10 tablets,50.0,true
G Gesic Syrup,Aceclofenac + Paracetamol,50mg + 125mg,Syrup,Getron Pharmaceuticals,bottle of 60 ml Syrup,49.5,false
G Met Suspension,Ofloxacin + Metronidazole,50mg/5ml + 100mg/5ml,Suspension,Emcure Pharmaceuticals Ltd,bottle of 30 ml Suspension,15.03,true
G Tase 15mg Tablet,Pioglitazone,15mg,Tablet,Torrent Pharmaceuticals Ltd,strip of 10 tablets,22.9,true
G Tase 30mg Tablet,Pioglitazone,30mg,Tablet,Torrent Pharmaceuticals Ltd,strip of 10 tablets,43.1,true
G Tase G 15 mg/1 mg Tablet,Pioglitazone + Glimepiride,15mg + 1mg,Tablet,Torrent Pharmaceuticals Ltd,strip of 10 tablets,32.48,true
G Tase G 15 mg/2 mg Tablet,Pioglitazone + Glimepiride,15mg + 2mg,Tablet,Torrent Pharmaceuticals Ltd,strip of 10 tablets,40.66,true
G Tase M 15 mg/500 mg Tablet,Pioglitazone + Metformin,15mg + 500mg,Tablet,Torrent Pharmaceuticals Ltd,strip of 10 tablets,29.61,true
G Tase M 30 mg/500 mg Tablet,Pioglitazone + Metformin,30mg + 500mg,Tablet,Torrent Pharmaceuticals Ltd,strip of 10 tablets,52.66,true
G-Cin Tablet,Gemifloxacin,320mg,Tablet,Lupin Ltd,strip of 5 tablets,208.85,false
Gabalup M 1500mcg/75mg Capsule,Methylcobalamin + Pregabalin,1500mcg + 75mg,Capsule,Zydus Cadila,strip of 10 capsules,111.5,true
Gabamax 1500mcg/150mg Tablet SR,Methylcobalamin + Pregabalin,1500mcg + 150mg,Tablet,Aristo Pharmaceuticals Pvt Ltd,strip of 10 tablet sr,160.0,true
Gabaneuron 200 Tablet,Gabapentin + Methylcobalamin,200mg + 500mcg,Tablet,Aristo Pharmaceuticals Pvt Ltd,strip of 10 tablets,112.85,true
Gabaneuron NT Tablet,Gabapentin + Nortriptyline,300mg + 10mg,Tablet,Aristo Pharmaceuticals Pvt Ltd,strip of 15 tablets,325.0,true
Gabaneuron SR 600 Tablet,Gabapentin + Methylcobalamin,600mg + 1500mcg,Tablet,Aristo Pharmaceuticals Pvt Ltd,strip of 10 tablet sr,320.0,true
Gabantin 100 Capsule,Gabapentin,100mg,Capsule,Sun Pharmaceutical Industries Ltd,strip of 10 capsules,87.0,true
Gabantin 300 Capsule,Gabapentin,300mg,Capsule,Sun Pharmaceutical Industries Ltd,strip of 10 capsules,200.0,true
Gabantin 400 Capsule,Gabapentin,400mg,Capsule,Sun Pharmaceutical Industries Ltd,strip of 10 capsules,245.0,true
Gabantin AT 300mg/10mg Tablet,Gabapentin + Amitriptyline,300mg + 10mg,Tablet,Sun Pharmaceutical Industries Ltd,strip of 10 tablets,182.0,true
Gabantin Forte Tablet,Gabapentin + Methylcobalamin,300mg + 500mcg,Tablet,Sun Pharmaceutical Industries Ltd,strip of 10 tablets,213.5,true
Gabantin NT 100mg/10mg Tablet,Gabapentin + Nortriptyline,100mg + 10mg,Tablet,Sun Pharmaceutical Industries Ltd,strip of 10 tablets,101.0,true
Gabantin Plus Tablet,Gabapentin + Methylcobalamin,100mg + 500mcg,Tablet,Sun Pharmaceutical Industries Ltd,strip of 10 tablets,108.0,true
Gabantin-NT Tablet,Gabapentin + Nortriptyline,400mg + 10mg,Tablet,Sun Pharmaceutical Industries Ltd,strip of 10 tablets,285.0,true
Gabanyl 300 Capsule,Gabapentin,300mg,Capsule,Leeford Healthcare Ltd,strip of 10 capsules,95.0,true
Gabanyl NT 100mg/10mg Tablet,Gabapentin + Nortriptyline,100mg + 10mg,Tablet,Leeford Healthcare Ltd,strip of 10 tablets,95.0,true
Gabanyl NT 400mg/10mg Tablet,Gabapentin + Nortriptyline,400mg + 10mg,Tablet,Leeford Healthcare Ltd,strip of 10 tablets,190.0,true
Gabapin 100 Tablet,Gabapentin,100mg,Tablet,Intas Pharmaceuticals Ltd,strip of 15 tablets,130.0,true
Gabapin 300 Capsule,Gabapentin,300mg,Capsule,Intas Pharmaceuticals Ltd,strip of 15 capsules,369.0,true
Gabapin 400 Capsule,Gabapentin,400mg,Capsule,Intas Pharmaceuticals Ltd,strip of 10 capsules,271.0,true
Gabapin 600 Tablet,Gabapentin,600mg,Tablet,Intas Pharmaceuticals Ltd,strip of 10 tablets,457.0,true
Gabapin 800mg Tablet,Gabapentin,800mg,Tablet,Intas Pharmaceuticals Ltd,strip of 10 tablets,504.0,true
Gabapin ME 100 Tablet,Gabapentin + Methylcobalamin,100mg + 500mcg,Tablet,Intas Pharmaceuticals Ltd,strip of 15 tablets,174.0,true
Gabapin ME Tablet,Gabapentin + Methylcobalamin,300mg + 500mcg,Tablet,Intas Pharmaceuticals Ltd,strip of 15 tablets,327.0,true
Gabapin ME Tablet,Gabapentin + Methylcobalamin,300mg + 500mcg,Tablet,Intas Pharmaceuticals Ltd,strip of 10 tablets,218.0,true
Gabapin NT 100 Tablet,Gabapentin + Nortriptyline,100mg + 10mg,Tablet,Intas Pharmaceuticals Ltd,strip of 15 tablets,175.0,true
Gabapin NT 200 Tablet,Gabapentin + Nortriptyline,200mg + 10mg,Tablet,Intas Pharmaceuticals Ltd,strip of 15 tablets,237.0,true
Gabapin NT Tablet,Gabapentin + Nortriptyline,400mg + 10mg,Tablet,Intas Pharmaceuticals Ltd,strip of 15 tablets,450.0,true
Gabapin Plus 100 Tablet,Gabapentin + Methylcobalamin,100mg + 0.5mg,Tablet,Intas Pharmaceuticals Ltd,strip of 10 tablets,146.5,true
Gabapin Plus 300 Tablet,Gabapentin + Methylcobalamin,300mg + 0.5mg,Tablet,Intas Pharmaceuticals Ltd,strip of 10 tablets,227.0,true
Gabapin SR 450 Tablet,Gabapentin,450mg,Tablet,Intas Pharmaceuticals Ltd,strip of 10 tablet sr,349.0,true
Gabapin SR 600 Tablet,Gabapentin,600mg,Tablet,Intas Pharmaceuticals Ltd,strip of 10 tablet sr,363.0,true
Gabastar 300mg Tablet,Gabapentin,300mg,Tablet,Lupin Ltd,strip of 10 tablets,106.62,true
Gabastar 600mg Tablet SR,Gabapentin,600mg,Tablet,Lupin Ltd,strip of 10 tablet sr,190.0,true
Gabator 100 Capsule,Gabapentin,100mg,Capsule,Torrent Pharmaceuticals Ltd,strip of 10 capsules,76.35,true
Gabator 100 Tablet,Gabapentin,100mg,Tablet,Torrent Pharmaceuticals Ltd,strip of 10 tablets,76.35,true
Gabator 300 Tablet,Gabapentin,300mg,Tablet,Torrent Pharmaceuticals Ltd,strip of 10 tablets,229.15,true
Gabator 400mg Capsule,Gabapentin,400mg,Capsule,Torrent Pharmaceuticals Ltd,strip of 10 capsules,197.8,true
Gabator M 300mg/500mcg Tablet,Gabapentin + Methylcobalamin,300mg + 500mcg,Tablet,Torrent Pharmaceuticals Ltd,strip of 10 tablets,125.0,true
Gabator NT 100 Tablet,Gabapentin + Nortriptyline,100mg + 10mg,Tablet,Torrent Pharmaceuticals Ltd,strip of 15 tablets,157.5,true
Gabator NT 200 Tablet,Gabapentin + Nortriptyline,200mg + 10mg,Tablet,Torrent Pharmaceuticals Ltd,strip of 15 tablets,217.5,true
Gabator NT 400mg/10mg Tablet,Gabapentin + Nortriptyline,400mg + 10mg,Tablet,Torrent Pharmaceuticals Ltd,strip of 10 tablets,288.25,true
Gabator Xtra 300mg/500mcg/100mg Capsule,Gabapentin + Methylcobalamin,300mg + 500mcg,Capsule,Torrent Pharmaceuticals Ltd,strip of 10 capsules,115.0,true
Gag PR 50 mg/250 mg Suspension,Aceclofenac + Paracetamol,50mg + 250mg,Suspension,Moraceae Pharmaceuticals Pvt Ltd,bottle of 60 ml Suspension,50.0,false
Gastrium 10mg Tablet,Domperidone,10mg,Tablet,Micro Labs Ltd,strip of 10 tablets,40.0,true
Gastrium 10mg Tablet DT,Domperidone,10mg,Tablet,Micro Labs Ltd,strip of 10 tablet dt,25.2,true
Gastrium 5mg Suspension,Domperidone,5mg,Suspension,Micro Labs Ltd,bottle of 30 ml Suspension,38.0,true
Gastro 10mg Tablet,Cisapride,10mg,Tablet,Cipla Ltd,strip of 10 tablets,36.1,false
Gastro Mps 125 mg/10 mg Tablet,Simethicone + Cisapride,125mg + 10mg,Tablet,Cipla Ltd,strip of 10 tablets,3.85,false
Gate Eye Drop,Gatifloxacin,0.3% w/v,Drops,Ajanta Pharma Ltd,bottle of 5 ml Eye Drop,96.5,true
Gate HS Eye Drop,Gatifloxacin,0.5% w/v,Drops,Ajanta Pharma Ltd,bottle of 2.5 ml Eye Drop,109.0,true
Gatigram 200mg Tablet,Gatifloxacin,200mg,Tablet,Micro Labs Ltd,strip of 10 tablets,19.5,true
Gatilox 200mg Tablet,Gatifloxacin,200mg,Tablet,Sun Pharmaceutical Industries Ltd,strip of 10 tablets,59.0,true
Gatilox 400mg Tablet,Gatifloxacin,400mg,Tablet,Sun Pharmaceutical Industries Ltd,strip of 10 tablets,114.0,true
Gatilox DF Eye Drop,Difluprednate + Gatifloxacin,0.05% w/w + 0.3% w/w,Drops,Sun Pharmaceutical Industries Ltd,bottle of 5 ml Ophthalmic Emulsion,122.0,true
Gatilox DF Infusion,Gatifloxacin,0.3% w/v,Injection,Sun Pharmaceutical Industries Ltd,bottle of 5 ml Infusion,115.0,true
Gatilox DM Sterile Eye Drops,Dexamethasone + Gatifloxacin,0.1% w/w + 0.3% w/w,Drops,Sun Pharmaceutical Industries Ltd,packet of 10 ml Ophthalmic Solution,27.0,true
Gatilox Eye Drops,Gatifloxacin,0.3% w/v,Drops,Sun Pharmaceutical Industries Ltd,packet of 5 ml Ophthalmic Solution,99.0,true
Gatilox HS 0.5% Eye Drop,Gatifloxacin,0.5% w/v,Drops,Sun Pharmaceutical Industries Ltd,packet of 3 ml Eye Drop,250.0,true
Gatilox Plus Eye Drop,Gatifloxacin + Ketorolac,0.3% w/v + 0.4% w/v,Drops,Sun Pharmaceutical Industries Ltd,packet of 5 ml Ophthalmic Solution,107.0,true
Gatiquin 200mg Tablet,Gatifloxacin,200mg,Tablet,Cipla Ltd,strip of 5 tablets,18.73,true
Gatiquin 400mg Infusion,Gatifloxacin,400mg,Injection,Cipla Ltd,bottle of 200 ml Infusion,128.67,true
Gatiquin 400mg Tablet,Gatifloxacin,400mg,Tablet,Cipla Ltd,strip of 5 tablets,31.83,true
Gatiquin Eye Drop,Gatifloxacin,0.3% w/v,Drops,Cipla Ltd,bottle of 5 ml Eye Drop,75.86,true
Gatiquin Eye Ointment,Gatifloxacin,0.3% w/w,Ointment,Cipla Ltd,tube of 5 gm Eye Ointment,22.2,true
Gatiquin HS Eye Drop,Gatifloxacin,0.5% w/v,Drops,Cipla Ltd,bottle of 5 ml Eye Drop,204.97,true
Gatiquin-P Eye Drop,Gatifloxacin + Prednisolone,0.3% w/v + 1% w/v,Drops,Cipla Ltd,bottle of 10 ml Eye Drop,165.86,true
Gblin M 750mcg/75mg Tablet SR,Methylcobalamin + Pregabalin,750mcg + 75mg,Tablet,Alkem Laboratories Ltd,strip of 10 tablet sr,138.0,true
Gemcal -Kit,Calcitriol + Calcium Carbonate,0.25mcg + 500mg,Tablet,Alkem Laboratories Ltd,packet of 1 Tablet,246.0,false
Gemcal-D3 Tablet,Calcium + Vitamin D3,500mg + 500IU,Tablet,Alkem Laboratories Ltd,strip of 15 tablets,180.0,false
Gemcal-DS Tablet,Calcitriol + Calcium Carbonate,0.25mcg + 500mg,Tablet,Alkem Laboratories Ltd,strip of 15 tablets,422.0,false
Gemer 0.5 Tablet PR,Glimepiride + Metformin,0.5mg + 500mg,Tablet,Sun Pharmaceutical Industries Ltd,strip of 10 Tablet pr,35.4,true
Gemer 1 Tablet PR,Glimepiride + Metformin,1mg + 500mg,Tablet,Sun Pharmaceutical Industries Ltd,strip of 15 Tablet pr,149.0,true
Gemer 2 Tablet PR,Glimepiride + Metformin,2mg + 500mg,Tablet,Sun Pharmaceutical Industries Ltd,strip of 15 Tablet pr,211.0,true
Gemer 3 Tablet PR,Glimepiride + Metformin,3mg + 500mg,Tablet,Sun Pharmaceutical Industries Ltd,strip of 10 Tablet pr,102.0,true
Gemer 4 Tablet,Glimepiride + Metformin,4mg + 500mg,Tablet,Sun Pharmaceutical Industries Ltd,strip of 10 tablets,124.0,true
Gemer DS 1 Tablet PR,Glimepiride + Metformin,1mg + 1000mg,Tablet,Sun Pharmaceutical Industries Ltd,strip of 10 Tablet pr,99.0,true
Gemer DS 2 Tablet PR,Glimepiride + Metformin,2mg + 1000mg,Tablet,Sun Pharmaceutical Industries Ltd,strip of 10 Tablet pr,130.0,true
Gemer DS 3 Tablet PR,Glimepiride + Metformin,3mg + 1000mg,Tablet,Sun Pharmaceutical Industries Ltd,strip of 10 Tablet pr,140.0,true
Gemer DS 4 Tablet PR,Glimepiride + Metformin,4mg + 1000mg,Tablet,Sun Pharmaceutical Industries Ltd,strip of 10 Tablet pr,133.0,true
Gemer Forte 1 Tablet PR,Glimepiride + Metformin,1mg + 850mg,Tablet,Sun Pharmaceutical Industries Ltd,strip of 10 Tablet pr,96.0,true
Gemer Forte 2 Tablet PR,Glimepiride + Metformin,2mg + 850mg,Tablet,Sun Pharmaceutical Industries Ltd,strip of 10 Tablet pr,133.0,true
Gemer P 1 Tablet ER,Glimepiride + Metformin,1mg + 500mg,Tablet,Sun Pharmaceutical Industries Ltd,strip of 10 tablet er,141.0,true
Gemer P 2 Tablet ER,Glimepiride + Metformin,2mg + 500mg,Tablet,Sun Pharmaceutical Industries Ltd,strip of 10 tablet er,177.0,true
Gemer P L 1 Tablet,Glimepiride + Metformin,1mg + 500mg,Tablet,Sun Pharmaceutical Industries Ltd,strip of 10 tablets,84.0,true
Gemer V 1 Tablet ER,Glimepiride + Metformin,1mg + 500mg,Tablet,Sun Pharmaceutical Industries Ltd,strip of 10 tablet er,117.0,true
Gemer V 1 Tablet ER,Glimepiride + Metformin,1mg + 500mg,Tablet,Sun Pharmaceutical Industries Ltd,strip of 15 tablet er,175.5,true
Gemer V2 Tablet,Glimepiride + Metformin,2mg + 500mg,Tablet,Sun Pharmaceutical Industries Ltd,strip of 15 tablets,226.5,true
Geminor M 3mg/500mg Tablet,Glimepiride + Metformin,3mg + 500mg,Tablet,Macleods Pharmaceuticals Pvt Ltd,strip of 15 tablets,147.0,true
Gempar 1K Tablet,Paracetamol,1000mg,Tablet,Cadila Pharmaceuticals Ltd,strip of 10 tablets,59.7,false
Gen-D3 Nano 60K Chewable Tablet,Vitamin D3,60000IU,Tablet,Macleods Pharmaceuticals Pvt Ltd,strip of 8 Chewable Tablets,264.0,false
Genlide Plus 100 mg/500 mg Syrup,Nimesulide + Paracetamol,100mg + 500mg,Syrup,Cadila Pharmaceuticals Ltd,bottle of 60 ml Syrup,11.22,false
Genmox CV Forte Oral Suspension,Amoxycillin + Clavulanic Acid,400mg + 57mg,Suspension,Cadila Pharmaceuticals Ltd,bottle of 30 ml Oral Suspension,110.0,true
Gentalene C Cream,Betamethasone + Clotrimazole,0.05% w/w + 1% w/w,Cream,Sun Pharmaceutical Industries Ltd,tube of 18 gm Cream,43.8,true
Gentalene C Plus Cream,Beclometasone + Neomycin,,Cream,Sun Pharmaceutical Industries Ltd,tube of 20 gm Cream,68.91,false
Gentalene Cream,Betamethasone + Gentamicin,0.05% w/w + 0.1% w/w,Cream,Sun Pharmaceutical Industries Ltd,tube of 10 gm Cream,33.1,true
Gentalene Plus Cream,Beclometasone + Neomycin,0.025% w/w + 0.5% w/w,Cream,Sun Pharmaceutical Industries Ltd,tube of 20 gm Cream,119.0,false
Gentalene Plus Cream,Beclometasone + Neomycin,0.025% w/w + 0.5% w/w,Cream,Sun Pharmaceutical Industries Ltd,tube of 10 gm Cream,68.0,false
Gepride M 3 Tablet PR,Glimepiride + Metformin,3mg + 850mg,Tablet,Medley Pharmaceuticals,strip of 10 Tablet pr,118.5,true
Gerbisa L Syrup,Sodium Picosulfate,5mg/5ml,Syrup,Zydus Cadila,bottle of 120 ml Syrup,212.19,false
Gerciclox 500mg/500mg Capsule,Ampicillin + Cloxacillin,500mg + 500mg,Capsule,Zydus Cadila,strip of 10 capsules,25.72,true
Gerciclox Kid Tablet,Ampicillin + Cloxacillin,,Tablet,Zydus Cadila,strip of 10 tablets,13.37,true
Gercillin 250mg Capsule,Ampicillin,250mg,Capsule,Zydus Cadila,strip of 10 capsules,13.12,true
Gercillin 500mg Capsule,Ampicillin,500mg,Capsule,Zydus Cadila,strip of 10 capsules,26.25,true
Gercillin Syrup,Ampicillin,,Syrup,Zydus Cadila,bottle of 30 ml Syrup,15.52,true
Gercip 200mg Injection,Ciprofloxacin,200mg,Injection,Zydus Cadila,bottle of 100 ml Injection,16.64,true
Gercip Eye/Ear Drops,Ciprofloxacin,,Drops,Zydus Cadila,packet of 10 ml Eye/Ear Drops,7.21,true
Gerfex 125mg Dry Syrup,Cefalexin,125mg/5ml,Syrup,Zydus Cadila,bottle of 30 ml Dry Syrup,30.76,true
Gerfex Dry Syrup,Cefalexin,250mg/5ml,Syrup,Zydus Cadila,bottle of 30 ml Dry Syrup,13.75,true
Germenta Eye/Ear Drops,Gentamicin,,Drops,Zydus Cadila,packet of 10 ml Eye/Ear Drops,14.0,true
Germox 125mg Dry Syrup,Amoxycillin,125mg,Syrup,Zydus Cadila,bottle of 60 ml Dry Syrup,18.56,true
Germox 50mg Syrup,Amoxycillin,50mg,Syrup,Zydus Cadila,bottle of 30 ml Syrup,11.25,true
Gersulide 50mg Suspension,Nimesulide,50mg,Suspension,Zydus Cadila,bottle of 60 ml Suspension,10.0,false
Gersulide Plus 50 mg/125 mg Suspension,Nimesulide + Paracetamol,50mg + 125mg,Suspension,Zydus Cadila,bottle of 60 ml Suspension,9.31,false
Gertac 300mg Tablet,Ranitidine,300mg,Tablet,Zydus Cadila,strip of 10 tablets,7.81,false
Gertac DM Tablet,Domperidone + Ranitidine,10mg + 150mg,Tablet,Zydus Cadila,strip of 10 tablets,6.12,true
Gesicare P Oral Suspension,Aceclofenac + Paracetamol,50mg/5ml + 250mg/5ml,Suspension,Rowlinges Life Science,bottle of 60 ml Oral Suspension,48.0,false
Gestofit 100 Soft Gelatin Capsule,Progesterone,100mg,Capsule,Alembic Pharmaceuticals Ltd,strip of 10 soft gelatin capsules,215.9,true
Gestofit 200 Capsule,Progesterone,200mg,Capsule,Alembic Pharmaceuticals Ltd,strip of 10 soft gelatin capsules,280.0,true
Gestofit 400 Soft Gelatin Capsule,Progesterone,400mg,Capsule,Alembic Pharmaceuticals Ltd,strip of 10 soft gelatin capsules,625.3,true
Gestofit SR 25 Injection,Progesterone (Natural Micronized),25mg/ml,Injection,Alembic Pharmaceuticals Ltd,vial of 1 ml Injection,87.0,true
Gestofit SR 50 Injection,Progesterone (Natural Micronized),25mg/ml,Injection,Alembic Pharmaceuticals Ltd,ampoule of 2 ml Injection,196.9,true
Gestoserv 100mg Tablet,Progesterone (Natural Micronized),100mg,Tablet,Leeford Healthcare Ltd,strip of 10 tablets,150.0,true
Glador 1 Tablet,Glimepiride,1mg,Tablet,Lupin Ltd,strip of 15 tablets,65.99,true
Glador 2 Tablet,Glimepiride,2mg,Tablet,Lupin Ltd,strip of 15 tablets,106.15,true
Glador 3 Tablet,Glimepiride,3mg,Tablet,Lupin Ltd,strip of 15 tablets,144.3,true
Glador 4 Tablet,Glimepiride,4mg,Tablet,Lupin Ltd,strip of 15 tablets,158.8,true
Glencoff Cough Pearls Soft Gelatin Capsule,Phenylephrine + Chlorpheniramine Maleate,5mg + 2mg,Capsule,Glenmark Pharmaceuticals Ltd,strip of 10 soft gelatin capsules,45.0,false
Glenfine M 10mg/180mg Tablet,Montelukast + Fexofenadine,10mg + 180mg,Tablet,Glenmark Pharmaceuticals Ltd,strip of 10 tablets,155.5,true
Glentadine 10% Ointment,Povidone Iodine,10% w/w,Ointment,Glenmark Pharmaceuticals Ltd,tube of 10 gm Ointment,58.46,false
Glentadine 5% Ointment,Povidone Iodine,5% w/w,Ointment,Glenmark Pharmaceuticals Ltd,tube of 20 gm Ointment,40.5,false
Gliclize M 40 Tablet,Gliclazide + Metformin,40mg + 500mg,Tablet,Johnlee Pharmaceuticals Pvt Ltd,strip of 10 tablets,71.5,true
Glimaday -HS Tablet PR,Glimepiride + Metformin,2mg + 850mg,Tablet,Wockhardt Ltd,strip of 10 Tablet pr,175.0,true
Glimisave M1 750 Tablet PR,Glimepiride + Metformin,1mg + 750mg,Tablet,Eris Lifesciences Ltd,strip of 15 Tablet pr,136.33,true
Glimisave M2 750 Tablet PR,Glimepiride + Metformin,2mg + 750mg,Tablet,Eris Lifesciences Ltd,strip of 15 Tablet pr,173.92,true
Glimisave M3 750 Tablet PR,Glimepiride + Metformin,3mg + 750mg,Tablet,Eris Lifesciences Ltd,strip of 15 Tablet pr,173.71,true
Glimisave Max 1 Tablet PR,Glimepiride + Metformin,1mg + 750mg,Tablet,Eris Lifesciences Ltd,strip of 15 Tablet pr,143.48,true
Glimisave Max 2 Tablet PR,Glimepiride + Metformin,2mg + 750mg,Tablet,Eris Lifesciences Ltd,strip of 15 Tablet pr,191.31,true
Glimisave Max 3 Tablet PR,Glimepiride + Metformin,3mg + 750mg,Tablet,Eris Lifesciences Ltd,strip of 15 Tablet pr,181.98,true
Glimith-MF0.5 1000 SR Tablet,Glimepiride + Metformin,0.5mg + 1000mg,Tablet,Johnlee Pharmaceuticals Pvt Ltd,strip of 10 tablet sr,61.0,true
Glimtide Plus 1mg/400mg Tablet,Glimepiride + Metformin,1mg + 400mg,Tablet,Mano Pharma Pvt Ltd,strip of 10 tablets,40.35,true
Gliotem 100mg Capsule,Temozolomide,100mg,Capsule,Sun Pharmaceutical Industries Ltd,strip of 1 Capsule,2157.81,false
Gliotem 20mg Capsule,Temozolomide,20mg,Capsule,Sun Pharmaceutical Industries Ltd,strip of 5 capsules,483.46,false
Gliotem 20mg Capsule,Temozolomide,20mg,Capsule,Sun Pharmaceutical Industries Ltd,strip of 1 Capsule,439.99,false
Gliotem 250mg Capsule,Temozolomide,250mg,Capsule,Sun Pharmaceutical Industries Ltd,strip of 1 Capsule,4709.85,false
Glitaray M Forte 0.5mg/1000mg Tablet,Glimepiride + Metformin,0.5mg + 1000mg,Tablet,Lloyd Healthcare Pvt Ltd,strip of 15 tablets,98.0,true
Glitaray M Plus 4mg/850mg Tablet,Glimepiride + Metformin,4mg + 850mg,Tablet,Lloyd Healthcare Pvt Ltd,strip of 15 tablets,122.0,true
Gluconorm P 15 Tablet ER,Pioglitazone + Metformin,15mg + 500mg,Tablet,Lupin Ltd,strip of 10 tablet er,122.7,true
Gluconorm P 30 mg/500 mg Tablet ER,Pioglitazone + Metformin,30mg + 500mg,Tablet,Lupin Ltd,strip of 10 tablet er,119.0,true
Gluconorm SR 1gm Tablet,Metformin,1000mg,Tablet,Lupin Ltd,strip of 15 tablet sr,66.94,true
Gluconorm SR 500mg Tablet,Metformin,500mg,Tablet,Lupin Ltd,strip of 15 tablet sr,35.05,true
Gluconorm SR 850 Tablet,Metformin,850mg,Tablet,Lupin Ltd,strip of 10 Tablet pr,52.94,true
Gluconorm-G 0.5 Forte Tablet PR,Glimepiride + Metformin,0.5mg + 1000mg,Tablet,Lupin Ltd,strip of 10 Tablet pr,112.6,true
Gluconorm-G 3 Tablet PR,Glimepiride + Metformin,3mg + 500mg,Tablet,Lupin Ltd,strip of 15 Tablet pr,236.7,true
Gluconorm-G 4 Tablet PR,Glimepiride + Metformin,4mg + 500mg,Tablet,Lupin Ltd,strip of 15 Tablet pr,236.7,true
Gluconorm-G 4 Tablet PR,Glimepiride + Metformin,4mg + 500mg,Tablet,Lupin Ltd,strip of 10 Tablet pr,108.0,true
Gluconorm-G Forte 0.5mg/1000mg Tablet,Glimepiride + Metformin,0.5mg + 1000mg,Tablet,Lupin Ltd,strip of 10 tablets,112.6,true
Gluconorm-G Plus 1 Tablet PR,Glimepiride + Metformin,1mg + 850mg,Tablet,Lupin Ltd,strip of 15 Tablet pr,137.4,true
Gluconorm-G Plus 2 Tablet PR,Glimepiride + Metformin,2mg + 850mg,Tablet,Lupin Ltd,strip of 15 Tablet pr,203.9,true
Gluconorm-G Plus 3 Tablet PR,Glimepiride + Metformin,3mg + 850mg,Tablet,Lupin Ltd,strip of 15 Tablet pr,218.63,true
Gluconorm-V 0.2 Tablet SR,Metformin + Voglibose,500mg + 0.2mg,Tablet,Lupin Ltd,strip of 10 tablet sr,96.7,true
Gluconorm-V 0.3 Tablet SR,Metformin + Voglibose,500mg + 0.3mg,Tablet,Lupin Ltd,strip of 10 tablet sr,165.75,true
Gluconorm-Z 80 Tablet,Gliclazide + Metformin,80mg + 500mg,Tablet,Lupin Ltd,strip of 15 tablets,135.0,true
Gluconorm-Z XR 60 Tablet,Gliclazide + Metformin,60mg + 500mg,Tablet,Lupin Ltd,strip of 15 tablet mr,193.0,true
Gluconorm-Z XR Forte 60 Tablet,Gliclazide + Metformin,60mg + 1000mg,Tablet,Lupin Ltd,strip of 10 tablet er,95.53,true
Glucored Forte 850 Tablet,Glibenclamide + Metformin,5mg + 850mg,Tablet,Sun Pharmaceutical Industries Ltd,strip of 10 tablets,75.0,true
Glucored Forte SR Tablet,Glibenclamide + Metformin,5mg + 500mg,Tablet,Sun Pharmaceutical Industries Ltd,strip of 10 tablet sr,51.0,true
Glucored Forte Tablet,Glibenclamide + Metformin,5mg + 500mg,Tablet,Sun Pharmaceutical Industries Ltd,strip of 10 tablets,60.0,true
Glucored Tablet,Glibenclamide + Metformin,2.5mg + 400mg,Tablet,Sun Pharmaceutical Industries Ltd,strip of 10 tablets,46.0,true
Glucoryl 1 Tablet,Glimepiride,1mg,Tablet,Alkem Laboratories Ltd,strip of 10 tablets,44.59,true
Glucoryl 2 Tablet,Glimepiride,2mg,Tablet,Alkem Laboratories Ltd,strip of 10 tablets,70.82,true
Glucoryl 3mg Tablet,Glimepiride,3mg,Tablet,Alkem Laboratories Ltd,strip of 15 tablets,84.0,true
Glucoryl 4 Tablet,Glimepiride,4mg,Tablet,Alkem Laboratories Ltd,strip of 15 tablets,95.4,true
Glucoryl-M 0.5 mg Tablet,Glimepiride + Metformin,0.5mg + 500mg,Tablet,Alkem Laboratories Ltd,strip of 15 tablets,49.0,true
Glucoryl-M 3 Forte Tablet PR,Glimepiride + Metformin,3mg + 1000mg,Tablet,Alkem Laboratories Ltd,strip of 15 Tablet pr,214.0,true
Glucoryl-M4 Forte Tablet PR,Glimepiride + Metformin,4mg + 1000mg,Tablet,Alkem Laboratories Ltd,strip of 15 Tablet pr,216.0,true
Glucreta 10mg Tablet,Dapagliflozin,10mg,Tablet,Torrent Pharmaceuticals Ltd,strip of 10 tablets,124.95,true
Glucreta 5 Tablet,Dapagliflozin,5mg,Tablet,Torrent Pharmaceuticals Ltd,strip of 10 tablets,80.2,true
Glucreta M 10/500 Tablet ER,Dapagliflozin + Metformin,10mg + 500mg,Tablet,Torrent Pharmaceuticals Ltd,strip of 10 tablet er,130.45,true
Glucreta M 5+1000 Tablet ER,Dapagliflozin + Metformin,5mg + 1000mg,Tablet,Torrent Pharmaceuticals Ltd,strip of 10 tablet er,93.5,true
Glucreta M 5/500 Tablet ER,Dapagliflozin + Metformin,5mg + 500mg,Tablet,Torrent Pharmaceuticals Ltd,strip of 10 tablet er,78.0,true
Glucreta S (10+100) Tablet,Dapagliflozin + Metformin,10mg + 100mg,Tablet,Torrent Pharmaceuticals Ltd,strip of 10 tablets,220.0,true
Glucreta S 5mg/100mg Tablet,Dapagliflozin + Sitagliptin,5mg + 100mg,Tablet,Torrent Pharmaceuticals Ltd,strip of 10 tablets,185.0,true
Gluformin 850 Tablet,Metformin,850mg,Tablet,Abbott,strip of 10 tablets,36.38,true
Gluformin XL New 1000 Tablet PR,Metformin,1000mg,Tablet,Abbott,strip of 15 Tablet pr,67.74,true
Gluvilda 50 Tablet,Vildagliptin,50mg,Tablet,Alkem Laboratories Ltd,strip of 15 tablets,90.5,true
Gluvilda D 10mg/100mg Tablet,Dapagliflozin + Vildagliptin,10mg + 100mg,Tablet,Alkem Laboratories Ltd,strip of 10 tablets,195.0,true
Gluvilda D 5 Tablet SR,Dapagliflozin + Vildagliptin,5mg + 100mg,Tablet,Alkem Laboratories Ltd,strip of 10 tablet sr,165.0,true
Glycinorm 160 Tablet,Gliclazide,160mg,Tablet,Ipca Laboratories Ltd,strip of 10 tablets,130.9,true
Glycinorm OD 30mg Tablet MR,Gliclazide,30mg,Tablet,Ipca Laboratories Ltd,strip of 15 tablet mr,147.6,true
Glycinorm OD 30mg Tablet MR,Gliclazide,30mg,Tablet,Ipca Laboratories Ltd,strip of 10 tablet mr,89.5,true
Glycinorm-M 30 OD Tablet ER,Gliclazide + Metformin,30mg + 500mg,Tablet,Ipca Laboratories Ltd,strip of 10 tablet er,96.1,true
Glycinorm-M 40 Tablet,Gliclazide + Metformin,40mg + 500mg,Tablet,Ipca Laboratories Ltd,strip of 15 tablets,112.35,true
Glycomet 500 SR Tablet,Metformin,500mg,Tablet,USV Ltd,strip of 20 tablet sr,47.71,true
Glycomet-GP 0.5 Forte Tablet PR,Glimepiride + Metformin,0.5mg + 1000mg,Tablet,USV Ltd,strip of 10 Tablet pr,78.1,true
Glycomet-GP 1 Forte Tablet SR,Glimepiride + Metformin,1mg + 1000mg,Tablet,USV Ltd,strip of 10 tablet sr,86.5,true
Glycomet-GP 1 Tablet PR,Glimepiride + Metformin,1mg + 500mg,Tablet,USV Ltd,strip of 15 Tablet pr,116.5,true
Glycomet-GP 1/850 Tablet SR,Glimepiride + Metformin,1mg + 850mg,Tablet,USV Ltd,strip of 10 tablet sr,75.35,true
Glycozide M 40mg/400mg Tablet,Gliclazide + Metformin,40mg + 400mg,Tablet,East West Pharma,strip of 10 tablets,33.4,true
Glycozide M 40mg/500mg Tablet SR,Gliclazide + Metformin,40mg + 500mg,Tablet,East West Pharma,strip of 10 tablet sr,62.6,true
Glyloc-M 40mg/500mg Tablet,Gliclazide + Metformin,40mg + 500mg,Tablet,Cadila Pharmaceuticals Ltd,strip of 10 tablets,72.2,true
Glz 40mg Tablet,Gliclazide,40mg,Tablet,Alembic Pharmaceuticals Ltd,strip of 10 tablets,17.78,true
Glz 80mg Tablet,Gliclazide,80mg,Tablet,Alembic Pharmaceuticals Ltd,strip of 10 tablets,78.7,true
GLZ MEX 30mg/500mg Tablet,Gliclazide + Metformin,30mg + 500mg,Tablet,Alembic Pharmaceuticals Ltd,strip of 10 tablets,123.2,true
Golbi SR 450 Tablet,Ursodeoxycholic Acid,450mg,Tablet,Intas Pharmaceuticals Ltd,strip of 15 tablet sr,709.0,true
Goxim CV Dry Syrup,Amoxycillin + Clavulanic Acid,50mg/5ml + 31.25mg/5ml,Syrup,Vervetic Healthcare Pvt Ltd,bottle of 30 ml Dry Syrup,89.95,true
Grafotas 100mg Capsule,Ciclosporin,100mg,Capsule,Intas Pharmaceuticals Ltd,strip of 5 capsules,539.44,false
Grafotas 25mg Capsule,Ciclosporin,25mg,Capsule,Intas Pharmaceuticals Ltd,strip of 5 capsules,135.56,false
Grafotas 50mg Capsule,Ciclosporin,50mg,Capsule,Intas Pharmaceuticals Ltd,strip of 5 capsules,277.04,false
Graftin 100mg Capsule,Ciclosporin,100mg,Capsule,Sun Pharmaceutical Industries Ltd,strip of 5 capsules,592.9,false
Graftin 25mg Capsule,Ciclosporin,25mg,Capsule,Sun Pharmaceutical Industries Ltd,strip of 5 capsules,166.27,false
Graftin 50mg Tablet,Ciclosporin,50mg,Tablet,Sun Pharmaceutical Industries Ltd,strip of 5 tablets,256.81,false
Gramocef 250mg Injection,Ceftriaxone,250mg,Injection,Micro Labs Ltd,vial of 1 Injection,25.0,true
Gramocef CV Dry Syrup,Cefixime + Clavulanic Acid,50mg + 31.25mg,Syrup,Micro Labs Ltd,bottle of 30 ml Dry Syrup,67.0,true
Gramocef Dry Syrup,Cefixime,50mg/5ml,Syrup,Micro Labs Ltd,bottle of 50 ml Dry Syrup,49.05,true
Gramocef-O 400mg Tablet DT,Cefixime,400mg,Tablet,Micro Labs Ltd,strip of 10 tablet dt,241.81,true
Gramocef-O 50 Dry Syrup,Cefixime,50mg/5ml,Suspension,Micro Labs Ltd,bottle of 30 ml Oral Suspension,48.72,true
Gramocef-O 50mg Tablet,Cefixime,50mg,Tablet,Micro Labs Ltd,strip of 10 tablets,54.75,true
Gramocef-O Dry Syrup,Cefixime,100mg/5ml,Syrup,Micro Labs Ltd,bottle of 30 ml Dry Syrup,80.3,true
Gramogyl Suspension,Metronidazole + Norfloxacin,100mg + 100mg,Suspension,Sun Pharmaceutical Industries Ltd,bottle of 60 ml Suspension,25.4,true
Gramogyl Tablet,Metronidazole + Norfloxacin,500mg + 400mg,Tablet,Sun Pharmaceutical Industries Ltd,strip of 10 tablets,75.0,true
Gramoneg M 150 mg/100 mg Suspension,Nalidixic Acid + Metronidazole,150mg + 100mg,Suspension,Sun Pharmaceutical Industries Ltd,bottle of 30 ml Suspension,24.38,true
Gramoneg M 300 mg/200 mg Tablet,Nalidixic Acid + Metronidazole,300mg + 200mg,Tablet,Sun Pharmaceutical Industries Ltd,strip of 8 tablets,24.25,true
Gramoneg Oral Suspension,Nalidixic Acid,300mg/5ml,Suspension,Sun Pharmaceutical Industries Ltd,bottle of 30 ml Oral Suspension,22.0,false
Gramoneg TN 400 mg/600 mg Tablet,Norfloxacin + Tinidazole,400mg + 600mg,Tablet,Sun Pharmaceutical Industries Ltd,strip of 10 tablets,58.0,true
Greatum 125mg Dry Syrup,Cefuroxime,125mg,Syrup,Zydus Cadila,bottle of 30 ml Dry Syrup,120.0,true
Greatum 1500 Injection,Cefuroxime,1500mg,Injection,Zydus Cadila,vial of 1 Injection,570.95,true
Gride M 3mg/850mg Tablet,Glimepiride + Metformin,3mg + 850mg,Tablet,East West Pharma,strip of 10 tablets,86.0,true
Gudcef -XL 200 New Tablet ER,Cefpodoxime Proxetil + Dicloxacillin,200mg + 500mg,Tablet,Mankind Pharma Ltd,strip of 10 tablet er,215.0,true
Gudcef AZ Tablet,Cefpodoxime Proxetil + Azithromycin,200mg + 250mg,Tablet,Mankind Pharma Ltd,strip of 10 tablets,266.2,true
Gudcef Drop,Cefpodoxime Proxetil,25mg,Drops,Mankind Pharma Ltd,packet of 10 ml Oral Drops,75.0,true
Gudcef Dry Syrup,Cefpodoxime Proxetil,50mg,Suspension,Mankind Pharma Ltd,bottle of 30 ml Oral Suspension,89.0,true
Gudcef DS 50mg Oral Drops,Cefpodoxime Proxetil,50mg,Drops,Mankind Pharma Ltd,packet of 10 ml Oral Drops,82.61,true
Gudcef L Tablet,Cefpodoxime Proxetil + Levofloxacin,200mg + 250mg,Tablet,Mankind Pharma Ltd,strip of 10 tablets,176.0,true
Gudcef XL Tablet,Cefpodoxime Proxetil + Cloxacillin,200mg + 500mg,Tablet,Mankind Pharma Ltd,strip of 10 tablet xl,215.0,true
Gudcef-CV Dry Syrup,Cefpodoxime Proxetil + Clavulanic Acid,50mg/5ml + 31.25mg/5ml,Suspension,Mankind Pharma Ltd,bottle of 30 ml Oral Suspension,105.27,true
Gudcef-CV Oral Suspension,Cefpodoxime Proxetil + Clavulanic Acid,100mg/5ml + 62.50mg/5ml,Suspension,Mankind Pharma Ltd,bottle of 30 ml Oral Suspension,154.0,true
Gudpres-XL 25 Capsule,Metoprolol Succinate,23.75mg,Capsule,Mankind Pharma Ltd,strip of 10 capsule er,43.14,true
Gudpres-XL 50 Capsule,Metoprolol Succinate,47.5mg,Capsule,Mankind Pharma Ltd,strip of 10 capsule er,59.19,true
Hald 100 Soft Gelatin Capsule,Progesterone (Natural Micronized),100mg,Capsule,Intas Pharmaceuticals Ltd,strip of 10 soft gelatin capsules,160.0,true
Hald 100mg Injection,Progesterone (Natural Micronized),100mg,Injection,Intas Pharmaceuticals Ltd,ampoule of 1 ml Injection,130.0,true
Hald 200 Soft Gelatin Capsule,Progesterone (Natural Micronized),200mg,Capsule,Intas Pharmaceuticals Ltd,strip of 10 soft gelatin capsules,330.0,true
Hald 200mg Injection,Progesterone (Natural Micronized),200mg,Injection,Intas Pharmaceuticals Ltd,vial of 2 ml Injection,220.0,true
Hald 300 Soft Gelatin Capsule,Progesterone (Natural Micronized),300mg,Capsule,Intas Pharmaceuticals Ltd,strip of 10 soft gelatin capsules,477.0,true
Hald 400 Soft Gelatin Capsule,Progesterone (Natural Micronized),400mg,Capsule,Intas Pharmaceuticals Ltd,strip of 10 soft gelatin capsules,545.0,true
Hald SR 200 Tablet,Progesterone (Natural Micronized),200mg,Tablet,Intas Pharmaceuticals Ltd,strip of 10 tablet sr,434.0,true
Hald SR 300 Tablet,Progesterone (Natural Micronized),300mg,Tablet,Intas Pharmaceuticals Ltd,strip of 10 tablet sr,645.0,true
Hald SR 400 Tablet,Progesterone (Natural Micronized),400mg,Tablet,Intas Pharmaceuticals Ltd,strip of 10 tablet sr,753.0,true
Hald VT 200mg Tablet,Progesterone (Natural Micronized),200mg,Tablet,Intas Pharmaceuticals Ltd,strip of 10 tablet vt,329.0,true
Haldol 0.25mg Tablet,Haloperidol,0.25mg,Tablet,East West Pharma,strip of 10 tablets,6.9,true
Haldol 0.5mg Tablet,Haloperidol,0.5mg,Tablet,East West Pharma,strip of 10 tablets,7.13,true
Haldol 1.5mg Tablet,Haloperidol,1.5mg,Tablet,East West Pharma,strip of 10 tablets,15.9,true
Haldol 10mg Tablet,Haloperidol,10mg,Tablet,East West Pharma,strip of 10 tablets,43.7,true
Haldol 2.5mg Tablet,Haloperidol,2.5mg,Tablet,East West Pharma,strip of 10 tablets,21.08,true
Haldol 5mg Tablet,Haloperidol,5mg,Tablet,East West Pharma,strip of 10 tablets,25.4,true
Halo 5mg Capsule,Haloperidol,5mg,Capsule,Intas Pharmaceuticals Ltd,strip of 10 capsules,136.0,true
Haloderm Cream,Halobetasol,0.05% w/w,Cream,Micro Labs Ltd,tube of 30 gm Cream,196.0,false
Haloderm Cream,Halobetasol,0.05% w/w,Cream,Micro Labs Ltd,tube of 10 gm Cream,87.0,false
Haloderm Ointment,Halobetasol,0.05% w/w,Ointment,Micro Labs Ltd,tube of 10 gm Ointment,74.0,false
Haloderm Ointment,Halobetasol,0.05% w/w,Ointment,Micro Labs Ltd,tube of 15 gm Ointment,62.42,false
Haloderm S Ointment,Halobetasol + Salicylic Acid,0.05% w/w + 3% w/w,Ointment,Micro Labs Ltd,tube of 15 gm Ointment,114.0,false
Halox Cream,Halobetasol,0.05% w/w,Cream,Sun Pharmaceutical Industries Ltd,tube of 20 gm Cream,225.0,false
Halox ES Ointment,Halobetasol + Salicylic Acid,0.05% w/w + 6% w/w,Ointment,Sun Pharmaceutical Industries Ltd,tube of 10 gm Ointment,170.0,false
Halox F Cream,Halometasone + Fusidic Acid,0.05% w/w + 2% w/w,Cream,Sun Pharmaceutical Industries Ltd,tube of 10 gm Cream,190.0,false
Halox Ointment,Halobetasol,0.05% w/w,Ointment,Sun Pharmaceutical Industries Ltd,tube of 20 gm Ointment,220.0,false
Halox S Ointment,Halobetasol + Salicylic Acid,0.05% w/w + 3% w/w,Ointment,Sun Pharmaceutical Industries Ltd,tube of 10 gm Ointment,155.0,false
Halox S Ointment,Halobetasol + Salicylic Acid,0.05% w/w + 3% w/w,Ointment,Sun Pharmaceutical Industries Ltd,tube of 20 gm Ointment,270.0,false
Happi 40 Tablet,Rabeprazole,40mg,Tablet,Zydus Cadila,strip of 10 tablets,219.3,true
Happi M 20 mg/15 mg Capsule,Rabeprazole + Mosapride,20mg + 15mg,Capsule,Zydus Cadila,strip of 10 capsules,114.7,true
Happi XT 20 mg/75 mg Tablet,Rabeprazole + Zinc Carnosine,20mg + 75mg,Tablet,Zydus Cadila,strip of 10 tablets,131.5,true
Hatric 2 Oral Drops,Chlorpheniramine Maleate + Phenylephrine,1mg/ml + 2.5mg/ml,Drops,Aristo Pharmaceuticals Pvt Ltd,bottle of 15 ml Oral Drops,48.0,false
Heal-O-Kind Nanofine Gel,silver nano particles,0.002% w/w,Gel,Mankind Pharma Ltd,tube of 11 gm Gel,60.0,false
Hepakind Tablet,Ursodeoxycholic Acid,,Tablet,Mankind Pharma Ltd,strip of 10 tablets,29.75,true
Hernmp 100mg Capsule,Progesterone (Natural Micronized),100mg,Capsule,Torrent Pharmaceuticals Ltd,strip of 10 capsules,85.0,true
Hernmp 100mg Injection,Progesterone (Natural Micronized),100mg,Injection,Torrent Pharmaceuticals Ltd,vial of 1 Injection,84.37,true
Hernmp 200mg Capsule,Progesterone (Natural Micronized),200mg,Capsule,Torrent Pharmaceuticals Ltd,strip of 10 capsules,205.5,true
Hernmp 200mg Tablet SR,Progesterone (Natural Micronized),200mg,Tablet,Torrent Pharmaceuticals Ltd,strip of 10 tablet sr,306.0,true
Hernmp 300mg Tablet SR,Progesterone (Natural Micronized),300mg,Tablet,Torrent Pharmaceuticals Ltd,strip of 10 tablet sr,438.0,true
Hernmp 400mg Tablet SR,Progesterone,400mg,Tablet,Torrent Pharmaceuticals Ltd,strip of 10 tablet sr,485.0,true
Hernmp 50mg Injection,Progesterone (Natural Micronized),50mg,Injection,Torrent Pharmaceuticals Ltd,vial of 1 Injection,84.37,true
Herperax 400 Tablet,Acyclovir,400mg,Tablet,Micro Labs Ltd,strip of 10 tablets,153.1,true
Herperax 800 Tablet,Acyclovir,800mg,Tablet,Micro Labs Ltd,strip of 10 tablets,308.0,true
Herperax Ointment,Acyclovir,5% w/w,Ointment,Micro Labs Ltd,tube of 5 gm Ointment,54.5,true
Herperax Tablet,Acyclovir,200mg,Tablet,Micro Labs Ltd,strip of 5 tablets,42.31,true
Herpex 100mg Tablet,Acyclovir,100mg,Tablet,Torrent Pharmaceuticals Ltd,strip of 10 tablets,81.36,true
Herpex 200mg Tablet,Acyclovir,200mg,Tablet,Torrent Pharmaceuticals Ltd,strip of 10 tablets,75.95,true
Herpex 5% Cream,Acyclovir,5% w/w,Cream,Torrent Pharmaceuticals Ltd,tube of 5 gm Cream,90.3,true
Herpex 800 DT Tablet,Acyclovir,800mg,Tablet,Torrent Pharmaceuticals Ltd,strip of 5 tablet dt,297.4,true
Herpikind 200 Tablet DT,Acyclovir,200mg,Tablet,Mankind Pharma Ltd,strip of 10 tablet dt,83.73,true
Herpikind 400 Tablet DT,Acyclovir,400mg,Tablet,Mankind Pharma Ltd,strip of 10 tablet dt,152.89,true
Herpikind 800mg Tablet,Acyclovir,800mg,Tablet,Mankind Pharma Ltd,strip of 10 tablets,361.38,true
Herpikind Ointment,Acyclovir,5% w/w,Ointment,Mankind Pharma Ltd,tube of 10 gm Ointment,112.23,true
Hexidol 1.5 Tablet,Haloperidol,1.5mg,Tablet,Torrent Pharmaceuticals Ltd,strip of 10 tablets,16.06,true
Hexidol 5 Tablet,Haloperidol,5mg,Tablet,Torrent Pharmaceuticals Ltd,strip of 10 tablets,33.49,true
Hexim Dry Syrup,Cefuroxime,125mg,Suspension,H & Care Incorp,bottle of 30 ml Oral Suspension,121.0,true
Hicef 200 Dry Syrup,Cefixime,200mg/5ml,Suspension,Best Biotech,bottle of 30 ml Oral Suspension,125.0,true
Hicef 200mg Tablet,Ceftriaxone,200mg,Tablet,Pfizer Ltd,strip of 6 tablets,131.0,true
Hicef 25mg Oral Drops,Cefixime,25mg/ml,Drops,Best Biotech,bottle of 15 ml Oral Drops,72.0,true
Hicet-AX 5mg/60mg Tablet,Cetirizine + Ambroxol,5mg + 60mg,Tablet,Micro Labs Ltd,strip of 10 tablets,69.0,false
Hicet-AX Syrup,Cetirizine + Ambroxol,2.5mg/5ml + 30mg/5ml,Syrup,Micro Labs Ltd,bottle of 60 ml Syrup,69.0,false
Hicet-AX Tablet SR,Cetirizine + Ambroxol,10mg + 75mg,Tablet,Micro Labs Ltd,strip of 10 tablet sr,69.0,false
Hicet-DC Tablet,Cetirizine + Phenylephrine,10mg + 10mg,Tablet,Micro Labs Ltd,strip of 10 tablets,79.5,false
Hicet-L Syrup,Levocetirizine,2.5mg,Syrup,Micro Labs Ltd,bottle of 30 ml Syrup,34.0,false
Hicope 10 Tablet,Hydroxyzine,10mg,Tablet,Mankind Pharma Ltd,strip of 15 tablets,39.8,true
Hicope 25 Tablet,Hydroxyzine,25mg,Tablet,Mankind Pharma Ltd,strip of 15 tablets,65.87,true
Hifen 25mg Oral Drops,Cefixime,25mg,Drops,Hetero Drugs Ltd,packet of 10 ml Oral Drops,44.6,true
Hifenac Gel,Aceclofenac,1.5% w/w,Gel,Intas Pharmaceuticals Ltd,tube of 30 gm Gel,96.0,false
Hifenac Max Tablet,Thiocolchicoside + Aceclofenac,4mg + 100mg,Tablet,Intas Pharmaceuticals Ltd,strip of 10 tablets,258.0,true
Hifenac SP 100mg/325mg/15mg Tablet,Aceclofenac + Paracetamol,100mg + 325mg,Tablet,Intas Pharmaceuticals Ltd,strip of 10 tablets,116.0,false
Hifenac Spas Tablet,Drotaverine + Aceclofenac,80mg + 100mg,Tablet,Intas Pharmaceuticals Ltd,strip of 10 tablets,144.0,false
Hifenac SR Tablet,Aceclofenac,200mg,Tablet,Intas Pharmaceuticals Ltd,strip of 10 tablet sr,90.0,false
Hifenac TA 100mg/325mg/37.5mg Tablet,Aceclofenac + Paracetamol,100mg + 325mg,Tablet,Intas Pharmaceuticals Ltd,strip of 10 tablets,142.0,false
Hifenac Tablet,Aceclofenac,100mg,Tablet,Intas Pharmaceuticals Ltd,strip of 10 tablets,57.0,false
Hifenac TH Tablet,Aceclofenac + Thiocolchicoside,100mg + 4mg,Tablet,Intas Pharmaceuticals Ltd,strip of 10 tablets,238.0,true
Hifenac TH8 Tablet,Aceclofenac + Thiocolchicoside,100mg + 8mg,Tablet,Intas Pharmaceuticals Ltd,strip of 10 tablets,372.0,true
Hifenac-D Tablet,Aceclofenac + Paracetamol,100mg + 325mg,Tablet,Intas Pharmaceuticals Ltd,strip of 10 tablets,116.0,false
Hifenac-MR Tablet,Aceclofenac + Paracetamol,100mg + 325mg,Tablet,Intas Pharmaceuticals Ltd,strip of 10 tablets,85.0,false
Hifenac-P Tablet,Aceclofenac + Paracetamol,100mg + 325mg,Tablet,Intas Pharmaceuticals Ltd,strip of 15 tablets,90.5,false
Hipen Clav Dds Oral Suspension,Amoxycillin + Clavulanic Acid,400mg + 57mg,Suspension,Zydus Healthcare Limited,bottle of 30 ml Oral Suspension,100.0,true
Hipod-PD Drop,Cefpodoxime Proxetil,25mg,Suspension,Best Biotech,bottle of 10 ml Oral Suspension,90.0,true
Hipres 100mg Tablet,Atenolol,100mg,Tablet,Cipla Ltd,strip of 14 tablets,14.37,true
Hipres 25 Tablet,Atenolol,25mg,Tablet,Cipla Ltd,strip of 14 tablets,29.5,true
Hipres 50 Tablet,Atenolol,50mg,Tablet,Cipla Ltd,strip of 14 tablets,31.04,true
Hipril 10mg Tablet,Lisinopril,10mg,Tablet,Micro Labs Ltd,strip of 10 tablets,136.0,true
Hipril 2.5mg Tablet,Lisinopril,2.5mg,Tablet,Micro Labs Ltd,strip of 10 tablets,39.0,true
Hipril 5 Tablet,Lisinopril,5mg,Tablet,Micro Labs Ltd,strip of 10 tablets,75.0,true
Hista L Kid 2.5mg/5mg Tablet,Levocetirizine + Montelukast,2.5mg + 5mg,Tablet,Genip Pharmaceuticals Pvt Ltd,strip of 10 tablets,54.0,true
Histac 150 Tablet,Ranitidine,150mg,Tablet,Sun Pharmaceutical Industries Ltd,strip of 30 tablets,22.61,false
Histac 150mg Tablet,Ranitidine,150mg,Tablet,Sun Pharmaceutical Industries Ltd,strip of 10 tablets,21.86,false
Histac 300 Tablet,Ranitidine,300mg,Tablet,Sun Pharmaceutical Industries Ltd,strip of 20 tablets,32.25,false
Histac 50mg Injection 2ml,Ranitidine,50mg,Injection,Sun Pharmaceutical Industries Ltd,vial of 1 Injection,5.44,true
Histac Evt Tablet,Ranitidine,150mg,Tablet,Sun Pharmaceutical Industries Ltd,strip of 2 tablets,3.86,false
Histac Evt Tablet Mint,Ranitidine,150mg,Tablet,Sun Pharmaceutical Industries Ltd,strip of 4 tablets,7.72,false
Histacet 10mg Capsule,Cetirizine,10mg,Capsule,Intas Pharmaceuticals Ltd,strip of 10 capsules,7.63,false
Histacet 10mg Tablet,Cetirizine,10mg,Tablet,Intas Pharmaceuticals Ltd,strip of 10 tablets,3.51,false
Histacet 5mg Syrup,Cetirizine,5mg,Syrup,Intas Pharmaceuticals Ltd,bottle of 60 ml Syrup,35.52,false
Histacet Cold NF 5mg/325mg/5mg Tablet,Cetirizine + Paracetamol,5mg + 325mg,Tablet,Intas Pharmaceuticals Ltd,strip of 10 tablets,36.0,false
Histacet Cold Oral Suspension,Cetirizine + Paracetamol,2.5mg + 125mg,Suspension,Intas Pharmaceuticals Ltd,bottle of 60 ml Oral Suspension,42.5,false
Histafree 120 Tablet,Fexofenadine,120mg,Tablet,Mankind Pharma Ltd,strip of 10 tablets,99.0,false
Histafree 180 Tablet,Fexofenadine,180mg,Tablet,Mankind Pharma Ltd,strip of 10 tablets,149.0,false
Histafree Eye Drops,Olopatadine,0.1% w/v,Drops,Mankind Pharma Ltd,bottle of 5 ml Ophthalmic Solution,133.1,false
Histafree Suspension Raspberry & Vanilla,Fexofenadine,30mg/5ml,Suspension,Mankind Pharma Ltd,bottle of 60 ml Suspension,85.0,false
Histakind 30mg/5ml Syrup,Fexofenadine,30mg/5ml,Syrup,Mankind Pharma Ltd,bottle of 60 ml Syrup,84.7,false
Hopace 1.25 Tablet,Ramipril,1.25mg,Tablet,Micro Labs Ltd,strip of 10 tablets,42.0,true
Hopace 10 Tablet,Ramipril,10mg,Tablet,Micro Labs Ltd,strip of 10 tablets,185.0,true
Hopace 2.5 Tablet,Ramipril,2.5mg,Tablet,Micro Labs Ltd,strip of 10 tablets,61.93,true
Hopace 5 Tablet,Ramipril,5mg,Tablet,Micro Labs Ltd,strip of 30 tablets,292.32,true
Hopace-H 2.5 Capsule,Ramipril + Hydrochlorothiazide,2.5mg + 12.5mg,Capsule,Micro Labs Ltd,strip of 10 capsules,113.0,true
Hopace-H 5 Capsule,Ramipril + Hydrochlorothiazide,5mg + 12.5mg,Capsule,Micro Labs Ltd,strip of 10 capsules,197.0,true
HQ-Star 200 Tablet,Hydroxychloroquine,200mg,Tablet,Leeford Healthcare Ltd,strip of 15 tablets,110.4,true
HQ-Star 400 Tablet,Hydroxychloroquine,400mg,Tablet,Leeford Healthcare Ltd,strip of 10 tablets,130.9,true
Human Mixtard 50 Injection 40IU/ml,Insulin Isophane/NPH + Human Insulin/Soluble Insulin,50% + 50%,Injection,Novo Nordisk India Pvt Ltd,vial of 10 ml Suspension for Injection,241.58,true
Human Mixtard 70/30 Suspension for Injection 100IU/ml,Insulin Isophane/NPH + Human Insulin/Soluble Insulin,70% + 30%,Injection,Novo Nordisk India Pvt Ltd,vial of 10 ml Suspension for Injection,496.1,true
Human Mixtard 70/30 Suspension for Injection 40IU/ml,Insulin Isophane/NPH + Human Insulin/Soluble Insulin,70% + 30%,Injection,Novo Nordisk India Pvt Ltd,vial of 10 ml Suspension for Injection,175.48,true
Hydroze 25mg Tablet,Hydroxyzine,25mg,Tablet,Torrent Pharmaceuticals Ltd,strip of 10 tablets,99.61,true
Hyocimax MF Tablet,Hyoscine butylbromide + Mefenamic Acid,10mg + 250mg,Tablet,Zydus Cadila,strip of 10 tablets,133.92,false
Hyocimax S 0.375mg Tablet CR,Hyoscine butylbromide,0.375mg,Tablet,Zydus Cadila,strip of 10 tablet cr,65.9,false
Hyocimax Tablet,Hyoscine butylbromide,10mg,Tablet,Zydus Cadila,strip of 10 tablets,29.09,false
Hyocimax-S Tablet,Hyoscyamine,0.125mg,Tablet,Zydus Cadila,strip of 10 disintegrating strips,54.4,false
Hytrol 10mg Tablet,Enalapril,10mg,Tablet,Sun Pharmaceutical Industries Ltd,strip of 10 tablets,46.82,true
Hytrol 2.5mg Tablet,Enalapril,2.5mg,Tablet,Sun Pharmaceutical Industries Ltd,strip of 10 tablets,14.6,true
HYTROL AM 2.5MG/2.5MG CAPSULE,Amlodipine + Enalapril,2.5mg + 2.5mg,Capsule,Sun Pharmaceutical Industries Ltd,strip of 10 capsules,24.0,true
HYTROL AM 5MG/2.5MG CAPSULE,Amlodipine + Enalapril,5mg + 2.5mg,Capsule,Sun Pharmaceutical Industries Ltd,strip of 10 capsules,29.0,true
I Deriva 10mg Capsule,Isotretinoin,10mg,Capsule,Glenmark Pharmaceuticals Ltd,strip of 10 capsules,153.0,true
I-Tyza 200 Capsule,Itraconazole,200mg,Capsule,Abbott,strip of 10 capsules,289.14,true
I-Win SB 50 Capsule,Itraconazole,50mg,Capsule,Sun Pharmaceutical Industries Ltd,strip of 10 capsules,130.0,true
IBUBID PLUS 400MG/500MG TABLET,Ibuprofen + Paracetamol,400mg + 500mg,Tablet,Sun Pharmaceutical Industries Ltd,strip of 10 tablets,14.58,false
Ibufen Syrup,Ibuprofen + Paracetamol,,Syrup,Cipla Ltd,bottle of 60 ml Syrup,13.17,false
IBUGESIC 300MG CAPSULE SR,Ibuprofen,300mg,Capsule,Cipla Ltd,strip of 10 capsule sr,7.38,false
Ibugesic 400 Tablet,Ibuprofen,400mg,Tablet,Cipla Ltd,strip of 15 tablets,10.88,false
Ibugesic 600mg Tablet,Ibuprofen,600mg,Tablet,Cipla Ltd,strip of 15 tablets,15.21,false
Ibugesic M 400mg/750mg Tablet,Ibuprofen + Methocarbamol,400mg + 750mg,Tablet,Cipla Ltd,strip of 6 tablets,17.98,false
Ibugesic Oral Suspension Orange,Ibuprofen,100mg/5ml,Suspension,Cipla Ltd,bottle of 100 ml Oral Suspension,23.52,false
Ibugesic Plus Oral Suspension Orange,Ibuprofen + Paracetamol,100mg + 162.5mg,Suspension,Cipla Ltd,bottle of 60 ml Oral Suspension,35.86,false
Ibugesic Plus Oral Suspension Orange,Ibuprofen + Paracetamol,100mg + 162.5mg,Suspension,Cipla Ltd,bottle of 100 ml Oral Suspension,45.38,false
Ibugesic Plus Tablet,Ibuprofen + Paracetamol,400mg + 325mg,Tablet,Cipla Ltd,strip of 20 tablets,33.27,false
Ibugesic TH 100mg/4mg Tablet,Aceclofenac + Thiocolchicoside,100mg + 4mg,Tablet,Cipla Ltd,strip of 10 tablets,199.65,true
Ibugesic TH 100mg/8mg Tablet,Aceclofenac + Thiocolchicoside,100mg + 8mg,Tablet,Cipla Ltd,strip of 10 tablets,308.55,true
Ice-T 100mg/4mg Tablet,Aceclofenac + Paracetamol,100mg + 4mg,Tablet,Acinom Healthcare,strip of 10 tablets,135.0,false
Idrofos 150 Tablet,Ibandronic Acid,150mg,Tablet,Sun Pharmaceutical Industries Ltd,strip of 3 tablets,860.0,false
Idrofos 50mg Tablet,Ibandronic Acid,50mg,Tablet,Sun Pharmaceutical Industries Ltd,strip of 5 tablets,256.7,false
IF 2 Eye Drop,Olopatadine,0.1% w/v,Drops,Cipla Ltd,packet of 5 ml Ophthalmic Solution,134.91,false
IF 2 Tablet,Olopatadine,5mg,Tablet,Cipla Ltd,strip of 10 tablets,58.0,false
Ignalis 100 Tablet,Sitagliptin,100mg,Tablet,Intas Pharmaceuticals Ltd,strip of 10 tablets,135.0,true
Ignalis 50 Tablet,Sitagliptin,50mg,Tablet,Intas Pharmaceuticals Ltd,strip of 10 tablets,90.0,true
Ignalis-M 100/1000 Tablet ER,Sitagliptin + Metformin,100mg + 1000mg,Tablet,Intas Pharmaceuticals Ltd,strip of 10 tablet er,149.0,true
Ignalis-M 100/500 Tablet ER,Sitagliptin + Metformin,100mg + 500mg,Tablet,Intas Pharmaceuticals Ltd,strip of 10 tablet er,145.0,true
Ignalis-M 50/1000 Tablet ER,Sitagliptin + Metformin,50mg + 1000mg,Tablet,Intas Pharmaceuticals Ltd,strip of 10 tablet er,105.0,true
Ilobril 1mg Tablet,Iloperidone,1mg,Tablet,Torrent Pharmaceuticals Ltd,strip of 2 tablets,6.5,false
Ilobril 2mg Tablet,Iloperidone,2mg,Tablet,Torrent Pharmaceuticals Ltd,strip of 2 tablets,8.0,false
Ilobril 4mg Tablet,Iloperidone,4mg,Tablet,Torrent Pharmaceuticals Ltd,strip of 2 tablets,11.0,false
Ilobril 6mg Tablet,Iloperidone,6mg,Tablet,Torrent Pharmaceuticals Ltd,strip of 10 tablets,70.0,false
Ilobril 8mg Tablet,Iloperidone,8mg,Tablet,Torrent Pharmaceuticals Ltd,strip of 10 tablets,85.0,false
Ilofast 10mg Tablet,Iloperidone,10mg,Tablet,Zydus Cadila,strip of 30 tablets,244.89,false
Ilofast 12mg Tablet,Iloperidone,12mg,Tablet,Zydus Cadila,strip of 30 tablets,390.0,false
Ilofast 1mg Tablet,Iloperidone,1mg,Tablet,Zydus Cadila,strip of 2 tablets,4.4,false
Ilofast 2mg Tablet,Iloperidone,2mg,Tablet,Zydus Cadila,strip of 2 tablets,8.0,false
Ilofast 4mg Tablet,Iloperidone,4mg,Tablet,Zydus Cadila,strip of 2 tablets,11.0,false
Ilofast 6mg Tablet,Iloperidone,6mg,Tablet,Zydus Cadila,strip of 30 tablets,180.0,false
Ilofast 8mg Tablet,Iloperidone,8mg,Tablet,Zydus Cadila,strip of 30 tablets,225.0,false
Ilopride 1mg Tablet,Iloperidone,1mg,Tablet,Intas Pharmaceuticals Ltd,strip of 10 tablets,25.0,false
Ilopride 4mg Tablet,Iloperidone,4mg,Tablet,Intas Pharmaceuticals Ltd,strip of 10 tablets,50.41,false
Ilopride 6mg Tablet,Iloperidone,6mg,Tablet,Intas Pharmaceuticals Ltd,strip of 10 tablets,70.0,false
Ilopride 8mg Tablet,Iloperidone,8mg,Tablet,Intas Pharmaceuticals Ltd,strip of 10 tablets,70.0,false
Imol 400 mg/333 mg Tablet,Ibuprofen + Paracetamol,400mg + 333mg,Tablet,Zydus Cadila,strip of 10 tablets,8.65,false
Imol Cold 325 Tablet,Caffeine + Paracetamol,30mg + 325mg,Tablet,Zydus Cadila,strip of 10 tablets,54.5,false
Imol Suspension,Ibuprofen + Paracetamol,100mg + 162.5mg,Suspension,Zydus Cadila,bottle of 60 ml Oral Suspension,37.2,false
Imox Clo Capsule,Amoxycillin + Cloxacillin,,Capsule,Ipca Laboratories Ltd,strip of 6 capsules,17.65,true
Imox Clo LB Capsule,Amoxycillin + Cloxacillin,125mg + 125mg,Capsule,Ipca Laboratories Ltd,strip of 6 capsules,115.0,true
Imutrex 10 Tablet,Methotrexate,10mg,Tablet,Cipla Ltd,strip of 4 tablets,50.16,true
Imutrex 2.5mg Tablet,Methotrexate,2.5mg,Tablet,Cipla Ltd,strip of 10 tablets,47.39,true
Imutrex 7.5 Tablet,Methotrexate,7.5mg,Tablet,Cipla Ltd,strip of 10 tablets,121.9,true
Inac 25mg Injection,Diclofenac,25mg,Injection,Zydus Cadila,vial of 3 ml Injection,4.87,true
Inac 75mg Injection,Diclofenac,75mg,Injection,Zydus Cadila,vial of 3 ml Injection,4.87,true
Inac Gel,Diclofenac,1% w/w,Gel,Zydus Cadila,tube of 20 gm Gel,36.36,false
Inac MR 250mg/50mg/325mg Tablet,Chlorzoxazone + Diclofenac,250mg + 50mg,Tablet,Zydus Cadila,strip of 10 tablets,48.0,false
Inapure 2.5mg Tablet,Ivabradine,2.5mg,Tablet,Sun Pharmaceutical Industries Ltd,strip of 10 tablets,153.0,false
Inapure 5 Tablet,Ivabradine,5mg,Tablet,Sun Pharmaceutical Industries Ltd,strip of 10 tablets,213.0,false
Inapure ER 10 Tablet,Ivabradine,10mg,Tablet,Sun Pharmaceutical Industries Ltd,strip of 10 tablet er,372.0,false
Inapure ER 15 Tablet,Ivabradine,15mg,Tablet,Sun Pharmaceutical Industries Ltd,strip of 10 tablet er,430.0,false
Indard-MR Tablet,Aceclofenac + Paracetamol,100mg + 250mg,Tablet,Pharma Drugs & Chemicals,strip of 10 tablets,55.0,false
Inderal 10 Tablet,Propranolol,10mg,Tablet,Abbott,strip of 15 tablets,21.45,true
Inderal F 10 Tablet SR,Propranolol + Flunarizine,40mg + 10mg,Tablet,Abbott,strip of 10 tablet sr,107.32,true
Inderal F 5 Tablet SR,Propranolol + Flunarizine,40mg + 5mg,Tablet,Abbott,strip of 10 tablet sr,73.02,true
Indikof B Expectorant Sugar Free,Ambroxol + Guaifenesin,30mg/5ml + 100mg/5ml,Syrup,Alkem Laboratories Ltd,bottle of 100 ml Syrup,105.0,false
Indikof B Syrup,Ambroxol + Guaifenesin,30mg + 100mg,Syrup,Alkem Laboratories Ltd,bottle of 100 ml Syrup,95.5,false
Indikof C Syrup,Chlorpheniramine Maleate + Codeine,4mg + 10mg,Syrup,Alkem Laboratories Ltd,bottle of 100 ml Syrup,64.78,true
Indikof P Syrup,Chlorpheniramine Maleate + Paracetamol,1mg/5ml + 125mg/5ml,Syrup,Alkem Laboratories Ltd,bottle of 60 ml Syrup,44.5,false
Inditel CH 6.25 Tablet,Telmisartan + Chlorthalidone,40mg + 6.25mg,Tablet,Zydus Cadila,strip of 10 tablets,126.7,true
Inditel D Capsule SR,Telmisartan + Indapamide,40mg + 1.5mg,Capsule,Zydus Cadila,strip of 10 capsule sr,202.6,true
Infla Btr Tablet,Levocetirizine + Montelukast,96mg,Tablet,Wanbury Ltd,strip of 10 tablets,285.71,true
Intacoxia 120 Tablet,Etoricoxib,120mg,Tablet,Intas Pharmaceuticals Ltd,strip of 10 tablets,135.0,true
Intacoxia 60mg Tablet,Etoricoxib,60mg,Tablet,Intas Pharmaceuticals Ltd,strip of 10 tablets,81.0,true
Intacoxia 90 Tablet,Etoricoxib,90mg,Tablet,Intas Pharmaceuticals Ltd,strip of 10 tablets,99.5,true
Intacoxia MR 60mg/4mg Tablet,Etoricoxib + Thiocolchicoside,60mg + 4mg,Tablet,Intas Pharmaceuticals Ltd,strip of 10 tablets,242.0,true
Intacoxia P 60mg/325mg Tablet,Etoricoxib + Paracetamol,60mg + 325mg,Tablet,Intas Pharmaceuticals Ltd,strip of 10 tablets,104.0,true
Intadine 5% Ointment,Povidone Iodine,5%,Ointment,Intas Pharmaceuticals Ltd,tube of 15 gm Ointment,36.27,false
Intadine 5% Ointment,Povidone Iodine,5%,Ointment,Intas Pharmaceuticals Ltd,tube of 20 gm Ointment,47.0,false
Intadine 5% Ointment,Povidone Iodine,5%,Ointment,Intas Pharmaceuticals Ltd,tube of 10 gm Ointment,20.0,false
Intadine Dusting Powder,Povidone Iodine,5%,Powder,Intas Pharmaceuticals Ltd,packet of 10 gm Dusting Powder,12.5,false
Intadine HS Solution,Povidone Iodine,10% w/v,Solution,Intas Pharmaceuticals Ltd,bottle of 500 ml Solution,455.0,false
Intadine O Ointment,Povidone Iodine + Ornidazole,5% w/w + 1% w/w,Ointment,Intas Pharmaceuticals Ltd,tube of 15 gm Ointment,91.0,true
Intadine Solution,Povidone Iodine,5% w/v,Solution,Intas Pharmaceuticals Ltd,bottle of 100 ml Solution,31.87,false
Intaflam Oral Suspension,Ibuprofen + Paracetamol,100mg + 162.5mg,Suspension,Intas Pharmaceuticals Ltd,bottle of 450 ml Oral Suspension,85.0,false
Intaflam Syrup,Ibuprofen + Paracetamol,,Syrup,Intas Pharmaceuticals Ltd,bottle of 60 ml Syrup,15.68,false
Intagesic 1.16% Gel,Diclofenac,1.16% w/w,Gel,Intas Pharmaceuticals Ltd,tube of 30 gm Gel,102.0,false
Intagesic 50 mg/325 mg Tablet,Diclofenac + Paracetamol,50mg + 325mg,Tablet,Intas Pharmaceuticals Ltd,strip of 10 tablets,27.5,false
Intagesic 75mg Injection,Diclofenac,75mg,Injection,Intas Pharmaceuticals Ltd,vial of 1 ml Injection,20.5,true
Intagesic SP Tablet,Diclofenac + Paracetamol,50mg + 325mg,Tablet,Intas Pharmaceuticals Ltd,strip of 10 tablets,83.0,false
Intagesic-MR Tablet,Chlorzoxazone + Diclofenac,250mg + 50mg,Tablet,Intas Pharmaceuticals Ltd,strip of 10 tablets,103.0,false
Intagesic-P Tablet,Diclofenac + Paracetamol,50mg + 325mg,Tablet,Intas Pharmaceuticals Ltd,strip of 10 tablets,27.5,false
Intaglip OD 100mg Tablet,Vildagliptin,100mg,Tablet,Intas Pharmaceuticals Ltd,strip of 10 tablets,164.0,true
Intaglip Tablet,Vildagliptin,50mg,Tablet,Intas Pharmaceuticals Ltd,strip of 10 tablets,89.5,true
Intaglip-M Forte Tablet,Metformin + Vildagliptin,1000mg + 50mg,Tablet,Intas Pharmaceuticals Ltd,strip of 10 tablets,106.5,true
Intaglip-M SR 1000 Tablet,Metformin + Vildagliptin,1000mg + 50mg,Tablet,Intas Pharmaceuticals Ltd,strip of 10 tablet sr,86.5,true
Intaglip-M SR 500 Tablet,Metformin + Vildagliptin,500mg + 50mg,Tablet,Intas Pharmaceuticals Ltd,strip of 10 tablet sr,80.5,true
Intaglip-M Tablet,Metformin + Vildagliptin,500mg + 50mg,Tablet,Intas Pharmaceuticals Ltd,strip of 10 tablets,101.5,true
Intaglip-OD 100 Tablet SR,Vildagliptin,100mg,Tablet,Intas Pharmaceuticals Ltd,strip of 10 tablet sr,164.0,true
Intamox 250 mg/250 mg Capsule,Amoxycillin + Cloxacillin,250mg + 250mg,Capsule,Intas Pharmaceuticals Ltd,strip of 10 capsules,28.12,true
Intamox D 125 mg/125 mg Injection,Amoxycillin + Dicloxacillin,125mg + 125mg,Injection,Intas Pharmaceuticals Ltd,vial of 5 ml Injection,23.0,true
Intamox D Infusion,Amoxycillin + Dicloxacillin,4.5mg,Injection,Intas Pharmaceuticals Ltd,bottle of 50 ml Infusion,140.0,true
Intamox D Injection,Amoxycillin + Dicloxacillin,2.5gm,Injection,Intas Pharmaceuticals Ltd,vial of 20 ml Injection,77.5,true
Intamox D Injection,Amoxycillin + Dicloxacillin,3500mg,Injection,Intas Pharmaceuticals Ltd,vial of 30 ml Injection,110.0,true
Intamox O 1500mg Tablet,Amoxycillin,1500mg,Tablet,Intas Pharmaceuticals Ltd,strip of 2 tablets,50.0,true
Intap 100mg Tablet,Tapentadol,100mg,Tablet,Intas Pharmaceuticals Ltd,strip of 10 tablets,199.0,true
Intavisc 2% Eye Drop,Hydroxypropylmethylcellulose,2%,Drops,Intas Pharmaceuticals Ltd,bottle of 3 ml Eye Drop,70.23,false
Intavisc PF 2% Eye Drop,Hydroxypropylmethylcellulose,2%,Drops,Intas Pharmaceuticals Ltd,packet of 3 ml Eye Drop,166.21,false
Intawin 400 Tablet,Fluconazole,400mg,Tablet,Intas Pharmaceuticals Ltd,strip of 1 Tablet,38.85,true
Intazin 5mg Tablet,Cetirizine,5mg,Tablet,Intas Pharmaceuticals Ltd,strip of 10 tablets,18.0,false
Intazin 5mg/5ml Syrup,Cetirizine,5mg/5ml,Syrup,Intas Pharmaceuticals Ltd,bottle of 30 ml Syrup,35.0,false
Intazin AM 5 mg/60 mg Tablet,Cetirizine + Ambroxol,5mg + 60mg,Tablet,Intas Pharmaceuticals Ltd,strip of 10 tablets,26.0,false
Intazin AM Syrup,Cetirizine + Ambroxol,,Syrup,Intas Pharmaceuticals Ltd,bottle of 50 ml Syrup,49.0,false
Intazin Cold Suspension,Cetirizine,,Suspension,Intas Pharmaceuticals Ltd,bottle of 60 ml Suspension,14.78,false
Intazin D 5 mg/120 mg Tablet,Cetirizine + Pseudoephedrine,5mg + 120mg,Tablet,Intas Pharmaceuticals Ltd,strip of 10 tablets,6.25,false
Intazin L 5mg Tablet,Levocetirizine,5mg,Tablet,Intas Pharmaceuticals Ltd,strip of 10 tablets,59.75,false
Intazin LD Tablet,Cetirizine + Pseudoephedrine,,Tablet,Intas Pharmaceuticals Ltd,strip of 10 tablets,5.0,false
Iraz 2% Cream,Ketoconazole,2% w/w,Cream,Zydus Cadila,tube of 30 gm Cream,180.0,false
Isonorm 10 Tablet,Isosorbide Mononitrate,10mg,Tablet,Lupin Ltd,strip of 10 tablets,23.52,true
Isonorm 20 Tablet,Isosorbide Mononitrate,20mg,Tablet,Lupin Ltd,strip of 10 tablets,26.07,true
Isonorm 30 SR Tablet,Isosorbide Mononitrate,30mg,Tablet,Lupin Ltd,strip of 10 tablet er,49.08,true
Isonorm 60 SR Tablet,Isosorbide Mononitrate,60mg,Tablet,Lupin Ltd,strip of 10 Tablet pr,49.72,true
Isotane 5mg Capsule,Isotretinoin,5mg,Capsule,Micro Labs Ltd,strip of 10 capsules,75.0,true
Isotroin 0.05% Gel,Isotretinoin,0.05% w/w,Gel,Cipla Ltd,tube of 15 gm Gel,94.92,true
Isotroin 10 Capsule,Isotretinoin,10mg,Capsule,Cipla Ltd,strip of 15 capsules,319.39,true
Isotroin 20 Capsule,Isotretinoin,20mg,Capsule,Cipla Ltd,strip of 15 soft gelatin capsules,479.89,true
Isotroin 30 Capsule,Isotretinoin,30mg,Capsule,Cipla Ltd,strip of 10 soft gelatin capsules,332.0,true
Isotroin 5 Capsule,Isotretinoin,5mg,Capsule,Cipla Ltd,strip of 10 capsules,126.41,true
Istavel 25mg Tablet,Sitagliptin,25mg,Tablet,Sun Pharmaceutical Industries Ltd,strip of 7 tablets,259.0,true
IT Lock 100mg Tablet,Itraconazole,100mg,Tablet,Indizen Pharmaceutical,strip of 10 tablets,140.0,true
IT Lock 200mg Tablet,Itraconazole,200mg,Tablet,Indizen Pharmaceutical,strip of 10 tablets,280.0,true
IT Mac 10mg Oral Solution,Itraconazole,10mg,Solution,Macleods Pharmaceuticals Pvt Ltd,bottle of 100 ml Oral Solution,594.0,true
IT Mac 400mg Tablet SR,Itraconazole,400mg,Tablet,Macleods Pharmaceuticals Pvt Ltd,strip of 4 tablet sr,196.0,true
IT San 100mg Tablet,Itraconazole,100mg,Tablet,Sanatio Pharmaceuticals Private Limited,strip of 4 tablets,79.0,true
IT San 200mg Tablet,Itraconazole,200mg,Tablet,Sanatio Pharmaceuticals Private Limited,strip of 4 tablets,109.0,true
IT Zoe 100mg Tablet,Itraconazole,100mg,Tablet,Evax Healthcare Pvt Ltd,strip of 4 tablets,96.0,true
IT-Fic 200 Tablet,Itraconazole,200mg,Tablet,UNIFIC Pharmaceuticals Pvt Ltd,strip of 10 tablets,125.0,true
IT-Lab Gel,Itraconazole,1% w/w,Gel,Helplab Healthcare Pvt Ltd,tube of 15 gm Gel,150.0,true
IT-Mac SB Capsule,Itraconazole,50mg,Capsule,Macleods Pharmaceuticals Pvt Ltd,strip of 10 capsules,108.9,true
Itaspor 130mg Capsule,Itraconazole,130mg,Capsule,Intas Pharmaceuticals Ltd,strip of 10 capsules,220.0,true
Itaspor 200 Capsule,Itraconazole,200mg,Capsule,Intas Pharmaceuticals Ltd,strip of 10 capsules,260.0,true
Itaspor 400 SR Tablet,Itraconazole,400mg,Tablet,Intas Pharmaceuticals Ltd,strip of 4 tablet sr,199.0,true
Itaspor Capsule,Itraconazole,100mg,Capsule,Intas Pharmaceuticals Ltd,strip of 10 capsules,154.0,true
Itaspor Capsule,Itraconazole,100mg,Capsule,Intas Pharmaceuticals Ltd,strip of 7 capsules,98.0,true
Itaspor Powder,Itraconazole,1% w/w,Powder,Intas Pharmaceuticals Ltd,bottle of 50 gm Dusting Powder,195.0,true
Itaspor SB Forte 100mg Capsule,Itraconazole,100mg,Capsule,Intas Pharmaceuticals Ltd,strip of 10 capsules,200.0,true
Itaspor-SB Capsule,Itraconazole,50mg,Capsule,Intas Pharmaceuticals Ltd,strip of 10 capsules,184.0,true
Itradac 1% Cream,Itraconazole,1% w/w,Cream,Ikon Remedies Pvt Ltd,tube of 15 gm Cream,135.0,true
Itradila 400mg Capsule SR,Itraconazole,400mg,Capsule,Cadila Pharmaceuticals Ltd,strip of 4 capsule sr,93.75,true
Itragreat SB 130mg Capsule,Itraconazole,130mg,Capsule,Mankind Pharma Ltd,strip of 10 capsules,217.5,true
Itralase SB 130mg Capsule,Itraconazole,130mg,Capsule,Cipla Ltd,strip of 10 capsules,235.0,true
Itralase SB 65mg Capsule,Itraconazole,65mg,Capsule,Cipla Ltd,strip of 10 capsules,135.0,true
Itratuf 200 Capsule,Itraconazole,200mg,Capsule,Alkem Laboratories Ltd,strip of 7 capsules,245.0,true
Itratuf 200 Capsule,Itraconazole,200mg,Capsule,Alkem Laboratories Ltd,strip of 15 capsules,397.5,true
Itratuf Oral Solution,Itraconazole,10mg/ml,Solution,Alkem Laboratories Ltd,bottle of 100 ml Oral Solution,565.0,true
Itratuf SB Capsule,Itraconazole,65mg,Capsule,Alkem Laboratories Ltd,strip of 10 capsules,140.0,true
Itratuf SB Capsule,Itraconazole,130mg,Capsule,Alkem Laboratories Ltd,strip of 10 capsules,240.0,true
Itratuf SB Capsule,Itraconazole,50mg,Capsule,Alkem Laboratories Ltd,strip of 10 capsules,160.0,true
Itromed 400mg Tablet SR,Itraconazole,400mg,Tablet,Leeford Healthcare Ltd,strip of 10 tablet sr,195.0,true
Itromed Gel,Itraconazole,1% w/w,Gel,Leeford Healthcare Ltd,tube of 15 gm Gel,75.0,true
Itromed-OC Cream,Ofloxacin + Ornidazole,0.75% w/w + 2% w/w,Cream,Leeford Healthcare Ltd,tube of 15 gm Cream,110.0,true
Itrostred Gel,Itraconazole,1% w/w,Gel,Leeford Healthcare Ltd,tube of 15 gm Gel,150.0,true
Itrostred OC Cream,Ofloxacin + Ornidazole,0.75% w/w + 2% w/w,Cream,Leeford Healthcare Ltd,tube of 15 gm Cream,120.0,true
Itrostred-TF Cream,Itraconazole + Terbinafine,1% w/w + 1% w/w,Cream,Leeford Healthcare Ltd,tube of 15 gm Cream,110.0,true
Ivabeat 5 Tablet,Ivabradine,5mg,Tablet,Cipla Ltd,strip of 10 tablets,212.28,false
Ivabeat OD 10 Tablet PR,Ivabradine,10mg,Tablet,Cipla Ltd,strip of 10 Tablet pr,340.0,false
Ivabeat OD 15mg Tablet ER,Ivabradine,15mg,Tablet,Cipla Ltd,strip of 10 tablet er,580.0,false
Ivabid 5 Tablet,Ivabradine,5mg,Tablet,Abbott,strip of 14 tablets,346.01,false
Ivabid 7.5 Tablet,Ivabradine,7.5mg,Tablet,Abbott,strip of 14 tablets,460.29,false
Ivabid OD 10 Tablet,Ivabradine,10mg,Tablet,Abbott,strip of 10 Tablet pr,384.99,false
Ivabid OD 15mg Tablet,Ivabradine,15mg,Tablet,Abbott,strip of 10 tablets,544.0,false
Ivabrad 10mg Tablet,Ivabradine,10mg,Tablet,Lupin Ltd,strip of 10 tablets,135.71,false
Ivabrad 5 Tablet,Ivabradine,5mg,Tablet,Lupin Ltd,strip of 15 tablets,372.2,false
Ivabrad 7.5 Tablet,Ivabradine,7.5mg,Tablet,Lupin Ltd,strip of 15 tablets,458.9,false
Ivabrad C 3.125mg/5mg Tablet,Carvedilol + Ivabradine,3.125mg + 5mg,Tablet,Lupin Ltd,strip of 10 tablets,240.0,true
Ivabrad C 6.25mg/5mg Tablet,Carvedilol + Ivabradine,6.25mg + 5mg,Tablet,Lupin Ltd,strip of 10 tablets,250.0,true
Ivabrad M 5/50 Tablet,Ivabradine + Metoprolol Tartrate,5mg + 50mg,Tablet,Lupin Ltd,strip of 10 tablets,203.1,true
Ivabrad M 5mg/25mg Tablet,Ivabradine + Metoprolol Succinate,5mg + 25mg,Tablet,Lupin Ltd,strip of 10 tablets,176.4,true
Ivabrad M 7.5mg/25mg Tablet,Ivabradine + Metoprolol Tartrate,7.5mg + 25mg,Tablet,Lupin Ltd,strip of 10 tablets,231.6,true
Ivabrad OD 10 Tablet PR,Ivabradine,10mg,Tablet,Lupin Ltd,strip of 10 Tablet pr,410.9,false
Ivabrad OD 15mg Tablet,Ivabradine,15mg,Tablet,Lupin Ltd,strip of 10 tablets,494.7,false
Ivanode 5 Tablet,Ivabradine,5mg,Tablet,Torrent Pharmaceuticals Ltd,strip of 10 tablets,254.6,false
Ivepred 1000mg Injection,Methylprednisolone,1000mg,Injection,Sun Pharmaceutical Industries Ltd,vial of 1 Injection,1450.0,true
Ivepred 125mg Injection,Methylprednisolone,125mg,Injection,Sun Pharmaceutical Industries Ltd,vial of 1 Injection,355.0,true
Ivepred 16 Tablet,Methylprednisolone,16mg,Tablet,Sun Pharmaceutical Industries Ltd,strip of 10 tablets,110.8,true
Ivepred 24mg Tablet,Methylprednisolone,24mg,Tablet,Sun Pharmaceutical Industries Ltd,strip of 10 tablets,87.78,true
Ivepred 4 Tablet,Methylprednisolone,4mg,Tablet,Sun Pharmaceutical Industries Ltd,strip of 10 tablets,54.0,true
Ivepred 40mg Injection,Methylprednisolone,40mg,Injection,Sun Pharmaceutical Industries Ltd,vial of 1 Injection,60.24,true
Ivepred 500mg Injection,Methylprednisolone,500mg,Injection,Sun Pharmaceutical Industries Ltd,vial of 1 Injection,895.0,true
Ivepred 8 Tablet,Methylprednisolone,8mg,Tablet,Sun Pharmaceutical Industries Ltd,strip of 10 tablets,63.3,true
Izra-D 20 Capsule SR,Domperidone + Esomeprazole,30mg + 20mg,Capsule,Torrent Pharmaceuticals Ltd,strip of 10 capsule sr,116.95,true
Jetmox 500mg Tablet,Amoxycillin,500mg,Tablet,Elder Pharmaceuticals Ltd,strip of 10 tablets,65.38,true
Jolivel 100mg Tablet,Opipramol,100mg,Tablet,Torrent Pharmaceuticals Ltd,strip of 10 tablets,99.0,false
Jolivel 50mg Tablet,Opipramol,50mg,Tablet,Torrent Pharmaceuticals Ltd,strip of 10 tablets,59.0,false
Jonac 100mg Suppository,Diclofenac,100mg,Suppository,Zydus Cadila,packet of 5 suppositories,109.34,false
Jonac Gel,Diclofenac,1.16% w/w,Gel,Zydus Cadila,tube of 30 gm Gel,100.5,false
Joykem ODT 300 Tablet,Amisulpride,300mg,Tablet,Alkem Laboratories Ltd,strip of 10 tablet dt,389.0,true
Juflox 300mg Tablet,Ofloxacin,300mg,Tablet,Medicross Pharmaceuticals,strip of 10 tablets,69.0,true
JUNIMOL RDS 120MG/5ML SUSPENSION,Paracetamol,120mg/5ml,Suspension,Elder Pharmaceuticals Ltd,bottle of 60 ml Suspension,24.15,false
Junior Lanzol 15mg Tablet DT,Lansoprazole,15mg,Tablet,Cipla Ltd,strip of 15 tablet dt,162.65,true
Junior Lanzol 30mg Tablet DT,Lansoprazole,30mg,Tablet,Cipla Ltd,strip of 10 tablet dt,174.21,true
Jupiros CV 10 Capsule,Rosuvastatin + Clopidogrel,10mg + 75mg,Capsule,Alkem Laboratories Ltd,strip of 10 capsules,176.0,true
Jupiros F 160mg/5mg Tablet,Fenofibrate + Rosuvastatin,160mg + 5mg,Tablet,Alkem Laboratories Ltd,strip of 10 tablets,246.0,true
Jupiros Gold 10 Capsule,Aspirin + Rosuvastatin,75mg + 10mg,Capsule,Alkem Laboratories Ltd,strip of 10 capsules,192.0,true
Jupiros Gold 20 Capsule,Aspirin + Rosuvastatin,75mg + 20mg,Capsule,Alkem Laboratories Ltd,strip of 10 capsules,219.0,true
Jupiros-A 150 Capsule,Rosuvastatin + Aspirin,10mg + 150mg,Capsule,Alkem Laboratories Ltd,strip of 10 capsules,84.5,true
Jupiros-A 20mg/150mg Capsule,Rosuvastatin + Aspirin,20mg + 150mg,Capsule,Alkem Laboratories Ltd,strip of 10 capsules,106.0,true
Jupiros-A Capsule,Rosuvastatin + Aspirin,10mg + 75mg,Capsule,Alkem Laboratories Ltd,strip of 10 capsules,92.5,true
Jupiros-F Tablet,Fenofibrate + Rosuvastatin,160mg + 10mg,Tablet,Alkem Laboratories Ltd,strip of 10 tablets,270.0,true
Justin 25mg Tablet,Diclofenac,25mg,Tablet,Neon Laboratories Ltd,strip of 5 tablets,40.0,false
K Tron Suspension,Ondansetron,,Suspension,Karnataka Antibiotics & Pharmaceuticals Ltd,bottle of 30 ml Suspension,25.0,true
K-Cor 10 Tablet,Nicorandil,10mg,Tablet,Macleods Pharmaceuticals Pvt Ltd,bottle of 20 tablets,543.0,false
K-Cor 5 Tablet,Nicorandil,5mg,Tablet,Macleods Pharmaceuticals Pvt Ltd,bottle of 20 tablets,363.0,false
K-Flox Oral Suspension Mango,Ofloxacin,100mg/5ml,Suspension,Krishgir Pharmaceuticals Pvt Ltd,bottle of 60 ml Oral Suspension,79.0,true
KC-Dom Drop Mixed Fruit,Cefpodoxime Proxetil,25mg/ml,Suspension,Ariskem Pharmaceuticals Private Limited,bottle of 10 ml Oral Suspension,65.52,true
Kefclav 50 Oral Suspension,Cefixime + Clavulanic Acid,50mg + 31.25mg,Suspension,Macleods Pharmaceuticals Pvt Ltd,bottle of 30 ml Oral Suspension,94.0,true
Kefclav 50mg/31.25mg Tablet DT,Cefixime + Clavulanic Acid,50mg + 31.25mg,Tablet,Macleods Pharmaceuticals Pvt Ltd,strip of 6 tablet dt,37.08,true
Keflor 125mg Tablet DT,Cefaclor,125mg,Tablet,Sun Pharmaceutical Industries Ltd,strip of 6 tablet dt,129.0,true
Keflor 250mg Tablet,Cefaclor,250mg,Tablet,Sun Pharmaceutical Industries Ltd,strip of 6 tablets,268.0,true
Keflor Oral Suspension Strawberry,Cefaclor,50mg/5ml,Suspension,Sun Pharmaceutical Industries Ltd,bottle of 10 ml Oral Suspension,124.0,true
Keflor Redimix Oral Suspension Banana,Cefaclor,125mg,Suspension,Sun Pharmaceutical Industries Ltd,bottle of 30 ml Oral Suspension,229.5,true
Kefloxin 125mg Suspension,Cefadroxil,125mg,Suspension,Sun Pharmaceutical Industries Ltd,bottle of 30 ml Suspension,21.48,true
Kefloxin 125mg Tablet DT,Cefadroxil,125mg,Tablet,Sun Pharmaceutical Industries Ltd,strip of 10 tablet dt,10.97,true
Kefloxin 250mg Tablet,Cefadroxil,250mg,Tablet,Sun Pharmaceutical Industries Ltd,strip of 10 tablets,22.0,true
Kefloxin 500mg Capsule,Cefadroxil,500mg,Capsule,Sun Pharmaceutical Industries Ltd,strip of 10 capsules,54.86,true
Kemlactin Syrup,Cyproheptadine + Tricholine Citrate,2mg + 275mg,Syrup,Alkem Laboratories Ltd,bottle of 200 ml Syrup,110.0,false
Kemlactin Syrup Orange Sugar Free,Cyproheptadine + Tricholine Citrate,2mg + 275mg,Syrup,Alkem Laboratories Ltd,bottle of 200 ml Syrup,120.0,false
Kemlactin Syrup Strawberry Sugar Free,Cyproheptadine + Tricholine Citrate,2mg + 275mg,Syrup,Alkem Laboratories Ltd,bottle of 200 ml Syrup,120.0,false
Kenacort 4mg Tablet,Triamcinolone,4mg,Tablet,Abbott,strip of 15 tablets,145.95,true
Kenacort 8mg Tablet,Triamcinolone,8mg,Tablet,Abbott,strip of 10 tablets,90.0,true
Kenadol Plus Oral Suspension,Aceclofenac + Paracetamol,100mg/5ml + 125mg/5ml,Suspension,Fawn Incorporation,bottle of 60 ml Oral Suspension,49.5,false
Ketafung 200mg Tablet,Ketoconazole,200mg,Tablet,East West Pharma,strip of 10 tablets,230.0,false
Ketanov 10mg Tablet,Ketorolac,10mg,Tablet,Sun Pharmaceutical Industries Ltd,strip of 10 tablets,82.0,false
Ketanov DT 10mg Tablet,Ketorolac,10mg,Tablet,Sun Pharmaceutical Industries Ltd,strip of 10 tablet dt,87.0,false
Ketanov Eye Drop,Ketorolac,0.5% w/v,Drops,Sun Pharmaceutical Industries Ltd,packet of 5 ml Eye Drop,26.5,false
Ketocip 2% Shampoo,Ketoconazole,2% w/v,Shampoo,Cipla Ltd,bottle of 100 ml Shampoo,305.8,false
Ketocip Shampoo,Ketoconazole,1% w/v,Shampoo,Cipla Ltd,bottle of 100 ml Shampoo,240.35,false
Ketocip Tablet,Ketoconazole,200mg,Tablet,Cipla Ltd,strip of 10 tablets,200.2,false
Ketoflam SR Tablet,Flupirtine,400mg,Tablet,Lupin Ltd,strip of 10 tablet sr,270.5,false
Ketoford 10mg Tablet DT,Ketorolac,10mg,Tablet,Leeford Healthcare Ltd,strip of 10 tablet dt,65.0,false
Ketoford 2% Cream,Ketoconazole,2% w/w,Cream,Leeford Healthcare Ltd,tube of 15 gm Cream,90.0,false
Ketoford Eye Drop,Ketorolac,0.5% w/v,Drops,Leeford Healthcare Ltd,packet of 10 ml Eye Drop,46.0,false
Ketoford Plus Cream,Beclometasone + Ketoconazole,0.025% w/w + 2% w/w,Cream,Leeford Healthcare Ltd,tube of 15 gm Cream,95.0,false
Ketoford-MX Sterile Eye Drops,Ketorolac + Moxifloxacin,0.5% w/v + 0.5% w/v,Drops,Leeford Healthcare Ltd,bottle of 5 ml Ophthalmic Solution,89.0,true
Ketol Anti-Dandruff Shampoo,Ketoconazole,2% w/v,Shampoo,Intas Pharmaceuticals Ltd,bottle of 100 ml Shampoo,142.0,false
Ketol Medicated Soap,Ketoconazole,2% w/w,Soap,Intas Pharmaceuticals Ltd,box of 75 gm Soap,64.5,false
Ketorol Gel,Ketorolac,20mg,Gel,Dr Reddy's Laboratories Ltd,tube of 30 gm Gel,143.0,false
Ketorol Tablet,Ketorolac,10mg,Tablet,Dr Reddy's Laboratories Ltd,strip of 10 tablets,79.6,false
Ketorol-DT Tablet,Ketorolac,10mg,Tablet,Dr Reddy's Laboratories Ltd,strip of 15 tablet dt,146.75,false
Ketoscalp Cream,Ketoconazole,2% w/w,Cream,Leeford Healthcare Ltd,tube of 15 gm Cream,85.0,false
Ketoscalp Tablet,Ketoconazole,200mg,Tablet,Leeford Healthcare Ltd,strip of 10 tablets,155.0,false
Kidrox 100mg Drop,Cefadroxil,100mg,Drops,Cadila Pharmaceuticals Ltd,packet of 10 ml Drop,35.2,true
Kidrox 125mg Syrup,Cefadroxil,125mg,Syrup,Cadila Pharmaceuticals Ltd,bottle of 30 ml Syrup,19.7,true
Kidrox 250mg Syrup,Cefadroxil,250mg,Syrup,Cadila Pharmaceuticals Ltd,bottle of 30 ml Syrup,36.16,true
Klotfree Tablet,Clopidogrel,150mg,Tablet,Zydus Cadila,strip of 10 tablets,70.56,true
Kofcare AM Syrup,Ambroxol + Guaifenesin,,Syrup,Torrent Pharmaceuticals Ltd,bottle of 100 ml Syrup,20.62,false
Korandil 5 Tablet,Nicorandil,5mg,Tablet,Sun Pharmaceutical Industries Ltd,strip of 10 tablets,164.0,false
Kuff D XF Syrup,Phenylephrine + Chlorpheniramine Maleate,5mg + 2mg,Syrup,Intas Pharmaceuticals Ltd,bottle of 50 ml Syrup,40.0,false
Kuff Q LA Syrup,Ambroxol + Guaifenesin,15mg + 50mg,Syrup,Intas Pharmaceuticals Ltd,bottle of 100 ml Syrup,120.0,false
Kuff Q NF Tablet,Bromhexine + Chlorpheniramine Maleate,8mg + 2mg,Tablet,Intas Pharmaceuticals Ltd,strip of 10 tablets,40.5,false
Kuff Q Syrup,Bromhexine + Guaifenesin,2mg + 50mg,Syrup,Intas Pharmaceuticals Ltd,bottle of 50 ml Syrup,31.0,false
Kuff Q Syrup,Bromhexine + Guaifenesin,2mg + 50mg,Syrup,Intas Pharmaceuticals Ltd,bottle of 100 ml Syrup,64.5,false
Kuff Q Tablet,Bromhexine + Chlorpheniramine Maleate,8mg + 2mg,Tablet,Intas Pharmaceuticals Ltd,strip of 10 tablets,40.5,false
Kuff X AP Syrup,Ambroxol + Guaifenesin,,Syrup,Intas Pharmaceuticals Ltd,bottle of 100 ml Syrup,17.5,false
Kuff X NF Syrup,Guaifenesin + Terbutaline,50mg + 1.25mg,Syrup,Intas Pharmaceuticals Ltd,bottle of 100 ml Syrup,81.0,false
Kuff X NF Syrup,Guaifenesin + Terbutaline,50mg + 1.25mg,Syrup,Intas Pharmaceuticals Ltd,bottle of 60 ml Syrup,38.0,false
Kuff X Tablet,Terbutaline + Bromhexine,2.5mg + 8mg,Tablet,Intas Pharmaceuticals Ltd,strip of 10 tablets,5.0,false
Kuff-D Syrup,Phenylpropanolamine + Chlorpheniramine Maleate,1.5mg/5ml + 12.5mg/5ml,Syrup,Intas Pharmaceuticals Ltd,bottle of 100 ml Syrup,76.5,false
Kufftas LS Junior Syrup,Levosalbutamol + Ambroxol,0.5mg + 15mg,Syrup,Intas Pharmaceuticals Ltd,bottle of 60 ml Syrup,71.0,true
Kufftas Syrup,Guaifenesin + Terbutaline,50mg + 1.25mg,Syrup,Intas Pharmaceuticals Ltd,bottle of 100 ml Syrup,42.0,false
Kufftas T Syrup,Ambroxol + Guaifenesin,15mg + 50mg,Syrup,Intas Pharmaceuticals Ltd,bottle of 60 ml Syrup,30.0,false
Kufftas T Syrup,Ambroxol + Guaifenesin,15mg + 50mg,Syrup,Intas Pharmaceuticals Ltd,bottle of 100 ml Syrup,54.0,false
Kufftas-LS Syrup,Levosalbutamol + Ambroxol,1mg/5ml + 30mg/5ml,Syrup,Intas Pharmaceuticals Ltd,bottle of 100 ml Syrup,123.0,true
Kuftive Junior Syrup,Cetirizine + Paracetamol,2.5mg + 125mg,Syrup,Leeford Healthcare Ltd,bottle of 100 ml Syrup,60.0,false
Kuftive-DX Syrup,Chlorpheniramine Maleate + Dextromethorphan Hydrobromide,4mg + 10mg,Syrup,Leeford Healthcare Ltd,bottle of 100 ml Syrup,100.0,false
Kuftive-SG Soft Gelatin Capsule,Phenylephrine + Chlorpheniramine Maleate,5mg + 2mg,Capsule,Leeford Healthcare Ltd,strip of 10 soft gelatin capsules,60.0,false
Kyocef Oral Drops,Cefixime,25mg/ml,Drops,Lifekyor Pharmaceuticals,packet of 10 ml Oral Drops,50.0,true
Kyopod Oral Drops,Cefpodoxime Proxetil,25mg/ml,Drops,Lifekyor Pharmaceuticals,packet of 10 ml Oral Drops,70.0,true
L Cbit A 5mg/75mg Tablet SR,Levocetirizine + Ambroxol,5mg + 75mg,Tablet,Cubit Healthcare,strip of 10 tablet sr,135.0,false
L Cbit AM 2.5mg/5ml/30mg/5ml Oral Suspension,Levocetirizine + Ambroxol,2.5mg/5ml + 30mg/5ml,Suspension,Cubit Healthcare,bottle of 60 ml Oral Suspension,89.0,false
L Cbit Tablet,Levocetirizine,,Tablet,Cubit Healthcare,strip of 10 tablets,20.2,false
L Cetiriz 10mg Tablet,Levocetirizine,10mg,Tablet,Alkem Laboratories Ltd,strip of 10 tablets,39.0,false
L Cetiriz 2.5mg Syrup,Levocetirizine,2.5mg,Syrup,Alkem Laboratories Ltd,bottle of 30 ml Syrup,30.0,false
L Cetra Kid 2.5mg/5mg Tablet,Levocetirizine + Montelukast,2.5mg + 5mg,Tablet,Capri Pharmaceuticals,strip of 10 tablets,59.0,true
L Cetrizet 5mg Tablet,Levocetirizine,5mg,Tablet,Sun Pharmaceutical Industries Ltd,strip of 10 tablets,35.0,false
L Hist 5mg Syrup,Levocetirizine,5mg,Syrup,Alkem Laboratories Ltd,bottle of 30 ml Syrup,35.0,false
L Hist Tablet,Levocetirizine,5mg,Tablet,Alkem Laboratories Ltd,strip of 10 tablets,49.5,false
L Hist Tablet,Levocetirizine,5mg,Tablet,Alkem Laboratories Ltd,strip of 15 tablets,74.0,false
L Montus Kid Forte Tablet,Levocetirizine + Montelukast,2.5mg + 5mg,Tablet,Fourrts India Laboratories Pvt Ltd,strip of 10 tablets,111.0,true
L-Bex-OD Tablet,Methylcobalamin,1500mcg,Tablet,Lincoln Pharmaceuticals Ltd,strip of 10 tablets,119.6,false
L-Cetriver 10 Tablet,Levocetirizine,10mg,Tablet,Leeford Healthcare Ltd,strip of 10 tablets,44.0,false
L-Cetriver Syrup,Levocetirizine,2.5mg,Syrup,Leeford Healthcare Ltd,bottle of 30 ml Syrup,45.0,false
L-Cin 250 Tablet,Levofloxacin,250mg,Tablet,Lupin Ltd,strip of 10 tablets,53.44,true
L-Cin 250mg Tablet,Levofloxacin,250mg,Tablet,Lupin Ltd,strip of 5 tablets,45.2,true
L-Cin 500 Tablet,Levofloxacin,500mg,Tablet,Lupin Ltd,strip of 5 tablets,48.0,true
L-Cin 500 Tablet,Levofloxacin,500mg,Tablet,Lupin Ltd,strip of 10 tablets,100.23,true
L-Cin 750 Tablet,Levofloxacin,750mg,Tablet,Lupin Ltd,strip of 10 tablets,135.25,true
L-Cin A Tablet,Levofloxacin + Ambroxol,500mg + 75mg,Tablet,Lupin Ltd,strip of 5 tablets,94.2,true
L-Cin C Tablet,Cefpodoxime Proxetil + Levofloxacin,200mg + 250mg,Tablet,Lupin Ltd,strip of 10 tablets,168.77,true
L-Cin Infusion,Levofloxacin,500mg,Injection,Lupin Ltd,bottle of 100 ml Infusion,190.0,true
L-Cin OZ Oral Suspension,Levofloxacin + Ornidazole,125mg/5ml + 125mg/5ml,Suspension,Lupin Ltd,bottle of 60 ml Oral Suspension,164.9,true
L-Cin OZ Suspension,Levofloxacin + Ornidazole,125mg/5ml + 125mg/5ml,Suspension,Lupin Ltd,bottle of 30 ml Oral Suspension,77.75,true
L-Cin OZ Tablet,Levofloxacin + Ornidazole,250mg + 500mg,Tablet,Lupin Ltd,strip of 10 tablets,130.85,true
L-Cin Syrup,Levofloxacin,125mg,Solution,Lupin Ltd,bottle of 60 ml Oral Solution,105.0,true
L-Flox IV Infusion,Levofloxacin,500mg,Injection,Lupin Ltd,bottle of 100 ml Infusion,118.75,true
L-Hist Mont FX Tablet,Montelukast + Fexofenadine,10mg + 120mg,Tablet,Alkem Laboratories Ltd,strip of 10 tablets,195.0,true
L-Hist Mont Junior Tablet DT,Levocetirizine + Montelukast,2.5mg + 4mg,Tablet,Alkem Laboratories Ltd,strip of 10 tablet dt,110.0,true
L-Hist Mont Syrup,Levocetirizine + Montelukast,5mg + 10mg,Syrup,Alkem Laboratories Ltd,bottle of 30 ml Syrup,68.0,true
L-Hist Mont Tablet,Levocetirizine + Montelukast,5mg + 10mg,Tablet,Alkem Laboratories Ltd,strip of 10 tablets,178.0,true
L-Hist Syrup,Levocetirizine,2.5mg/5ml,Syrup,Alkem Laboratories Ltd,bottle of 30 ml Syrup,45.0,false
L-Hist Total Tablet,Ambroxol + Levocetirizine,30mg + 5mg,Tablet,Alkem Laboratories Ltd,strip of 10 tablets,41.0,false
L-Trix Lotion,Luliconazole,1% w/v,Lotion,Micro Labs Ltd,bottle of 10 ml Lotion,179.0,true
La Tez 0.05% Gel,Tazarotene,0.05% w/w,Gel,Abbott,tube of 15 gm Gel,150.0,false
La Tez 0.1% Cream,Tazarotene,0.1% w/w,Cream,Abbott,tube of 15 gm Cream,60.0,false
Labebet 100mg Tablet,Labetalol,100mg,Tablet,Sun Pharmaceutical Industries Ltd,strip of 10 tablets,182.0,true
Labebet 50mg Tablet,Labetalol,50mg,Tablet,Sun Pharmaceutical Industries Ltd,strip of 10 tablets,122.0,true
Laconext 100 Tablet,Lacosamide,100mg,Tablet,Lupin Ltd,strip of 15 tablets,207.0,true
Laconext 150 Tablet,Lacosamide,150mg,Tablet,Lupin Ltd,strip of 10 tablets,186.1,true
Laconext 200 Tablet,Lacosamide,200mg,Tablet,Lupin Ltd,strip of 15 tablets,377.1,true
Laconext 200 Tablet,Lacosamide,200mg,Tablet,Lupin Ltd,strip of 10 tablets,251.4,true
Laconext 50 Tablet,Lacosamide,50mg,Tablet,Lupin Ltd,strip of 15 tablets,108.45,true
Lacopsy 100mg Tablet,Lacosamide,100mg,Tablet,Cipla Ltd,strip of 10 tablets,125.65,true
Lacopsy 50mg Tablet,Lacosamide,50mg,Tablet,Cipla Ltd,strip of 10 tablets,69.3,true
Lacosam 100 Tablet,Lacosamide,100mg,Tablet,Torrent Pharmaceuticals Ltd,strip of 15 tablets,266.4,true
Lacosam 150 Tablet,Lacosamide,150mg,Tablet,Torrent Pharmaceuticals Ltd,strip of 15 tablets,343.7,true
Lacosam 15mg Syrup,Lacosamide,15mg/ml,Syrup,Torrent Pharmaceuticals Ltd,bottle of 200 ml Syrup,505.75,true
Lacosam 200 Tablet,Lacosamide,200mg,Tablet,Torrent Pharmaceuticals Ltd,strip of 15 tablets,443.65,true
Lacosam 50 Tablet,Lacosamide,50mg,Tablet,Torrent Pharmaceuticals Ltd,strip of 15 tablets,139.2,true
Lacoset 100 Tablet,Lacosamide,100mg,Tablet,Sun Pharmaceutical Industries Ltd,strip of 10 tablets,161.0,true
Lacoset 150 Tablet,Lacosamide,150mg,Tablet,Sun Pharmaceutical Industries Ltd,strip of 10 tablets,217.0,true
Lacoset 200 Tablet,Lacosamide,200mg,Tablet,Sun Pharmaceutical Industries Ltd,strip of 10 tablets,275.0,true
Lacoset 50 Tablet,Lacosamide,50mg,Tablet,Sun Pharmaceutical Industries Ltd,strip of 10 tablets,84.0,true
Lacotide 100mg Tablet,Lacosamide,100mg,Tablet,Intas Pharmaceuticals Ltd,strip of 10 tablets,156.0,true
Lacotide 150mg Tablet,Lacosamide,150mg,Tablet,Intas Pharmaceuticals Ltd,strip of 10 tablets,186.0,true
Lacotide 200mg Tablet,Lacosamide,200mg,Tablet,Intas Pharmaceuticals Ltd,strip of 10 tablets,235.0,true
Lacotide 50 Tablet,Lacosamide,50mg,Tablet,Intas Pharmaceuticals Ltd,strip of 10 tablets,82.5,true
Lacoxa 15mg Syrup,Lacosamide,15mg/5ml,Syrup,Abbott,bottle of 100 ml Syrup,229.9,true
Lacrimos Gel,Carboxymethylcellulose,1% w/v,Drops,Lupin Ltd,bottle of 10 ml Eye Drop,147.76,false
Lametec 100 DT Tablet,Lamotrigine,100mg,Tablet,Cipla Ltd,strip of 10 tablet dt,312.57,true
Lametec 200 OD Tablet,Lamotrigine,200mg,Tablet,Cipla Ltd,strip of 10 tablet sr,300.0,true
Lametec 200mg Tablet DT,Lamotrigine,200mg,Tablet,Cipla Ltd,strip of 10 tablet dt,215.13,true
Lametec Kid Tablet DT,Lamotrigine,5mg,Tablet,Cipla Ltd,strip of 10 tablet dt,21.95,true
Lamez 100 Tablet,Lamotrigine,100mg,Tablet,Intas Pharmaceuticals Ltd,strip of 10 tablets,207.0,true
Lamez 25 Tablet DT,Lamotrigine,25mg,Tablet,Intas Pharmaceuticals Ltd,strip of 10 tablet dt,65.0,true
Lamez 50 Tablet DT,Lamotrigine,50mg,Tablet,Intas Pharmaceuticals Ltd,strip of 10 tablet dt,107.0,true
Lamez OD 100 Tablet SR,Lamotrigine,100mg,Tablet,Intas Pharmaceuticals Ltd,strip of 10 tablet sr,299.0,true
Lamez OD 150 Tablet SR,Lamotrigine,150mg,Tablet,Intas Pharmaceuticals Ltd,strip of 10 tablet sr,402.0,true
Lamez OD 200 Tablet SR,Lamotrigine,200mg,Tablet,Intas Pharmaceuticals Ltd,strip of 10 tablet sr,514.0,true
Lamez OD 25 Tablet SR,Lamotrigine,25mg,Tablet,Intas Pharmaceuticals Ltd,strip of 10 tablet sr,72.0,true
Lamez OD 50 Tablet SR,Lamotrigine,50mg,Tablet,Intas Pharmaceuticals Ltd,strip of 10 tablet sr,164.0,true
Lamitor DT 100 Tablet,Lamotrigine,100mg,Tablet,Torrent Pharmaceuticals Ltd,strip of 15 tablet dt,481.0,true
Lamitor DT 25 Tablet,Lamotrigine,25mg,Tablet,Torrent Pharmaceuticals Ltd,strip of 15 tablet dt,143.9,true
Lamitor DT 25 Tablet,Lamotrigine,25mg,Tablet,Torrent Pharmaceuticals Ltd,strip of 10 tablet dt,79.45,true
Lamitor DT 50 Tablet,Lamotrigine,50mg,Tablet,Torrent Pharmaceuticals Ltd,strip of 15 tablet dt,242.85,true
Lamitor DT 50 Tablet,Lamotrigine,50mg,Tablet,Torrent Pharmaceuticals Ltd,strip of 10 tablet dt,201.15,true
Lamitor DT 5mg Tablet,Lamotrigine,5mg,Tablet,Torrent Pharmaceuticals Ltd,strip of 10 tablet dt,10.2,true
Lamitor OD 100 Tablet SR,Lamotrigine,100mg,Tablet,Torrent Pharmaceuticals Ltd,strip of 10 tablet sr,308.0,true
Lamitor OD 150mg Tablet,Lamotrigine,150mg,Tablet,Torrent Pharmaceuticals Ltd,strip of 10 tablets,169.0,true
Lamitor OD 200 Tablet SR,Lamotrigine,200mg,Tablet,Torrent Pharmaceuticals Ltd,strip of 10 tablet sr,523.35,true
Lamitor OD 25 Tablet SR,Lamotrigine,25mg,Tablet,Torrent Pharmaceuticals Ltd,strip of 10 tablet sr,58.0,true
Lamitor OD 50 Tablet SR,Lamotrigine,50mg,Tablet,Torrent Pharmaceuticals Ltd,strip of 10 tablet sr,164.85,true
Lamox 250mg/125mg Syrup,Amoxycillin + Clavulanic Acid,250mg + 125mg,Syrup,Hallmark Formulations Pharmaceuticals,bottle of 30 ml Syrup,97.0,true
LAN 15 Capsule,Lansoprazole,15mg,Capsule,Intas Pharmaceuticals Ltd,strip of 10 capsules,64.0,true
LAN 30 Capsule,Lansoprazole,30mg,Capsule,Intas Pharmaceuticals Ltd,strip of 10 capsules,117.0,true
Lans 30mg Capsule,Lansoprazole,30mg,Capsule,Zydus Cadila,strip of 10 capsules,70.0,true
Lans OD 30mg Capsule,Lansoprazole,30mg,Capsule,Zydus Cadila,strip of 10 capsules,70.73,true
Lantus 100IU/ml Solution for Injection,Insulin Glargine,100IU,Injection,Sanofi India Ltd,cartridge of 3 ml Solution for Injection,794.0,true
Lantus 100IU/ml Solution for Injection,Insulin Glargine,100IU,Injection,Sanofi India Ltd,vial of 10 ml Solution for Injection,2983.01,true
Lantus Solostar 100IU/ml Solution for Injection,Insulin Glargine,100IU/ml,Injection,Sanofi India Ltd,pre-filled pen of 3 ml Solution for Injection,1099.11,true
Lasix Injection,Furosemide,10mg/ml,Injection,Sanofi India Ltd,vial of 4 ml Injection,12.28,true
Lasix Tablet,Furosemide,40mg,Tablet,Sanofi India Ltd,strip of 15 tablets,13.94,true
Laveta Cold Tablet,Caffeine + Chlorpheniramine Maleate,30mg + 2mg,Tablet,Alembic Pharmaceuticals Ltd,strip of 10 tablets,38.5,false
Laveta-A Capsule SR,Levocetirizine + Ambroxol,5mg + 75mg,Capsule,Alembic Pharmaceuticals Ltd,strip of 10 capsule sr,118.8,false
LB Cef 100mg/40Million spores Tablet,Cefixime + Lactobacillus,100mg + 40Million spores,Tablet,Wallace Pharmaceuticals Pvt Ltd,strip of 4 tablets,33.72,true
LB Cef Oral Suspension,Cefixime + Lactobacillus,50mg + 40Million cells,Suspension,Wallace Pharmaceuticals Pvt Ltd,bottle of 30 ml Oral Suspension,45.0,true
LC 2.5mg Tablet,Levocetirizine,2.5mg,Tablet,Troikaa Pharmaceuticals Ltd,strip of 10 tablets,23.25,false
LCD 110 Tablet,Levodopa + Carbidopa,100mg + 10mg,Tablet,Intas Pharmaceuticals Ltd,strip of 10 tablets,18.68,true
LCD 275 Tablet,Levodopa + Carbidopa,250mg + 25mg,Tablet,Intas Pharmaceuticals Ltd,strip of 10 tablets,44.93,true
LCZ-Mont Suspension,Levocetirizine + Montelukast,5mg + 10mg,Suspension,Rapross Pharmaceuticals Pvt Ltd,bottle of 60 ml Oral Suspension,96.0,true
Lecet AM 5 mg/60 mg Tablet,Levocetirizine + Ambroxol,5mg + 60mg,Tablet,Biochem Pharmaceutical Industries,strip of 10 tablets,76.1,false
Lecet AM Syrup,Levocetirizine + Ambroxol,2.5mg/5ml + 30mg/5ml,Syrup,Biochem Pharmaceutical Industries,bottle of 60 ml Syrup,72.35,false
Lecof-C Syrup,Codeine + Triprolidine,10mg + 1.25mg,Syrup,Mankind Pharma Ltd,bottle of 100 ml Syrup,130.0,true
Lectimox CV BD Dry Syrup,Amoxycillin + Clavulanic Acid,500mg + 125mg,Syrup,Lancer Health Care Pvt Ltd,bottle of 30 ml Dry Syrup,65.0,true
Lee Dott Capsule,Racecadotril,100mg,Capsule,Leeford Healthcare Ltd,strip of 10 capsules,159.0,false
Lee Dott-RC Oral Suspension Strawberry,Racecadotril + Ofloxacin,15mg + 50mg,Suspension,Leeford Healthcare Ltd,bottle of 30 ml Oral Suspension,85.0,true
Leekuf Soft Gelatin Capsule,Phenylephrine + Chlorpheniramine Maleate,5mg + 2mg,Capsule,Leeford Healthcare Ltd,strip of 10 soft gelatin capsules,60.0,false
Leemol 125mg/5ml Syrup,Paracetamol,125mg/5ml,Syrup,Leeford Healthcare Ltd,bottle of 60 ml Syrup,12.48,false
Leemol Activ 50mg/650mg Tablet,Caffeine + Paracetamol,50mg + 650mg,Tablet,Leeford Healthcare Ltd,strip of 10 tablets,30.0,false
Leemol DC Syrup,Dicyclomine + Paracetamol,20mg + 325mg,Syrup,Leeford Healthcare Ltd,bottle of 60 ml Syrup,50.0,false
Leemol DM 10mg/500mg Syrup,Domperidone + Paracetamol,10mg + 500mg,Syrup,Leeford Healthcare Ltd,bottle of 60 ml Syrup,22.5,true
Leemol Drop,Paracetamol,,Drops,Leeford Healthcare Ltd,packet of 15 ml Drop,19.06,false
Leemol Plus 250mg/5ml Syrup,Paracetamol,250mg/5ml,Syrup,Leeford Healthcare Ltd,bottle of 60 ml Syrup,39.5,false
Leemol Spas DS Oral Suspension,Mefenamic Acid + Paracetamol,100mg + 250mg,Suspension,Leeford Healthcare Ltd,bottle of 60 ml Oral Suspension,65.0,false
Leemol Spas Suspension,Mefenamic Acid + Paracetamol,50mg/5ml + 125mg/5ml,Suspension,Leeford Healthcare Ltd,bottle of 60 ml Suspension,60.0,false
Leerex-DX Syrup,Chlorpheniramine Maleate + Dextromethorphan Hydrobromide,4mg + 10mg,Syrup,Leeford Healthcare Ltd,bottle of 100 ml Syrup,100.0,false
Leerex-DX Syrup,Chlorpheniramine Maleate + Dextromethorphan Hydrobromide,4mg + 10mg,Syrup,Leeford Healthcare Ltd,bottle of 60 ml Syrup,55.0,false
Leezole Gel,Clotrimazole,2% w/w,Gel,Leeford Healthcare Ltd,tube of 30 gm Vaginal gel,95.0,false
Leezole-3 -Kit Tablet,Fluconazole + Azithromycin,150mg + 1000mg,Tablet,Leeford Healthcare Ltd,strip of 4 tablets,44.25,true
Lelet AX 5mg/75mg Tablet SR,Levocetirizine + Ambroxol,5mg + 75mg,Tablet,Ikon Remedies Pvt Ltd,strip of 10 tablet sr,74.5,false
Leon 250mg Infusion,Levofloxacin,250mg,Injection,Dr Reddy's Laboratories Ltd,bottle of 100 ml Infusion,73.23,true
Lesuride MPS Chewable Tablet,Levosulpiride,25mg,Tablet,Sun Pharmaceutical Industries Ltd,strip of 10 Chewable Tablets,101.0,false
Lesuride OD 75 Tablet,Levosulpiride,75mg,Tablet,Sun Pharmaceutical Industries Ltd,strip of 10 tablet sr,218.0,false
Lesuride Tablet,Levosulpiride,25mg,Tablet,Sun Pharmaceutical Industries Ltd,strip of 10 tablets,107.0,false
Lethyrox 100 Tablet,Thyroxine,100mcg,Tablet,Intas Pharmaceuticals Ltd,bottle of 100 tablets,148.96,true
Lethyrox 100mcg Tablet,Thyroxine,100mcg,Tablet,Intas Pharmaceuticals Ltd,strip of 30 tablets,35.32,true
Lethyrox 12.5 Tablet,Thyroxine,12.5mcg,Tablet,Intas Pharmaceuticals Ltd,bottle of 50 tablets,60.84,true
Lethyrox 125 Tablet,Thyroxine,125mcg,Tablet,Intas Pharmaceuticals Ltd,bottle of 50 tablets,86.24,true
Lethyrox 150 Tablet,Thyroxine,150mcg,Tablet,Intas Pharmaceuticals Ltd,bottle of 50 tablets,82.41,true
Lethyrox 25 Tablet,Thyroxine,25mcg,Tablet,Intas Pharmaceuticals Ltd,bottle of 100 tablets,131.65,true
Lethyrox 50 Tablet,Thyroxine,50mcg,Tablet,Intas Pharmaceuticals Ltd,bottle of 100 tablets,123.2,true
Lethyrox 75 Tablet,Thyroxine,75mcg,Tablet,Intas Pharmaceuticals Ltd,bottle of 100 tablets,161.28,true
Lethyrox 88 Tablet,Thyroxine,88mcg,Tablet,Intas Pharmaceuticals Ltd,bottle of 50 tablets,82.55,true
Levacetam 100mg Syrup,Levetiracetam,100mg,Syrup,Micro Labs Ltd,bottle of 100 ml Syrup,390.0,true
Levazeo SR 75 Tablet,Levosulpiride,75mg,Tablet,Torrent Pharmaceuticals Ltd,strip of 10 tablet er,208.3,false
Levelfox 125mg Syrup,Levofloxacin,125mg,Syrup,Leeford Healthcare Ltd,bottle of 60 ml Syrup,85.0,true
Levelfox-OZ Oral Suspension,Levofloxacin + Ornidazole,50mg + 125mg,Suspension,Leeford Healthcare Ltd,bottle of 30 ml Oral Suspension,75.0,true
Levenue 100mg Injection,Levetiracetam,100mg,Injection,Alkem Laboratories Ltd,vial of 5 ml Injection,74.47,true
Levenue Oral Solution,Levetiracetam,100mg,Solution,Alkem Laboratories Ltd,bottle of 100 ml Oral Solution,452.98,true
Levepsy 500mg Injection,Levetiracetam,500mg,Injection,Cipla Ltd,vial of 5 ml Injection,121.8,true
Levepsy Syrup,Levetiracetam,100mg/ml,Solution,Cipla Ltd,bottle of 100 ml Oral Solution,393.14,true
Levera 1000 Tablet,Levetiracetam,1000mg,Tablet,Intas Pharmaceuticals Ltd,strip of 10 tablets,409.92,true
Levera 250 Tablet,Levetiracetam,250mg,Tablet,Intas Pharmaceuticals Ltd,strip of 10 tablets,65.63,true
Levera 250 Tablet,Levetiracetam,250mg,Tablet,Intas Pharmaceuticals Ltd,strip of 15 tablets,98.45,true
Levera 500 Tablet,Levetiracetam,500mg,Tablet,Intas Pharmaceuticals Ltd,strip of 15 tablets,199.08,true
Levera 750 Tablet,Levetiracetam,750mg,Tablet,Intas Pharmaceuticals Ltd,strip of 10 tablets,204.18,true
Levera DT 250 Tablet,Levetiracetam,250mg,Tablet,Intas Pharmaceuticals Ltd,strip of 10 tablet dt,65.63,true
Levera DT 500 Tablet,Levetiracetam,500mg,Tablet,Intas Pharmaceuticals Ltd,strip of 10 tablet dt,132.72,true
Levera Injection,Levetiracetam,100mg,Injection,Intas Pharmaceuticals Ltd,vial of 5 ml Injection,122.47,true
Levera Rtu 1000 Infusion,Levetiracetam,1000mg,Injection,Intas Pharmaceuticals Ltd,bottle of 100 ml Infusion,179.5,true
Levera Rtu 1500 Infusion,Levetiracetam,1500mg,Injection,Intas Pharmaceuticals Ltd,bottle of 100 ml Infusion,249.0,true
Levera Rtu 500 Infusion,Levetiracetam,500mg,Injection,Intas Pharmaceuticals Ltd,bottle of 100 ml Infusion,110.5,true
Levera Solution,Levetiracetam,100mg/ml,Solution,Intas Pharmaceuticals Ltd,bottle of 100 ml Oral Solution,409.92,true
Levera Solution,Levetiracetam,100mg/ml,Solution,Intas Pharmaceuticals Ltd,bottle of 200 ml Oral Solution,785.47,true
Levera XR 1000 Tablet,Levetiracetam,1000mg,Tablet,Intas Pharmaceuticals Ltd,strip of 10 Tablet pr,440.0,true
Levera XR 500 Tablet,Levetiracetam,500mg,Tablet,Intas Pharmaceuticals Ltd,strip of 10 Tablet pr,198.0,true
Levera XR 750 Tablet,Levetiracetam,750mg,Tablet,Intas Pharmaceuticals Ltd,strip of 10 Tablet pr,195.22,true
Levesam Injection,Levetiracetam,100mg,Injection,Abbott,vial of 5 ml Injection,119.5,true
Levesam Oral Solution,Levetiracetam,500mg/5ml,Solution,Abbott,bottle of 100 ml Oral Solution,452.61,true
Levexx Syrup,Levetiracetam,100mg,Syrup,Zydus Cadila,bottle of 100 ml Syrup,406.9,true
Levipil 1g Tablet,Levetiracetam,1000mg,Tablet,Sun Pharmaceutical Industries Ltd,strip of 10 tablets,312.0,true
Levipil 250 Tablet,Levetiracetam,250mg,Tablet,Sun Pharmaceutical Industries Ltd,strip of 10 tablets,65.61,true
Levipil 500 Tablet,Levetiracetam,500mg,Tablet,Sun Pharmaceutical Industries Ltd,strip of 15 tablets,193.08,true
Levipil 750 Tablet,Levetiracetam,750mg,Tablet,Sun Pharmaceutical Industries Ltd,strip of 10 tablets,203.94,true
Levipil Injection,Levetiracetam,100mg,Injection,Sun Pharmaceutical Industries Ltd,vial of 5 ml Injection,122.45,true
Levipil Syrup,Levetiracetam,100mg/ml,Syrup,Sun Pharmaceutical Industries Ltd,bottle of 100 ml Syrup,408.95,true
Levipil XR 1g Tablet,Levetiracetam,1000mg,Tablet,Sun Pharmaceutical Industries Ltd,strip of 10 Tablet pr,394.0,true
Levipil XR 500 Tablet,Levetiracetam,500mg,Tablet,Sun Pharmaceutical Industries Ltd,strip of 10 Tablet pr,197.0,true
Levipil XR 750 Tablet,Levetiracetam,750mg,Tablet,Sun Pharmaceutical Industries Ltd,strip of 10 Tablet pr,195.22,true
Levipride 100mg Tablet,Levosulpiride,100mg,Tablet,Intas Pharmaceuticals Ltd,strip of 10 tablets,244.0,false
Levipride 50mg Tablet,Levosulpiride,50mg,Tablet,Intas Pharmaceuticals Ltd,strip of 10 tablets,131.0,false
Levobact 0.5% Eye Drop,Levofloxacin,0.5%,Drops,Micro Labs Ltd,packet of 5 ml Eye Drop,113.0,true
Levocet 10mg Tablet,Levocetirizine,10mg,Tablet,Hetero Healthcare Limited,strip of 15 tablets,105.0,false
Levocet LM Syrup,Levocetirizine + Montelukast,2.5mg/5ml + 4mg/5ml,Syrup,Aarcin Pharmaceutical LLP,bottle of 60 ml Syrup,80.0,true
Levocet M Kid Tablet MD,Levocetirizine + Montelukast,2.5mg + 4mg,Tablet,Hetero Drugs Ltd,strip of 10 tablet md,46.2,true
Levocet M Syrup,Levocetirizine + Montelukast,2.5mg/5ml + 4mg/5ml,Syrup,Hetero Drugs Ltd,bottle of 60 ml Syrup,100.65,true
Levocet M Tablet,Levocetirizine + Montelukast,5mg + 10mg,Tablet,Hetero Drugs Ltd,strip of 10 tablets,99.0,true
Levocet MT 5mg/10mg Tablet,Levocetirizine + Montelukast,5mg + 10mg,Tablet,Aarcin Pharmaceutical LLP,strip of 10 tablets,95.0,true
Levocet MT Oral Suspension,Levocetirizine + Montelukast,2.5mg + 4mg,Suspension,Tresco Lab,bottle of 60 ml Oral Suspension,67.0,true
Levocet Syrup,Levocetirizine,2.5mg/5ml,Syrup,Hetero Healthcare Limited,bottle of 60 ml Syrup,84.0,false
Levocet Tablet,Levocetirizine,5mg,Tablet,Hetero Healthcare Limited,strip of 10 tablets,47.0,false
Levocet-D Plus Tablet,Levocetirizine + Phenylephrine,5mg + 10mg,Tablet,Hetero Drugs Ltd,strip of 10 tablets,51.5,false
Levocet-D Tablet,Levocetirizine + Phenylephrine,5mg + 10mg,Tablet,Hetero Drugs Ltd,strip of 10 tablets,51.5,false
Levocet-MT Tablet,Levocetirizine + Montelukast,5mg + 10mg,Tablet,Tresco Lab,strip of 10 tablets,110.0,true
Levocetzine Syrup,Levocetirizine,,Syrup,Leeford Healthcare Ltd,bottle of 30 ml Syrup,35.0,false
Levocetzine Tablet,Levocetirizine,,Tablet,Leeford Healthcare Ltd,strip of 10 tablets,32.0,false
Levoflox 750 Tablet,Levofloxacin,750mg,Tablet,Cipla Ltd,strip of 5 tablets,67.93,true
Levogen Tablet,Levofloxacin,,Tablet,Leeford Healthcare Ltd,strip of 10 tablets,43.3,true
Levogold 25mg Tablet,Levosulpiride,25mg,Tablet,Lupin Ltd,strip of 10 tablets,53.0,false
Levogold 50mg Tablet,Levosulpiride,50mg,Tablet,Lupin Ltd,strip of 10 tablets,79.0,false
Levogold OD 75mg Tablet,Levosulpiride,75mg,Tablet,Lupin Ltd,strip of 10 tablets,125.0,false
Levogold R 25mg Capsule,Levosulpiride,25mg,Capsule,Lupin Ltd,strip of 10 capsules,150.0,false
Levokem 500mg Infusion,Levofloxacin,500mg,Injection,Alkem Laboratories Ltd,bottle of 100 ml Infusion,27.25,true
Levolin 1 Tablet,Levosalbutamol,1mg,Tablet,Cipla Ltd,strip of 10 tablets,7.1,true
Levolin 1mg Syrup,Levosalbutamol,1mg/5ml,Syrup,Cipla Ltd,bottle of 100 ml Syrup,26.64,true
Levolin 2 Tablet,Levosalbutamol,2mg,Tablet,Cipla Ltd,strip of 10 tablets,11.37,true
Levolin Plus Jr Expectorant,Ambroxol + Levosalbutamol,15mg + 0.5mg,Syrup,Cipla Ltd,bottle of 100 ml Expectorant,86.51,true
Levolin Plus Syrup,Ambroxol + Levosalbutamol,30mg/5ml + 1mg/5ml,Syrup,Cipla Ltd,bottle of 100 ml Syrup,115.13,true
Levolin Plus Syrup Pineapple & Black currant,Ambroxol + Levosalbutamol,30mg/5ml + 1mg/5ml,Syrup,Cipla Ltd,bottle of 100 ml Syrup,104.67,true
Levolin Plus Syrup Sugar Free Mango,Ambroxol + Levosalbutamol,30mg/5ml + 1mg/5ml,Syrup,Cipla Ltd,bottle of 100 ml Syrup,115.13,true
Levomac AZ 250 Tablet,Levofloxacin + Azithromycin,250mg + 250mg,Tablet,Macleods Pharmaceuticals Pvt Ltd,strip of 5 tablets,84.7,true
Levomac AZ Syrup,Levofloxacin + Azithromycin,,Syrup,Macleods Pharmaceuticals Pvt Ltd,bottle of 50 ml Syrup,132.0,true
Levomac AZ Tablet,Levofloxacin + Azithromycin,500mg + 500mg,Tablet,Macleods Pharmaceuticals Pvt Ltd,strip of 5 tablets,145.2,true
Levomac Oral Solution,Levofloxacin,125mg,Solution,Macleods Pharmaceuticals Pvt Ltd,bottle of 60 ml Oral Solution,95.7,true
Levomac OZ Tablet,Levofloxacin + Ornidazole,250mg + 500mg,Tablet,Macleods Pharmaceuticals Pvt Ltd,strip of 10 tablets,108.0,true
Levomil 20 Capsule ER,Levomilnacipran,20mg,Capsule,Intas Pharmaceuticals Ltd,strip of 10 capsule er,97.0,false
Levomil 40 Capsule ER,Levomilnacipran,40mg,Capsule,Intas Pharmaceuticals Ltd,strip of 10 capsule er,163.0,false
Levomil 80mg Tablet,Levomilnacipran,80mg,Tablet,Intas Pharmaceuticals Ltd,strip of 10 tablets,199.0,false
Levomol 150mg Tablet,Levamisole,150mg,Tablet,Cipla Ltd,strip of 1 Tablet,15.7,false
Levomol 50mg Tablet,Levamisole,50mg,Tablet,Cipla Ltd,strip of 1 Tablet,7.75,false
Levoquin OZ Tablet,Levofloxacin + Ornidazole,250mg + 500mg,Tablet,Cipla Ltd,strip of 10 tablets,45.0,true
Levorid AX 5mg/75mg Tablet,Levocetirizine + Ambroxol,5mg + 75mg,Tablet,Cipla Ltd,strip of 10 tablets,55.0,false
Levosetride D Tablet,Levocetirizine,,Tablet,Wockhardt Ltd,strip of 10 tablets,4.75,false
Levotop Eye Drop,Levofloxacin,0.5%,Drops,Ajanta Pharma Ltd,packet of 5 ml Eye Drop,39.96,true
Levotop Pds Eye Drop,Ofloxacin,,Drops,Ajanta Pharma Ltd,packet of 5 ml Eye Drop,73.88,true
Levozet 2.5mg Suspension,Levocetirizine,2.5mg,Suspension,Cadila Pharmaceuticals Ltd,bottle of 30 ml Suspension,9.93,false
Levozet AM 75mg/5mg/10mg Tablet,Ambroxol + Levocetirizine,75mg + 5mg,Tablet,Cadila Pharmaceuticals Ltd,strip of 10 tablets,120.0,false
Levozet M Syrup,Levocetirizine + Montelukast,2.5mg + 4mg,Syrup,Cadila Pharmaceuticals Ltd,bottle of 60 ml Syrup,75.0,true
Levozin M Suspension,Levocetirizine + Montelukast,5mg + 10mg,Suspension,Moraceae Pharmaceuticals Pvt Ltd,bottle of 60 ml Suspension,49.0,true
Levtam 100mg Syrup,Levetiracetam,100mg,Syrup,Torrent Pharmaceuticals Ltd,bottle of 100 ml Syrup,342.68,true
Lexin 250mg Capsule,Cefalexin,250mg,Capsule,Intas Pharmaceuticals Ltd,strip of 10 capsules,62.0,true
Lexin 500mg Capsule,Cefalexin,500mg,Capsule,Intas Pharmaceuticals Ltd,strip of 10 capsules,125.0,true
Lezo 30mg Capsule,Lansoprazole,30mg,Capsule,Cadila Pharmaceuticals Ltd,strip of 10 capsules,42.5,true
Lezo AM Capsule,Levocetirizine + Ambroxol,5mg + 75mg,Capsule,Cadila Pharmaceuticals Ltd,strip of 10 capsules,51.71,false
Lezyncet 10 Tablet DT,Levocetirizine,10mg,Tablet,Torrent Pharmaceuticals Ltd,strip of 10 tablet dt,99.05,false
Lezyncet 2.5mg/5ml Syrup,Levocetirizine,2.5mg/5ml,Syrup,Torrent Pharmaceuticals Ltd,bottle of 30 ml Syrup,58.65,false
Lezyncet A Tablet,Levocetirizine + Ambroxol,2.5mg + 60mg,Tablet,Torrent Pharmaceuticals Ltd,strip of 10 tablets,62.86,false
Lezyncet Cold Tablet,Levocetirizine + Phenylephrine,,Tablet,Torrent Pharmaceuticals Ltd,strip of 10 tablets,36.97,false
Lezyncet D Tablet,Levocetirizine + Phenylephrine,2.5mg + 10mg,Tablet,Torrent Pharmaceuticals Ltd,strip of 10 tablets,89.55,false
Lezyncet-M Suspension,Levocetirizine + Montelukast,5mg + 10mg,Suspension,Torrent Pharmaceuticals Ltd,bottle of 60 ml Suspension,78.95,true
Lezyncet-M Tablet,Levocetirizine + Montelukast,5mg + 10mg,Tablet,Torrent Pharmaceuticals Ltd,strip of 10 tablets,138.4,true
Lincotus DX Dry Cough Formula,Ambroxol + Dextromethorphan Hydrobromide,15mg/5ml + 10mg/5ml,Syrup,Macleods Pharmaceuticals Pvt Ltd,bottle of 100 ml Dry Syrup,94.5,false
Lincotus LS Expectorant Sugar Free,Levosalbutamol + Ambroxol,1mg/5ml + 30mg/5ml,Syrup,Macleods Pharmaceuticals Pvt Ltd,bottle of 100 ml Expectorant,90.75,true
Lincotus PD Expectorant,Ambroxol + Levosalbutamol,15mg/5ml + 0.5mg/5ml,Syrup,Macleods Pharmaceuticals Pvt Ltd,bottle of 60 ml Expectorant,78.0,true
Linid OD Tablet,Linezolid,1200mg,Tablet,Zydus Cadila,strip of 5 tablets,477.1,true
Linid Tablet,Linezolid,600mg,Tablet,Zydus Cadila,strip of 10 tablets,410.8,true
Linospan 100 DT Tablet,Linezolid,100mg,Tablet,Cipla Ltd,strip of 10 tablet dt,392.64,true
Linospan 600 Tablet,Linezolid,600mg,Tablet,Cipla Ltd,strip of 10 tablets,410.92,true
Linox 200mg Infusion,Linezolid,200mg,Injection,Torrent Pharmaceuticals Ltd,bottle of 100 ml Infusion,357.13,true
Linox 600 Tablet,Linezolid,600mg,Tablet,Torrent Pharmaceuticals Ltd,strip of 10 tablets,410.6,true
Linox 600mg Infusion,Linezolid,600mg,Injection,Torrent Pharmaceuticals Ltd,bottle of 300 ml Infusion,599.3,true
Linox Life 600mg Injection,Linezolid,600mg,Injection,Torrent Pharmaceuticals Ltd,vial of 300 ml Injection,383.8,true
Linox OD 1200mg Tablet,Linezolid,1200mg,Tablet,Torrent Pharmaceuticals Ltd,strip of 5 tablets,380.15,true
Linox Total Tablet,Cefixime + Linezolid,200mg + 600mg,Tablet,Torrent Pharmaceuticals Ltd,strip of 10 tablets,370.0,true
Linox XT Tablet,Cefuroxime + Linezolid,500mg + 600mg,Tablet,Torrent Pharmaceuticals Ltd,strip of 10 tablets,538.0,true
Liofen 10 Tablet,Baclofen,10mg,Tablet,Sun Pharmaceutical Industries Ltd,strip of 10 tablets,125.2,true
Liofen 25 Tablet,Baclofen,25mg,Tablet,Sun Pharmaceutical Industries Ltd,strip of 10 tablets,330.0,true
Liofen 40mg Capsule XL,Baclofen,40mg,Capsule,Sun Pharmaceutical Industries Ltd,strip of 10 capsule xl,485.0,true
Liofen 5 Tablet,Baclofen,5mg,Tablet,Sun Pharmaceutical Industries Ltd,strip of 10 tablets,64.5,true
Liofen XL 10 Capsule,Baclofen,10mg,Capsule,Sun Pharmaceutical Industries Ltd,strip of 10 capsule er,205.0,true
Liofen XL 20 Capsule,Baclofen,20mg,Capsule,Sun Pharmaceutical Industries Ltd,strip of 10 capsule er,335.0,true
Liofen XL 30 Capsule,Baclofen,30mg,Capsule,Sun Pharmaceutical Industries Ltd,strip of 10 capsule er,395.0,true
Lipi EZ 20 Tablet,Atorvastatin + Ezetimibe,20mg + 10mg,Tablet,Intas Pharmaceuticals Ltd,strip of 10 tablets,304.0,true
Lipi EZ 40 Tablet,Atorvastatin + Ezetimibe,40mg + 10mg,Tablet,Intas Pharmaceuticals Ltd,strip of 10 tablets,436.0,true
Lipicor N Tablet,Atorvastatin + Vitamin B3(Nicotinic Acid),10mg + 500mg,Tablet,Intas Pharmaceuticals Ltd,strip of 10 tablets,87.16,true
Lipicure 10 Tablet,Atorvastatin,10mg,Tablet,Intas Pharmaceuticals Ltd,strip of 20 tablets,136.42,true
Lipicure 10 Tablet,Atorvastatin,10mg,Tablet,Intas Pharmaceuticals Ltd,strip of 10 tablets,22.4,true
Lipicure 20 Tablet,Atorvastatin,20mg,Tablet,Intas Pharmaceuticals Ltd,strip of 15 tablets,247.8,true
Lipicure 30 Tablet,Atorvastatin,30mg,Tablet,Intas Pharmaceuticals Ltd,strip of 10 tablets,149.0,true
Lipicure 40 Tablet,Atorvastatin,40mg,Tablet,Intas Pharmaceuticals Ltd,strip of 15 tablets,359.86,true
Lipicure 40mg Tablet,Atorvastatin,40mg,Tablet,Intas Pharmaceuticals Ltd,strip of 10 tablets,214.0,true
Lipicure 5 Tablet,Atorvastatin,5mg,Tablet,Intas Pharmaceuticals Ltd,strip of 10 tablets,66.0,true
Lipicure 60 Tablet,Atorvastatin,60mg,Tablet,Intas Pharmaceuticals Ltd,strip of 10 tablets,212.0,true
Lipicure 80 Tablet,Atorvastatin,80mg,Tablet,Intas Pharmaceuticals Ltd,strip of 10 tablets,411.0,true
Lipicure CF 10 Capsule IR,Atorvastatin + Fenofibrate,10mg + 135mg,Capsule,Intas Pharmaceuticals Ltd,strip of 10 Capsule DR,169.0,true
Lipicure CF 20mg Capsule,Atorvastatin + Fenofibrate,20mg + 160mg,Capsule,Intas Pharmaceuticals Ltd,strip of 10 capsules,206.8,true
Lipicure CV 10mg/75mg Capsule,Atorvastatin + Clopidogrel,10mg + 75mg,Capsule,Intas Pharmaceuticals Ltd,strip of 10 capsules,159.0,true
Lipicure CV 20mg/75mg Capsule,Atorvastatin + Clopidogrel,20mg + 75mg,Capsule,Intas Pharmaceuticals Ltd,strip of 10 capsules,221.0,true
Lipicure CV 40mg/75mg Capsule,Atorvastatin + Clopidogrel,40mg + 75mg,Capsule,Intas Pharmaceuticals Ltd,strip of 10 capsules,260.0,true
Lipicure Gold 10 Capsule,Aspirin + Atorvastatin,75mg + 10mg,Capsule,Intas Pharmaceuticals Ltd,strip of 15 capsules,81.5,true
Lipicure Gold 20 Capsule,Aspirin + Atorvastatin,75mg + 20mg,Capsule,Intas Pharmaceuticals Ltd,strip of 15 capsules,109.0,true
Lipicure Gold 40 Capsule,Aspirin + Atorvastatin,75mg + 40mg,Capsule,Intas Pharmaceuticals Ltd,strip of 10 capsules,171.0,true
Lipicure-AS 150 Capsule,Atorvastatin + Aspirin,10mg + 150mg,Capsule,Intas Pharmaceuticals Ltd,strip of 10 capsules,30.5,true
Lipicure-AS 75 Capsule,Atorvastatin + Aspirin,10mg + 75mg,Capsule,Intas Pharmaceuticals Ltd,strip of 10 capsules,35.0,true
Lipicure-D 10 Tablet,Atorvastatin + Vitamin D3,10mg + 1000IU,Tablet,Intas Pharmaceuticals Ltd,strip of 10 tablets,174.0,true
Lipicure-D 20 Tablet,Atorvastatin + Vitamin D3,20mg + 1000IU,Tablet,Intas Pharmaceuticals Ltd,strip of 10 tablets,277.0,true
Lipicure-TG Tablet,Atorvastatin + Fenofibrate,10mg + 160mg,Tablet,Intas Pharmaceuticals Ltd,strip of 15 tablets,381.0,true
Lipira 2.5mg Tablet,Rosuvastatin,2.5mg,Tablet,Emcure Pharmaceuticals Ltd,strip of 10 tablets,50.01,true
Lipirose-F 5 Tablet,Fenofibrate + Rosuvastatin,145mg + 5mg,Tablet,Mankind Pharma Ltd,strip of 10 tablets,150.88,true
Lipitas 10 Tablet,Rosuvastatin,10mg,Tablet,Intas Pharmaceuticals Ltd,strip of 15 tablets,222.0,true
Lipitas 10 Tablet,Rosuvastatin,10mg,Tablet,Intas Pharmaceuticals Ltd,strip of 20 tablets,324.0,true
Lipitas 40mg Tablet,Rosuvastatin,40mg,Tablet,Intas Pharmaceuticals Ltd,strip of 10 tablets,588.0,true
Lipitas 5mg Tablet,Rosuvastatin,5mg,Tablet,Intas Pharmaceuticals Ltd,strip of 10 tablets,94.0,true
Lipitas F 160mg/10mg Tablet,Fenofibrate + Rosuvastatin,160mg + 10mg,Tablet,Intas Pharmaceuticals Ltd,strip of 10 tablets,262.0,true
Lipitas F 160mg/20mg Tablet,Fenofibrate + Rosuvastatin,160mg + 20mg,Tablet,Intas Pharmaceuticals Ltd,strip of 10 tablets,360.0,true
Lipitas F 160mg/5mg Tablet,Fenofibrate + Rosuvastatin,160mg + 5mg,Tablet,Intas Pharmaceuticals Ltd,strip of 10 tablets,188.0,true
Lipitas Gold 75mg/10mg/75mg Capsule,Aspirin + Rosuvastatin,75mg + 10mg,Capsule,Intas Pharmaceuticals Ltd,strip of 10 capsules,149.0,true
Lipitas Gold 75mg/20mg/75mg Capsule,Aspirin + Rosuvastatin,75mg + 20mg,Capsule,Intas Pharmaceuticals Ltd,strip of 10 capsules,225.0,true
Lipril 10 Tablet,Lisinopril,10mg,Tablet,Lupin Ltd,strip of 15 tablets,322.9,true
Lipril 2.5 Tablet,Lisinopril,2.5mg,Tablet,Lupin Ltd,strip of 15 tablets,97.85,true
Lipril 5 Tablet,Lisinopril,5mg,Tablet,Lupin Ltd,strip of 15 tablets,164.9,true
Lisnop 2.5mg Tablet,Lisinopril,2.5mg,Tablet,Sun Pharmaceutical Industries Ltd,strip of 10 tablets,15.5,true
Lisnop 5mg Tablet,Lisinopril,5mg,Tablet,Sun Pharmaceutical Industries Ltd,strip of 10 tablets,30.0,true
Listril 10 Tablet,Lisinopril,10mg,Tablet,Torrent Pharmaceuticals Ltd,strip of 15 tablets,334.85,true
Listril 2.5 Tablet,Lisinopril,2.5mg,Tablet,Torrent Pharmaceuticals Ltd,strip of 15 tablets,91.75,true
Listril 5 Tablet,Lisinopril,5mg,Tablet,Torrent Pharmaceuticals Ltd,strip of 15 tablets,180.8,true
Listril AM Tablet,Amlodipine + Lisinopril,5mg + 5mg,Tablet,Torrent Pharmaceuticals Ltd,strip of 10 tablets,46.15,true
Listril Plus Tablet,Lisinopril + Hydrochlorothiazide,5mg + 12.5mg,Tablet,Torrent Pharmaceuticals Ltd,strip of 10 tablets,136.05,true
Livafin CP Cream,Amorolfine,0.25% w/v,Cream,Zydus Cadila,tube of 50 gm Cream,526.9,false
Livafin Cream,Amorolfine,0.25% w/w,Cream,Zydus Cadila,tube of 30 gm Cream,386.8,false
Livafin Cream,Amorolfine,0.25% w/w,Cream,Zydus Cadila,tube of 10 gm Cream,180.0,false
Livafin O 400mg Capsule SR,Itraconazole,400mg,Capsule,Zydus Cadila,strip of 7 capsule sr,279.0,true
Lizoforce Dry Syrup,Linezolid,100mg/5ml,Suspension,Mankind Pharma Ltd,bottle of 30 ml Oral Suspension,119.99,true
Lizomac DS Dry Syrup,Linezolid,100mg/5ml,Suspension,Macleods Pharmaceuticals Pvt Ltd,bottle of 30 ml Oral Suspension,128.0,true
Lizomac Tablet,Linezolid,600mg,Tablet,Macleods Pharmaceuticals Pvt Ltd,strip of 10 tablets,410.8,true
Lizoran 600mg Tablet,Linezolid,600mg,Tablet,Sun Pharmaceutical Industries Ltd,strip of 4 tablets,343.26,true
LMX 250 Capsule,Amoxycillin + Lactobacillus,250mg + 1700Million spores,Capsule,Cadila Pharmaceuticals Ltd,strip of 10 capsules,79.5,true
LMX 250mg Dry Syrup,Amoxycillin,250mg,Syrup,Cadila Pharmaceuticals Ltd,bottle of 60 ml Dry Syrup,36.2,true
LMX 500 Capsule,Amoxycillin + Lactobacillus,500mg + 1700Million spores,Capsule,Cadila Pharmaceuticals Ltd,strip of 6 capsules,108.0,true
Lobate Cream,Clobetasol,0.05% w/w,Cream,Abbott,tube of 30 gm Cream,201.54,true
Lobate GN Skin Cream,Clobetasol + Neomycin,0.05% w/w + 0.5% w/w,Cream,Abbott,tube of 15 gm Cream,72.08,true
Lobate M Cream,Clobetasol + Miconazole,0.05% w/w + 2% w/w,Cream,Abbott,tube of 15 gm Cream,120.81,true
Lobate S Ointment,Clobetasol + Salicylic Acid,0.05% w/w + 3% w/w,Ointment,Abbott,tube of 30 gm Ointment,193.38,true
Lobate-GM Neo Cream,Clobetasol + Miconazole,0.05% w/w + 2% w/w,Cream,Abbott,tube of 20 gm Cream,139.64,true
Lobate-GM Neo Cream,Clobetasol + Miconazole,0.05% w/w + 2% w/w,Cream,Abbott,tube of 15 gm Cream,95.21,true
Lobazam 10mg Tablet,Clobazam,10mg,Tablet,Sun Pharmaceutical Industries Ltd,strip of 10 tablets,112.25,false
Lobazam 10mg Tablet MD,Clobazam,10mg,Tablet,Sun Pharmaceutical Industries Ltd,strip of 10 tablet md,112.25,false
Lobazam 2.5 Tablet,Clobazam,2.5mg,Tablet,Sun Pharmaceutical Industries Ltd,strip of 10 tablets,33.82,false
Lobazam 2.5mg Tablet MD,Clobazam,2.5mg,Tablet,Sun Pharmaceutical Industries Ltd,strip of 10 tablet md,106.0,false
Lobazam 20mg Tablet,Clobazam,20mg,Tablet,Sun Pharmaceutical Industries Ltd,strip of 10 tablets,241.56,false
Lobazam 5mg Tablet,Clobazam,5mg,Tablet,Sun Pharmaceutical Industries Ltd,strip of 10 tablets,63.8,false
Lobazam 7.5mg Tablet,Clobazam,7.5mg,Tablet,Sun Pharmaceutical Industries Ltd,strip of 10 tablets,78.88,false
Lobazam MD 5 Tablet,Clobazam,5mg,Tablet,Sun Pharmaceutical Industries Ltd,strip of 10 tablet md,63.8,false
Locet P Oral Suspension,Aceclofenac + Paracetamol,50mg/5ml + 250mg/5ml,Suspension,Arvincare Pharma,bottle of 60 ml Oral Suspension,42.0,false
Lodogel 100mg Tablet,Fluconazole,100mg,Tablet,Torrent Pharmaceuticals Ltd,strip of 10 tablets,155.1,true
Lodogel 50mg Capsule,Fluconazole,50mg,Capsule,Torrent Pharmaceuticals Ltd,strip of 10 capsules,82.63,true
Lofen 1% Gel,Diclofenac,1%,Gel,Micro Labs Ltd,tube of 15 gm Gel,12.15,false
Loftidase AP Oral Suspension,Aceclofenac + Paracetamol,50mg + 250mg,Suspension,Ridhima Biocare,bottle of 60 ml Oral Suspension,45.0,false
Loftycort 6mg Oral Suspension,Deflazacort,6mg,Suspension,Ridhima Biocare,bottle of 30 ml Oral Suspension,79.0,true
Lomac 10mg Capsule,Omeprazole,10mg,Capsule,Cipla Ltd,strip of 10 capsules,10.3,true
Lonazep 0.25 Tablet,Clonazepam,0.25mg,Tablet,Sun Pharmaceutical Industries Ltd,strip of 15 tablets,34.0,true
Lonazep 0.25mg Tablet MD,Clonazepam,0.25mg,Tablet,Sun Pharmaceutical Industries Ltd,strip of 10 tablet md,22.65,true
Lonazep 0.5mg Tablet,Clonazepam,0.5mg,Tablet,Sun Pharmaceutical Industries Ltd,strip of 15 tablets,57.8,true
Lonazep 1mg Injection,Clonazepam,1mg,Injection,Sun Pharmaceutical Industries Ltd,vial of 1 Injection,39.45,true
Lonazep 1mg Tablet,Clonazepam,1mg,Tablet,Sun Pharmaceutical Industries Ltd,strip of 10 tablets,52.5,true
Lonazep 1mg Tablet MD,Clonazepam,1mg,Tablet,Sun Pharmaceutical Industries Ltd,strip of 10 tablet md,52.5,true
Lonazep 2mg Tablet,Clonazepam,2mg,Tablet,Sun Pharmaceutical Industries Ltd,strip of 10 tablets,115.0,true
Lonazep 2mg Tablet MD,Clonazepam,2mg,Tablet,Sun Pharmaceutical Industries Ltd,strip of 10 tablet md,115.0,true
Lonazep MD 0.5 Tablet,Clonazepam,0.5mg,Tablet,Sun Pharmaceutical Industries Ltd,strip of 10 tablet md,38.55,true
Lonitab 10 Tablet,Minoxidil,10mg,Tablet,Intas Pharmaceuticals Ltd,strip of 10 tablets,631.0,false
Lonitab 2.5 Tablet,Minoxidil,2.5mg,Tablet,Intas Pharmaceuticals Ltd,strip of 10 tablets,199.5,false
Lonitab 5 Tablet,Minoxidil,5mg,Tablet,Intas Pharmaceuticals Ltd,strip of 10 tablets,435.0,false
Looz Enema,Lactulose,20% w/v,Other,Intas Pharmaceuticals Ltd,bottle of 275 ml Enema,394.0,false
Looz Enema Mini,Lactulose,20% w/v,Other,Intas Pharmaceuticals Ltd,box of 100 ml Enema,143.0,false
Looz Oral Solution,Lactulose,10gm,Solution,Intas Pharmaceuticals Ltd,bottle of 200 ml Oral Solution,269.01,false
Looz Oral Solution,Lactulose,10gm,Solution,Intas Pharmaceuticals Ltd,bottle of 210 ml Oral Solution,269.01,false
Looz Oral Solution,Lactulose,10gm,Solution,Intas Pharmaceuticals Ltd,bottle of 500 ml Oral Solution,640.5,false
Looz Oral Solution,Lactulose,10gm,Solution,Intas Pharmaceuticals Ltd,bottle of 450 ml Oral Solution,525.0,false
Looz Sprinkles Powder,Lactulose,10gm,Powder,Intas Pharmaceuticals Ltd,bottle of 80 gm Powder,201.0,false
Lopez 1mg Tablet,Lorazepam,1mg,Tablet,Intas Pharmaceuticals Ltd,strip of 10 tablets,18.08,true
Lopez 2mg Tablet,Lorazepam,2mg,Tablet,Intas Pharmaceuticals Ltd,strip of 10 tablets,25.49,true
Lopez 3mg Tablet,Lorazepam,3mg,Tablet,Intas Pharmaceuticals Ltd,strip of 10 tablets,45.0,true
Lopez MD 1 Tablet,Lorazepam,1mg,Tablet,Intas Pharmaceuticals Ltd,strip of 10 tablet md,33.0,true
Lopez MD 2 Tablet,Lorazepam,2mg,Tablet,Intas Pharmaceuticals Ltd,strip of 10 tablet md,37.0,true
Loprolif 0.03% Cream,Tacrolimus,0.03% w/w,Cream,East West Pharma,tube of 10 gm Cream,153.5,true
Loprolif 0.03% Cream,Tacrolimus,0.03% w/w,Cream,East West Pharma,tube of 30 gm Cream,311.0,true
Loprolif 1mg Capsule,Tacrolimus,1mg,Capsule,East West Pharma,strip of 10 capsules,410.7,true
Loprolif 2mg Capsule,Tacrolimus,2mg,Capsule,East West Pharma,strip of 10 capsules,645.0,true
Loram 2.5 Tablet,Ramipril + Losartan,2.5mg + 50mg,Tablet,Torrent Pharmaceuticals Ltd,strip of 10 tablets,162.75,true
Loram 5 Tablet,Ramipril + Losartan,5mg + 50mg,Tablet,Torrent Pharmaceuticals Ltd,strip of 10 tablets,184.05,true
Loram-H 2.5 Tablet,Ramipril + Losartan,2.5mg + 50mg,Tablet,Torrent Pharmaceuticals Ltd,strip of 10 tablets,112.7,true
Loram-H 5 Tablet,Ramipril + Losartan,5mg + 50mg,Tablet,Torrent Pharmaceuticals Ltd,strip of 10 tablets,141.39,true
Lorfast Meltab Tablet,Loratadine,10mg,Tablet,Cadila Pharmaceuticals Ltd,strip of 10 tablets,105.0,false
Lorflex 8mg Tablet,Lornoxicam,8mg,Tablet,Macleods Pharmaceuticals Pvt Ltd,strip of 10 tablets,41.25,false
Lorflex Plus 4 mg/500 mg Tablet,Lornoxicam + Paracetamol,4mg + 500mg,Tablet,Macleods Pharmaceuticals Pvt Ltd,strip of 10 tablets,42.0,false
Lorflex Plus 8 mg/500 mg Tablet,Lornoxicam + Paracetamol,8mg + 500mg,Tablet,Macleods Pharmaceuticals Pvt Ltd,strip of 10 tablets,57.48,false
Loridin AM Syrup,Ambroxol + Loratadine,60mg + 5mg,Syrup,Zydus Cadila,bottle of 60 ml Syrup,35.86,false
Loridin AM Tablet,Ambroxol + Loratadine,60mg + 5mg,Tablet,Zydus Cadila,strip of 10 tablets,30.02,false
Loridin D Tablet,Loratadine + Pseudoephedrine,5mg + 120mg,Tablet,Zydus Cadila,strip of 10 tablets,16.21,false
Loridin Suspension,Loratadine,5mg,Suspension,Zydus Cadila,bottle of 30 ml Suspension,18.9,false
Loridin Tablet,Loratadine,10mg,Tablet,Zydus Cadila,strip of 10 tablets,39.7,false
Lorsaid OD Tablet ER,Lornoxicam,16mg,Tablet,Abbott,strip of 10 tablet er,222.93,false
Lorsaid P 8 Tablet,Lornoxicam + Paracetamol,8mg + 325mg,Tablet,Abbott,strip of 10 tablets,158.11,false
Lorsaid P Tablet,Lornoxicam + Paracetamol,4mg + 325mg,Tablet,Abbott,strip of 10 tablets,109.06,false
Lorsaid SD 4 Tablet,Lornoxicam,4mg,Tablet,Abbott,strip of 10 tablets,83.44,false
Lorsaid SD 8 Tablet,Lornoxicam,8mg,Tablet,Abbott,strip of 10 tablets,158.11,false
Lorsumo 16mg Tablet SR,Lornoxicam,16mg,Tablet,Alkem Laboratories Ltd,strip of 10 tablet sr,99.0,false
Lorsumo 8mg/8mg Tablet MR,Lornoxicam + Thiocolchicoside,8mg + 8mg,Tablet,Alkem Laboratories Ltd,strip of 10 tablet mr,201.92,true
Lorsumo Forte 8mg/325mg Tablet,Lornoxicam + Paracetamol,8mg + 325mg,Tablet,Alkem Laboratories Ltd,strip of 10 tablets,64.0,false
Lorsumo Plus 4mg/500mg Tablet,Lornoxicam + Paracetamol,4mg + 500mg,Tablet,Alkem Laboratories Ltd,strip of 10 tablets,34.52,false
Losacar 25 Tablet,Losartan,25mg,Tablet,Zydus Cadila,strip of 15 tablets,76.45,true
Losacar 50 Tablet,Losartan,50mg,Tablet,Zydus Cadila,strip of 10 tablets,87.83,true
Losacar-H Tablet,Losartan + Hydrochlorothiazide,50mg + 12.5mg,Tablet,Zydus Cadila,strip of 10 tablets,188.95,true
Losanorm 25-H Tablet,Losartan + Hydrochlorothiazide,25mg + 12.5mg,Tablet,Ipca Laboratories Ltd,strip of 10 tablets,57.15,true
Losar 100mg Tablet,Losartan,100mg,Tablet,Torrent Pharmaceuticals Ltd,strip of 10 tablets,69.52,true
Losar 25 Tablet,Losartan,25mg,Tablet,Torrent Pharmaceuticals Ltd,strip of 15 tablets,75.85,true
Losar 50 Tablet,Losartan,50mg,Tablet,Torrent Pharmaceuticals Ltd,strip of 15 tablets,130.45,true
Losar Beta-H Tablet,Losartan + Atenolol,50mg + 50mg,Tablet,Torrent Pharmaceuticals Ltd,strip of 10 tablets,188.45,true
Losar-A Tablet,Losartan + Amlodipine,50mg + 5mg,Tablet,Torrent Pharmaceuticals Ltd,strip of 15 tablets,249.95,true
Losar-Beta Tablet,Atenolol + Losartan,50mg + 50mg,Tablet,Torrent Pharmaceuticals Ltd,strip of 10 tablets,138.65,true
Losar-Beta Tablet,Atenolol + Losartan,50mg + 50mg,Tablet,Torrent Pharmaceuticals Ltd,strip of 15 tablets,276.35,true
Losar-CH 12.5 Tablet,Losartan + Chlorthalidone,50mg + 12.5mg,Tablet,Torrent Pharmaceuticals Ltd,strip of 10 tablets,104.15,true
Losar-CH 6.25 Tablet,Losartan + Chlorthalidone,50mg + 6.25mg,Tablet,Torrent Pharmaceuticals Ltd,strip of 10 tablets,100.15,true
Losar-H Tablet,Losartan + Hydrochlorothiazide,50mg + 12.5mg,Tablet,Torrent Pharmaceuticals Ltd,strip of 15 tablets,231.35,true
Lovolkem OZ 250 mg/500 mg Tablet,Levofloxacin + Ornidazole,250mg + 500mg,Tablet,Alkem Laboratories Ltd,strip of 6 tablets,47.5,true
Loxof 125mg Suspension,Levofloxacin,125mg,Suspension,Sun Pharmaceutical Industries Ltd,bottle of 100 ml Suspension,70.47,true
Loxof 250mg Tablet,Levofloxacin,250mg,Tablet,Sun Pharmaceutical Industries Ltd,strip of 10 tablets,54.75,true
Loxof 250mg Tablet,Levofloxacin,250mg,Tablet,Sun Pharmaceutical Industries Ltd,strip of 5 tablets,42.94,true
Loxof 500mg Infusion,Levofloxacin,500mg,Injection,Sun Pharmaceutical Industries Ltd,bottle of 100 ml Infusion,88.5,true
Loxof 500mg Tablet,Levofloxacin,500mg,Tablet,Sun Pharmaceutical Industries Ltd,strip of 5 tablets,46.2,true
Loxof 500mg Tablet,Levofloxacin,500mg,Tablet,Sun Pharmaceutical Industries Ltd,strip of 10 tablets,100.2,true
Loxof 750mg Tablet,Levofloxacin,750mg,Tablet,Sun Pharmaceutical Industries Ltd,strip of 5 tablets,61.33,true
Loxof 750mg Tablet,Levofloxacin,750mg,Tablet,Sun Pharmaceutical Industries Ltd,strip of 10 tablets,135.8,true
Loxof OZ Tablet,Levofloxacin + Ornidazole,250mg + 500mg,Tablet,Sun Pharmaceutical Industries Ltd,strip of 10 tablets,125.0,true
Lozapin 100mg Tablet,Clozapine,100mg,Tablet,Torrent Pharmaceuticals Ltd,strip of 10 tablets,96.2,true
Lozapin 25mg Tablet,Clozapine,25mg,Tablet,Torrent Pharmaceuticals Ltd,strip of 10 tablets,31.06,true
Lozapin 50mg Tablet,Clozapine,50mg,Tablet,Torrent Pharmaceuticals Ltd,strip of 10 tablets,53.8,true
Lubistar-CMC 1% Eye Drop,Carboxymethylcellulose,1% w/v,Drops,Mankind Pharma Ltd,packet of 10 ml Eye Drop,150.84,false
Lubrex Eye Drop,Carboxymethylcellulose,0.5% w/v,Drops,Micro Labs Ltd,bottle of 10 ml Eye Drop,132.91,false
Lubrex Uno 0.4ml Eye Drop,Carboxymethylcellulose,0.5% w/v,Drops,Micro Labs Ltd,packet of 5 ml Eye Drop,250.0,false
Lucipro D Eye/Ear Drops,Ciprofloxacin + Dexamethasone,0.3% w/v + 0.1% w/v,Drops,Lupin Ltd,packet of 10 ml Eye/Ear Drops,12.07,true
Lucipro Eye Drop,Ciprofloxacin,0.3% w/v,Drops,Lupin Ltd,packet of 10 ml Eye Drop,9.75,true
Lucoz XL Cream,Luliconazole,1% w/v,Cream,Ajanta Pharma Ltd,tube of 50 gm Cream,300.0,true
Ludura Lotion,Luliconazole,1%,Lotion,Cipla Ltd,bottle of 30 ml Lotion,399.3,true
Lukast L 10mg/5mg Tablet,Levocetirizine + Montelukast,10mg + 5mg,Tablet,Welkind Pharma,strip of 10 tablets,130.0,true
Lukotas 10mg Tablet,Montelukast,10mg,Tablet,Intas Pharmaceuticals Ltd,strip of 10 tablets,132.0,true
Lukotas 3D Tablet,Montelukast + Levocetirizine,10mg + 5mg,Tablet,Intas Pharmaceuticals Ltd,strip of 10 tablets,195.0,true
Lukotas HD Tablet SR,Ambroxol + Levocetirizine,75mg + 5mg,Tablet,Intas Pharmaceuticals Ltd,strip of 10 tablet sr,214.0,false
Luliact Dusting Powder,Luliconazole,1% w/w,Powder,Leeford Healthcare Ltd,bottle of 30 gm Dusting Powder,175.0,true
Luliact Dusting Powder,Luliconazole,1% w/w,Powder,Leeford Healthcare Ltd,bottle of 50 gm Dusting Powder,175.0,true
Luliact Soap,Luliconazole,1% w/w,Soap,Leeford Healthcare Ltd,box of 50 gm Soap,150.0,true
Luliact Spray,Luliconazole,1% w/v,Spray,Leeford Healthcare Ltd,bottle of 30 ml Spray,195.0,true
Lulibet Cream,Luliconazole,1% w/w,Cream,Intas Pharmaceuticals Ltd,tube of 15 gm Cream,150.0,true
Lulibet Cream,Luliconazole,1% w/w,Cream,Intas Pharmaceuticals Ltd,tube of 30 gm Cream,258.0,true
Lulibet Cream,Luliconazole,1% w/w,Cream,Intas Pharmaceuticals Ltd,tube of 20 gm Cream,258.0,true
Lulibet Lotion,Luliconazole,1% w/v,Lotion,Intas Pharmaceuticals Ltd,bottle of 50 ml Lotion,349.0,true
Lulibet Lotion,Luliconazole,1% w/v,Lotion,Intas Pharmaceuticals Ltd,bottle of 20 ml Lotion,349.0,true
Lulibet Spray,Luliconazole,1% w/v,Spray,Intas Pharmaceuticals Ltd,bottle of 20 ml Spray,425.0,true
Lulibet XL Cream,Luliconazole,1% w/w,Cream,Intas Pharmaceuticals Ltd,tube of 50 gm Cream,480.0,true
Lulifin Lotion,Luliconazole,1% w/v,Lotion,Sun Pharmaceutical Industries Ltd,bottle of 10 ml Lotion,238.5,true
Lulifin Lotion,Luliconazole,1% w/v,Lotion,Sun Pharmaceutical Industries Ltd,bottle of 20 ml Lotion,422.5,true
Luliford 1% Spray,Luliconazole,1% w/w,Spray,Leeford Healthcare Ltd,bottle of 20 ml Spray,195.0,true
Luliford Dusting Powder,Luliconazole,1% w/w,Powder,Leeford Healthcare Ltd,bottle of 30 gm Dusting Powder,175.0,true
Luliford Medicated Soap,Luliconazole,1% w/w,Soap,Leeford Healthcare Ltd,box of 50 gm Soap,150.0,true
Luliford Medicated Soap,Luliconazole,1% w/w,Soap,Leeford Healthcare Ltd,box of 75 gm Soap,150.0,true
Lulimac Gel,Luliconazole,1% w/w,Gel,Macleods Pharmaceuticals Pvt Ltd,tube of 10 gm Gel,155.0,true
Lulitec 1% Spray,Luliconazole,1% w/v,Spray,Cipla Ltd,bottle of 30 ml Spray,300.0,true
Lumerax 20mg/120mg Tablet,Artemether + Lumefantrine,20mg + 120mg,Tablet,Ipca Laboratories Ltd,strip of 6 tablets,84.33,true
Lumerax 40mg/240mg Tablet,Artemether + Lumefantrine,40mg + 240mg,Tablet,Ipca Laboratories Ltd,strip of 6 tablets,120.42,true
Lumerax 60mg/360mg Tablet,Artemether + Lumefantrine,60mg + 360mg,Tablet,Ipca Laboratories Ltd,strip of 6 tablets,222.35,true
Lumet 80 Tablet,Artemether + Lumefantrine,80mg + 480mg,Tablet,Cipla Ltd,strip of 6 tablets,156.01,true
Lupactin 2mg Tablet,Cyproheptadine,2mg,Tablet,Lupin Ltd,strip of 10 tablets,10.67,false
Lupactin 4mg Tablet,Cyproheptadine,4mg,Tablet,Lupin Ltd,strip of 10 tablets,6.37,false
Lupactin Forte Syrup,Cyproheptadine,,Syrup,Lupin Ltd,bottle of 200 ml Syrup,64.0,false
Lupi-HA Eye Drop,Sodium Hyaluronate,0.1% w/v,Drops,Lupin Ltd,bottle of 10 ml Eye Drop,280.3,false
Lupicef Forte 100mg Dry Syrup,Cefixime,100mg,Syrup,Lupin Ltd,bottle of 30 ml Dry Syrup,71.7,true
Lupicet Cold Tablet,Paracetamol + Phenylpropanolamine,,Tablet,Lupin Ltd,strip of 10 tablets,7.18,false
Lupicit N 100mg/15mg Tablet,Nimesulide + Serratiopeptidase,100mg + 15mg,Tablet,Lupin Ltd,strip of 10 tablets,10.0,false
Lupiderm G Cream,Betamethasone + Gentamicin,0.05% w/w + 0.1% w/w,Cream,Lupin Ltd,tube of 10 gm Cream,7.32,true
Lupiderm GM Cream,Betamethasone + Gentamicin,0.05% w/w + 0.1% w/w,Cream,Lupin Ltd,tube of 10 gm Cream,53.5,true
Lupiflam 400 mg/325 mg Tablet,Ibuprofen + Paracetamol,400mg + 325mg,Tablet,Lupin Ltd,strip of 10 tablets,5.35,false
Lupiflam P Tablet,Ibuprofen + Paracetamol,,Tablet,Lupin Ltd,strip of 15 tablets,10.0,false
Lupiflam Tablet,Ibuprofen + Paracetamol,200mg,Tablet,Lupin Ltd,strip of 10 tablets,9.0,false
Lupigest 100 Capsule,Progesterone (Natural Micronized),100mg,Capsule,Lupin Ltd,strip of 10 capsules,195.0,true
Lupigest 100mg Injection,Progesterone (Natural Micronized),100mg,Injection,Lupin Ltd,vial of 2 ml Injection,115.0,true
Lupigest 200 Soft Gelatin Capsule,Progesterone (Natural Micronized),200mg,Capsule,Lupin Ltd,strip of 10 soft gelatin capsules,328.2,true
Lupigest 200mg Injection,Progesterone (Natural Micronized),200mg,Injection,Lupin Ltd,vial of 4 ml Injection,210.0,true
Lupigest 300 Soft Gelatin Capsule,Progesterone (Natural Micronized),300mg,Capsule,Lupin Ltd,strip of 10 soft gelatin capsules,401.35,true
Lupigest 400 Soft Gelatin Capsule,Progesterone (Natural Micronized),400mg,Capsule,Lupin Ltd,strip of 10 soft gelatin capsules,638.65,true
Lupigest SR 300 Tablet,Progesterone (Natural Micronized),300mg,Tablet,Lupin Ltd,strip of 10 tablet sr,669.9,true
Lupigest SR 400 Tablet,Progesterone (Natural Micronized),400mg,Tablet,Lupin Ltd,strip of 10 tablet sr,489.0,true
Lupimox Forte Capsule,Amoxycillin + Dicloxacillin,250mg + 250mg,Capsule,Lupin Ltd,strip of 10 capsules,60.0,true
Lupin Bepogra Tablet,Bepotastine,10mg,Tablet,Lupin Ltd,strip of 10 tablets,159.0,false
Lupin Mira 25 Tablet ER,Mirabegron,25mg,Tablet,Lupin Ltd,strip of 10 tablet er,318.85,false
Lupin Mira 50 Tablet ER,Mirabegron,50mg,Tablet,Lupin Ltd,strip of 10 tablet er,500.0,false
Lupin Mira-S 25 Tablet,Mirabegron + Solifenacin,25mg + 5mg,Tablet,Lupin Ltd,strip of 10 tablet er,385.0,false
Lupipara 150mg Injection,Paracetamol,150mg,Injection,Lupin Ltd,vial of 2 ml Injection,7.14,true
Lupipara Forte Syrup,Paracetamol,125mg/5ml,Syrup,Lupin Ltd,bottle of 60 ml Syrup,15.0,false
Lupisera N Tablet,Nimesulide + Serratiopeptidase,100mg + 10mg,Tablet,Lupin Ltd,strip of 10 tablets,68.5,false
Lupisulide D Capsule,Diclofenac + Nimesulide,50mg + 100mg,Capsule,Lupin Ltd,strip of 10 capsules,25.0,false
Lupisulide P 100mg/500mg Suspension,Nimesulide + Paracetamol,100mg + 500mg,Suspension,Lupin Ltd,bottle of 60 ml Suspension,9.37,false
Lupisulide P 50mg/125mg Suspension,Nimesulide + Paracetamol,50mg + 125mg,Suspension,Lupin Ltd,bottle of 100 ml Suspension,1184.21,false
Lupisulide P Tablet,Nimesulide + Paracetamol,100mg + 500mg,Tablet,Lupin Ltd,strip of 10 tablets,54.4,false
Lupisulide Syrup,Nimesulide,50mg,Syrup,Lupin Ltd,bottle of 60 ml Syrup,11.16,false
Lupisulide Tablet,Nimesulide,100mg,Tablet,Lupin Ltd,strip of 15 tablets,47.25,false
Lupizol 30mg Capsule,Lansoprazole,30mg,Capsule,Lupin Ltd,strip of 10 capsules,45.0,true
Luprex 50mg Syrup,Roxithromycin,50mg,Syrup,Lupin Ltd,bottle of 30 ml Syrup,35.0,true
M Cid Tablet,Ofloxacin + Ornidazole,,Tablet,Group Pharmaceuticals Ltd,strip of 10 tablets,50.0,true
M Cin 400mg Infusion,Moxifloxacin,400mg,Injection,Lupin Ltd,bottle of 100 ml Infusion,216.0,true
M Cold CZ Syrup,Levocetirizine + Phenylephrine,2.5mg + 5mg,Syrup,Abbott,bottle of 60 ml Syrup,28.85,false
M Cold Plus CZ 5 mg/500 mg/5 mg Tablet,Cetirizine + Paracetamol,5mg + 500mg,Tablet,Abbott,strip of 10 tablets,43.27,false
M Cold Plus Drop,Paracetamol + Phenylpropanolamine,125mg + 125mg,Drops,Abbott,packet of 15 ml Drop,33.0,false
M Cold Plus Syrup,Paracetamol + Phenylpropanolamine,1.25mg/5ml + 2.5mg/5ml,Syrup,Abbott,bottle of 60 ml Syrup,15.0,false
M Cold Plus Tablet,Paracetamol + Phenylpropanolamine,500mg + 12.5mg,Tablet,Abbott,strip of 10 tablets,6.18,false
M Cold Syrup,Chlorpheniramine Maleate + Paracetamol,1mg/5ml + 125mg/5ml,Syrup,Abbott,bottle of 60 ml Syrup,12.5,false
M Cold Tablet,Paracetamol + Caffeine,,Tablet,Abbott,strip of 10 tablets,18.75,false
M IT 200mg Tablet,Itraconazole,200mg,Tablet,Monsut Chem Industries,strip of 10 tablets,210.0,true
M-Cam 15mg Tablet,Meloxicam,15mg,Tablet,Torrent Pharmaceuticals Ltd,strip of 10 tablets,45.88,false
M-Cam 7.5mg Tablet,Meloxicam,7.5mg,Tablet,Torrent Pharmaceuticals Ltd,strip of 10 tablets,21.4,false
M-Cin Tablet,Moxifloxacin,400mg,Tablet,Lupin Ltd,strip of 5 tablets,133.96,true
M-Power Ointment,Mupirocin,2% w/w,Ointment,Zydus Cadila,tube of 5 gm Ointment,104.1,false
M-Solvin Syrup Lime,Ambroxol + Guaifenesin,30mg/10ml + 100mg/10ml,Syrup,Ipca Laboratories Ltd,bottle of 100 ml Syrup,96.55,false
M-Solvin Tablet,Ambroxol + Guaifenesin,30mg + 100mg,Tablet,Ipca Laboratories Ltd,strip of 10 tablets,56.05,false
Macbery Cold Syrup,Chlorpheniramine Maleate + Phenylephrine,2mg/5ml + 5mg/5ml,Syrup,Macleods Pharmaceuticals Pvt Ltd,bottle of 60 ml Syrup,77.0,false
Macbery Cold Tablet,Caffeine + Chlorpheniramine Maleate,30mg + 2mg,Tablet,Macleods Pharmaceuticals Pvt Ltd,strip of 10 tablets,26.5,false
Macbery DX Syrup Sugar Free,Chlorpheniramine Maleate + Dextromethorphan Hydrobromide,4mg + 10mg,Syrup,Macleods Pharmaceuticals Pvt Ltd,bottle of 100 ml Syrup,95.7,false
Macbery Junior Expectorant,Ambroxol + Levosalbutamol,15mg/5ml + 0.5mg/5ml,Syrup,Macleods Pharmaceuticals Pvt Ltd,bottle of 60 ml Expectorant,85.8,true
Macbery Oral Drops,Levosalbutamol + Ambroxol,0.25mg + 7.5mg,Drops,Macleods Pharmaceuticals Pvt Ltd,bottle of 15 ml Oral Drops,56.5,true
Macbery PD Expectorant Strawberry,Ambroxol + Levosalbutamol,15mg/5ml + 0.5mg/5ml,Syrup,Macleods Pharmaceuticals Pvt Ltd,bottle of 60 ml Expectorant,85.8,true
Macbery Syrup Strawberry Sugar Free,Ambroxol + Dextromethorphan Hydrobromide,15mg/5ml + 10mg/5ml,Syrup,Macleods Pharmaceuticals Pvt Ltd,bottle of 100 ml Syrup,108.9,false
Macbery-XT Expectorant Sugar Free,Ambroxol + Guaifenesin,15mg/5ml + 50mg/5ml,Syrup,Macleods Pharmaceuticals Pvt Ltd,bottle of 100 ml Expectorant,108.5,false
Macgest 100mg Injection,Progesterone (Natural Micronized),100mg,Injection,Macleods Pharmaceuticals Pvt Ltd,vial of 2 ml Injection,117.0,true
Macgest 200mg Injection,Progesterone (Natural Micronized),200mg,Injection,Macleods Pharmaceuticals Pvt Ltd,vial of 2 ml Injection,226.0,true
Macorate 200 Tablet,Magnesium Valproate,200mg,Tablet,Sun Pharmaceutical Industries Ltd,strip of 10 tablets,42.0,true
Macorate 600 Tablet,Magnesium Valproate,600mg,Tablet,Sun Pharmaceutical Industries Ltd,strip of 10 tablets,119.33,true
Macorate CR 200 Tablet,Magnesium Valproate,200mg,Tablet,Sun Pharmaceutical Industries Ltd,strip of 10 Tablet pr,68.0,true
Macorate CR 300 Tablet,Magnesium Valproate,300mg,Tablet,Sun Pharmaceutical Industries Ltd,strip of 10 Tablet pr,102.0,true
Macorate CR 400 Tablet,Magnesium Valproate,400mg,Tablet,Sun Pharmaceutical Industries Ltd,strip of 10 Tablet pr,120.0,true
Macorate CR 600 Tablet,Magnesium Valproate,600mg,Tablet,Sun Pharmaceutical Industries Ltd,strip of 10 Tablet pr,150.0,true
Macox 300mg Capsule,Rifampicin,300mg,Capsule,Macleods Pharmaceuticals Pvt Ltd,strip of 10 capsules,28.0,true
Macox 300mg Capsule,Rifampicin,300mg,Capsule,Macleods Pharmaceuticals Pvt Ltd,strip of 6 capsules,19.26,true
Macox 450mg Capsule,Rifampicin,450mg,Capsule,Macleods Pharmaceuticals Pvt Ltd,strip of 10 capsules,42.0,true
Macox 450mg Capsule,Rifampicin,450mg,Capsule,Macleods Pharmaceuticals Pvt Ltd,strip of 6 capsules,25.89,true
Macox Plus 150mg/100mg Tablet,Rifampicin + Isoniazid,150mg + 100mg,Tablet,Macleods Pharmaceuticals Pvt Ltd,strip of 6 tablets,15.0,true
Macox Plus 600 Tablet,Rifampicin + Isoniazid,600mg + 300mg,Tablet,Macleods Pharmaceuticals Pvt Ltd,strip of 6 tablets,89.65,true
Macox Plus Kid Tablet,Rifampicin + Isoniazid,100mg + 50mg,Tablet,Macleods Pharmaceuticals Pvt Ltd,strip of 10 tablets,27.0,true
Macox Plus Tablet,Rifampicin + Isoniazid,450mg + 300mg,Tablet,Macleods Pharmaceuticals Pvt Ltd,strip of 6 tablets,71.5,true
Macox-ZH Kid Tablet DT,Isoniazid + Pyrazinamide,50mg + 300mg,Tablet,Macleods Pharmaceuticals Pvt Ltd,strip of 10 tablet dt,47.63,true
Macox-ZH Tablet,Isoniazid + Pyrazinamide,150mg + 750mg,Tablet,Macleods Pharmaceuticals Pvt Ltd,strip of 6 tablets,58.5,true
Macphylline 50mg/5ml Syrup,Acebrophylline,50mg/5ml,Syrup,Macleods Pharmaceuticals Pvt Ltd,bottle of 100 ml Syrup,140.0,false
Macphylline SR 200 Tablet,Acebrophylline,200mg,Tablet,Macleods Pharmaceuticals Pvt Ltd,strip of 10 tablet sr,185.5,false
Macpod AZ Tablet,Cefpodoxime Proxetil + Azithromycin,200mg + 250mg,Tablet,Macleods Pharmaceuticals Pvt Ltd,strip of 10 tablets,218.0,true
Macpod CV 100 mg/62.5 mg Tablet DT,Cefpodoxime Proxetil + Clavulanic Acid,100mg + 62.5mg,Tablet,Macleods Pharmaceuticals Pvt Ltd,strip of 6 tablet dt,139.0,true
Macpod CV 50 Powder for Oral Suspension,Cefpodoxime Proxetil + Clavulanic Acid,50mg + 31.25mg,Powder,Macleods Pharmaceuticals Pvt Ltd,bottle of 30 ml Powder for Oral Suspension,108.9,true
Macpod CV 50mg/31.25mg Tablet DT,Cefpodoxime Proxetil + Clavulanic Acid,50mg + 31.25mg,Tablet,Macleods Pharmaceuticals Pvt Ltd,strip of 6 tablet dt,70.0,true
Macpod LX Tablet,Cefpodoxime Proxetil + Levofloxacin,200mg + 250mg,Tablet,Macleods Pharmaceuticals Pvt Ltd,strip of 10 tablets,193.0,true
Macpod O Tablet DT,Cefpodoxime Proxetil + Ofloxacin,100mg + 100mg,Tablet,Macleods Pharmaceuticals Pvt Ltd,strip of 10 tablet dt,229.0,true
Macpod Oral Drops,Cefpodoxime Proxetil,25mg,Drops,Macleods Pharmaceuticals Pvt Ltd,packet of 10 ml Oral Drops,91.0,true
Macpred 16 Tablet,Methylprednisolone,16mg,Tablet,Macleods Pharmaceuticals Pvt Ltd,strip of 10 tablets,100.09,true
Macpred 1g,Methylprednisolone,1gm,Injection,Macleods Pharmaceuticals Pvt Ltd,vial of 20 ml Injection,1450.0,true
Macpred 4 Tablet,Methylprednisolone,4mg,Tablet,Macleods Pharmaceuticals Pvt Ltd,strip of 10 tablets,58.35,true
Macpred 500mg Injection,Methylprednisolone,500mg,Injection,Macleods Pharmaceuticals Pvt Ltd,vial of 10 ml Injection,895.0,true
Macpred 8 Tablet,Methylprednisolone,8mg,Tablet,Macleods Pharmaceuticals Pvt Ltd,strip of 10 tablets,63.34,true
Macpril 1.25 Tablet,Ramipril,1.25mg,Tablet,Macleods Pharmaceuticals Pvt Ltd,strip of 10 tablets,43.0,true
Macpril 10mg Tablet,Ramipril,10mg,Tablet,Macleods Pharmaceuticals Pvt Ltd,strip of 10 tablets,66.02,true
Macpril 2.5 Tablet,Ramipril,2.5mg,Tablet,Macleods Pharmaceuticals Pvt Ltd,strip of 10 tablets,55.84,true
Macpril 5 Tablet,Ramipril,5mg,Tablet,Macleods Pharmaceuticals Pvt Ltd,strip of 10 tablets,97.38,true
Macpril H 2.5 Tablet,Ramipril + Hydrochlorothiazide,2.5mg + 12.5mg,Tablet,Macleods Pharmaceuticals Pvt Ltd,strip of 10 tablets,88.0,true
Macpril H 5 Tablet,Ramipril + Hydrochlorothiazide,5mg + 12.5mg,Tablet,Macleods Pharmaceuticals Pvt Ltd,strip of 10 tablets,140.0,true
Macrozide 1000 Tablet,Pyrazinamide,1000mg,Tablet,Macleods Pharmaceuticals Pvt Ltd,strip of 6 tablets,59.53,true
Macrozide 1200mg Tablet,Pyrazinamide,1200mg,Tablet,Macleods Pharmaceuticals Pvt Ltd,strip of 6 tablets,100.0,true
Macrozide 1500 Tablet,Pyrazinamide,1500mg,Tablet,Macleods Pharmaceuticals Pvt Ltd,strip of 6 tablets,73.02,true
Macrozide 500 Tablet,Pyrazinamide,500mg,Tablet,Macleods Pharmaceuticals Pvt Ltd,strip of 6 tablets,26.71,true
Macrozide 750 Tablet,Pyrazinamide,750mg,Tablet,Macleods Pharmaceuticals Pvt Ltd,strip of 10 tablets,78.15,true
Mactor ASP 10mg/150mg Tablet,Atorvastatin + Aspirin,10mg + 150mg,Tablet,Macleods Pharmaceuticals Pvt Ltd,strip of 10 tablets,56.66,true
Maczone Plus 500 mg/250 mg Injection,Ceftriaxone + Sulbactam,500mg + 250mg,Injection,Macleods Pharmaceuticals Pvt Ltd,vial of 5 ml Injection,79.75,true
Maczone XP 250 mg/31.25 mg Injection,Ceftriaxone + Tazobactum,250mg + 31.25mg,Injection,Macleods Pharmaceuticals Pvt Ltd,vial of 5 ml Injection,55.0,true
Magprol CR 200 Tablet,Magnesium Valproate,200mg,Tablet,Intas Pharmaceuticals Ltd,strip of 10 tablet cr,64.0,true
Magprol CR 300 Tablet,Magnesium Valproate,300mg,Tablet,Intas Pharmaceuticals Ltd,strip of 10 tablet cr,94.0,true
Magprol CR 400 Tablet,Magnesium Valproate,400mg,Tablet,Intas Pharmaceuticals Ltd,strip of 10 tablet cr,119.0,true
Magprol CR 500 Tablet,Magnesium Valproate,500mg,Tablet,Intas Pharmaceuticals Ltd,strip of 10 tablet cr,142.0,true
Mahabend 200mg Syrup,Albendazole,200mg,Syrup,Mankind Pharma Ltd,bottle of 10 ml Syrup,28.0,true
Mahacef CV Dry Syrup,Cefixime + Clavulanic Acid,50mg/5ml + 31.25mg/5ml,Syrup,Mankind Pharma Ltd,bottle of 30 ml Dry Syrup,71.69,true
Mahacef Drop,Cefixime,25mg,Suspension,Mankind Pharma Ltd,bottle of 10 ml Oral Suspension,57.0,true
Mahacef Dry Syrup,Cefixime,50mg,Suspension,Mankind Pharma Ltd,bottle of 30 ml Oral Suspension,52.24,true
Mahacef-CV 100 mg/62.5 mg Tablet,Cefixime + Clavulanic Acid,100mg + 62.5mg,Tablet,Mankind Pharma Ltd,strip of 6 tablets,83.94,true
Mahacef-OZ Tablet,Cefixime + Ornidazole,200mg + 500mg,Tablet,Mankind Pharma Ltd,strip of 10 tablets,119.5,true
Mahacef-Plus 100 Tablet,Cefixime + Ofloxacin,100mg + 100mg,Tablet,Mankind Pharma Ltd,strip of 10 tablets,105.0,true
Mahacef-XL 200 New Tablet,Cefixime + Dicloxacillin,200mg + 500mg,Tablet,Mankind Pharma Ltd,strip of 10 tablet er,179.0,true
Mahacef-XL 200 Tablet,Cefixime + Dicloxacillin,200mg + 500mg,Tablet,Mankind Pharma Ltd,strip of 10 tablet er,179.0,true
Mahacort DZ 1mg Tablet,Deflazacort,1mg,Tablet,Mankind Pharma Ltd,strip of 10 tablets,9.9,true
Mahacort DZ 30mg Tablet,Deflazacort,30mg,Tablet,Mankind Pharma Ltd,strip of 10 tablets,160.0,true
Mahacort DZ 6 Tablet,Deflazacort,6mg,Tablet,Mankind Pharma Ltd,strip of 10 tablets,95.6,true
Mahacort DZ Suspension,Deflazacort,6mg/5ml,Suspension,Mankind Pharma Ltd,bottle of 30 ml Suspension,70.4,true
Mahaflox 0.3% Eye Drop,Moxifloxacin,0.3% w/v,Drops,Mankind Pharma Ltd,packet of 5 ml Eye Drop,86.9,true
Mahaflox 400 Tablet,Moxifloxacin,400mg,Tablet,Mankind Pharma Ltd,strip of 5 tablets,98.45,true
Mahaflox Eye Ointment,Moxifloxacin,0.5% w/w,Ointment,Mankind Pharma Ltd,tube of 5 gm Eye Ointment,85.0,true
Mahaflox KT Eye Drop,Ketorolac + Moxifloxacin,0.5% w/v + 0.5% w/v,Drops,Mankind Pharma Ltd,packet of 5 ml Eye Drop,155.88,true
Mahaflox-LP Eye Drop,Loteprednol etabonate + Moxifloxacin,0.5% w/v + 0.5% w/v,Drops,Mankind Pharma Ltd,packet of 5 ml Eye Drop,177.15,true
Mahagesic Gel,Diclofenac diethylamine + Linseed Oil,1.16% w/w + 3% w/w,Gel,Mankind Pharma Ltd,tube of 30 gm Gel,95.5,false
Mahagesic Plus Tablet,Diclofenac + Paracetamol,500mg + 325mg,Tablet,Mankind Pharma Ltd,strip of 10 tablets,23.5,false
Mahagesic TH Plus 8mg/100mg/325mg Tablet,Thiocolchicoside + Aceclofenac,8mg + 100mg,Tablet,Mankind Pharma Ltd,strip of 10 tablets,260.0,true
Mahalevo Syrup,Levofloxacin,,Syrup,Mankind Pharma Ltd,bottle of 30 ml Syrup,32.0,true
Mahazin M Oral Suspension,Levocetirizine + Montelukast,2.5mg + 4mg,Suspension,Mankind Pharma Ltd,bottle of 30 ml Oral Suspension,63.5,true
Maliago 250mg Tablet,Chloroquine,250mg,Tablet,Cipla Ltd,strip of 10 tablets,6.25,true
Maliago 500mg Tablet,Chloroquine,500mg,Tablet,Cipla Ltd,strip of 10 tablets,5.86,true
Maliago DS 500mg Tablet,Chloroquine,500mg,Tablet,Cipla Ltd,strip of 5 tablets,34.41,true
MASDIL 30MG TABLET,Diltiazem,30mg,Tablet,Lupin Ltd,strip of 10 tablets,18.5,true
MASDIL 60MG TABLET,Diltiazem,60mg,Tablet,Lupin Ltd,strip of 10 tablets,35.23,true
MASDIL BD 120MG TABLET,Diltiazem,120mg,Tablet,Lupin Ltd,strip of 10 tablets,64.42,true
MASDIL BD 240MG TABLET,Diltiazem,240mg,Tablet,Lupin Ltd,strip of 10 tablets,148.97,true
MASDIL BD 90MG TABLET,Diltiazem,90mg,Tablet,Lupin Ltd,strip of 10 tablets,50.33,true
Materna CC 100mg Tablet,Clomiphene,100mg,Tablet,Emcure Pharmaceuticals Ltd,strip of 5 tablets,119.05,true
Materna CC 50mg Tablet,Clomiphene,50mg,Tablet,Emcure Pharmaceuticals Ltd,strip of 5 tablets,41.95,true
Max P Syrup,Aceclofenac + Paracetamol,100mg/5ml + 125mg/5ml,Syrup,Unimax Laboratories pvt Ltd,bottle of 60 ml Syrup,50.0,false
Maxgalin 150 Capsule,Pregabalin,150mg,Capsule,Sun Pharmaceutical Industries Ltd,strip of 10 capsules,295.0,true
Maxgalin 50 Capsule,Pregabalin,50mg,Capsule,Sun Pharmaceutical Industries Ltd,strip of 10 capsules,110.0,true
Maxgalin 75 Capsule,Pregabalin,75mg,Capsule,Sun Pharmaceutical Industries Ltd,strip of 10 capsules,185.0,true
Maxgalin ER 100 Tablet,Pregabalin,100mg,Tablet,Sun Pharmaceutical Industries Ltd,strip of 10 tablet er,215.0,true
Maxgalin ER 150 Tablet,Pregabalin,150mg,Tablet,Sun Pharmaceutical Industries Ltd,strip of 10 tablet er,299.0,true
Maxgalin ER 75 Tablet,Pregabalin,75mg,Tablet,Sun Pharmaceutical Industries Ltd,strip of 10 tablet er,177.0,true
Maxgalin M 150 Capsule,Methylcobalamin + Pregabalin,750mcg + 150mg,Capsule,Sun Pharmaceutical Industries Ltd,strip of 10 capsules,258.0,true
Maxgalin M 50 Capsule,Methylcobalamin + Pregabalin,500mcg + 50mg,Capsule,Sun Pharmaceutical Industries Ltd,strip of 10 capsules,127.0,true
Maxgalin M 75 Capsule,Methylcobalamin + Pregabalin,750mcg + 75mg,Capsule,Sun Pharmaceutical Industries Ltd,strip of 10 capsules,180.0,true
Maxgalin M ER 150 Tablet,Methylcobalamin + Pregabalin,1500mcg + 150mg,Tablet,Sun Pharmaceutical Industries Ltd,strip of 10 tablet er,240.0,true
Maxgalin M ER 75 Tablet,Methylcobalamin + Pregabalin,1500mcg + 75mg,Tablet,Sun Pharmaceutical Industries Ltd,strip of 10 tablet er,185.75,true
Maxgalin NT 50mg/10mg Tablet,Pregabalin + Nortriptyline,50mg + 10mg,Tablet,Sun Pharmaceutical Industries Ltd,strip of 10 tablets,129.0,true
Maxgalin NT Tablet,Pregabalin + Nortriptyline,75mg + 10mg,Tablet,Sun Pharmaceutical Industries Ltd,strip of 10 tablets,225.0,true
Maxi 500mg Tablet,Mefenamic Acid,500mg,Tablet,Torrent Pharmaceuticals Ltd,strip of 10 tablets,65.0,false
Maxicef-O 100mg Oral Suspension,Cefixime,100mg,Suspension,Aristo Pharmaceuticals Pvt Ltd,bottle of 30 ml Oral Suspension,80.3,true
Maxiflo 250 Rotacaps,Formoterol + Fluticasone Propionate,6mcg + 250mcg,Capsule,Cipla Ltd,bottle of 30 capsules,411.56,true
Maxmala 50 Capsule,Pregabalin + Methylcobalamin,50mg + 750mcg,Capsule,Sun Pharmaceutical Industries Ltd,strip of 10 capsules,150.0,true
Maxmala Capsule,Pregabalin + Methylcobalamin,75mg + 750mcg,Capsule,Sun Pharmaceutical Industries Ltd,strip of 10 capsules,208.5,true
Maxolid DS Dry Syrup,Linezolid,100mg/5ml,Suspension,Macleods Pharmaceuticals Pvt Ltd,bottle of 30 ml Oral Suspension,128.0,true
Maxvoid 4mg Tablet,Silodosin,4mg,Tablet,Alkem Laboratories Ltd,strip of 10 tablets,212.0,true
Maxvoid 8 CP Tablet,Silodosin,8mg,Tablet,Alkem Laboratories Ltd,strip of 30 tablets,920.0,true
Maxvoid 8 Tablet,Silodosin,8mg,Tablet,Alkem Laboratories Ltd,strip of 15 tablets,460.0,true
Maxvoid Plus 4mg/0.5mg Tablet,Silodosin + Dutasteride,4mg + 0.5mg,Tablet,Alkem Laboratories Ltd,strip of 10 tablets,302.0,true
Maxvoid Plus 8 CP Tablet,Silodosin + Dutasteride,8mg + 0.5mg,Tablet,Alkem Laboratories Ltd,strip of 30 tablets,1300.0,true
Maxvoid Plus 8 Tablet,Silodosin + Dutasteride,8mg + 0.5mg,Tablet,Alkem Laboratories Ltd,strip of 15 tablets,710.0,true
Maxvoid S 8mg/5mg Tablet,Silodosin + Solifenacin,8mg + 5mg,Tablet,Alkem Laboratories Ltd,strip of 10 tablets,399.0,true
Mazetol 100 Tablet,Carbamazepine,100mg,Tablet,Abbott,strip of 10 tablets,12.64,true
Mazetol 200 Tablet,Carbamazepine,200mg,Tablet,Abbott,strip of 10 tablets,17.13,true
Mazetol 400 Tablet,Carbamazepine,400mg,Tablet,Abbott,strip of 10 tablets,36.53,true
Mazetol SR 300 Tablet,Carbamazepine,300mg,Tablet,Abbott,strip of 15 tablet er,57.88,true
Mazetol SR 400 Tablet,Carbamazepine,400mg,Tablet,Abbott,strip of 15 tablet er,85.77,true
MC Plus Syrup,Aceclofenac + Paracetamol,100mg + 125mg,Syrup,NDMA Healthcare Pvt Ltd,bottle of 60 ml Syrup,40.0,false
MDD XR 100 Tablet,Desvenlafaxine,100mg,Tablet,Abbott,strip of 15 tablet er,517.43,true
MDD XR 25 Tablet,Desvenlafaxine,25mg,Tablet,Abbott,strip of 15 tablet er,154.88,true
MDD XR 50 Tablet,Desvenlafaxine,50mg,Tablet,Abbott,strip of 15 tablet er,280.87,true
Meb SR Capsule,Mebeverine,200mg,Capsule,Intas Pharmaceuticals Ltd,strip of 10 capsule sr,146.5,false
Mecofol GB 300mg/500mcg Tablet,Gabapentin + Methylcobalamin,300mg + 500mcg,Tablet,Intas Pharmaceuticals Ltd,strip of 10 tablets,168.0,true
Mecofol Tablet,Methylcobalamin,500mcg,Tablet,Intas Pharmaceuticals Ltd,strip of 10 tablets,65.5,false
Meconerv Tablet,Methylcobalamin,500mcg,Tablet,Micro Labs Ltd,strip of 10 tablets,109.0,false
Mecorich Plus Tablet,Methylcobalamin,1500mcg,Tablet,Alkem Laboratories Ltd,strip of 10 tablets,117.0,false
Mefex 250mg Tablet,Mefloquine,250mg,Tablet,Alkem Laboratories Ltd,strip of 6 tablets,240.0,false
Mefgesic Forte 500 mg/500 mg Tablet,Mefenamic Acid + Paracetamol,500mg + 500mg,Tablet,Intas Pharmaceuticals Ltd,strip of 10 tablets,21.0,false
Mefkind Forte Tablet,Mefenamic Acid + Paracetamol,500mg + 325mg,Tablet,Mankind Pharma Ltd,strip of 10 tablets,43.56,false
Mefkind P 100mg Tablet,Mefenamic Acid,100mg,Tablet,Mankind Pharma Ltd,strip of 10 tablets,28.1,false
Mefkind-DS Suspension,Mefenamic Acid + Paracetamol,100mg/5ml + 250mg/5ml,Suspension,Mankind Pharma Ltd,bottle of 60 ml Suspension,45.98,false
Mefkind-P Suspension,Mefenamic Acid,100mg/5ml,Suspension,Mankind Pharma Ltd,bottle of 60 ml Suspension,36.8,false
Mefkind-Spas Tablet,Dicyclomine + Mefenamic Acid,10mg + 250mg,Tablet,Mankind Pharma Ltd,strip of 10 tablets,45.0,false
Meflotas Drop,Mefloquine,0.5% w/v,Drops,Intas Pharmaceuticals Ltd,packet of 5 ml Drop,78.57,false
Meflotas KT Eye Drop,Ketorolac + Moxifloxacin,,Drops,Intas Pharmaceuticals Ltd,packet of 5 ml Eye Drop,105.0,true
Meflotas LP Eye Drop,Loteprednol etabonate + Moxifloxacin,,Drops,Intas Pharmaceuticals Ltd,packet of 5 ml Eye Drop,129.0,true
Meflotas Tablet,Mefloquine,250mg,Tablet,Intas Pharmaceuticals Ltd,strip of 2 tablets,109.76,false
Mefniwel P 500mg/325mg Tablet,Mefenamic Acid + Paracetamol,500mg + 325mg,Tablet,Leeford Healthcare Ltd,strip of 10 tablets,39.0,false
Mefniwel-P DS Oral Suspension,Mefenamic Acid + Paracetamol,100mg + 250mg,Suspension,Leeford Healthcare Ltd,bottle of 60 ml Oral Suspension,65.0,false
Meftal-Forte Tablet,Mefenamic Acid + Paracetamol,500mg + 325mg,Tablet,Blue Cross Laboratories Ltd,strip of 10 tablets,44.0,false
Meftal-Spas Drops,Dicyclomine + Simethicone,10mg + 40mg,Suspension,Blue Cross Laboratories Ltd,packet of 10 ml Suspension,48.0,false
Meftal-Spas DS Tablet,Dicyclomine + Mefenamic Acid,20mg + 500mg,Tablet,Blue Cross Laboratories Ltd,strip of 10 tablets,58.0,false
Meftal-Spas Injection,Dicyclomine,10mg,Injection,Blue Cross Laboratories Ltd,ampoule of 2 ml Injection,6.34,true
Meftal-Spas Suspension,Dicyclomine + Simethicone,10mg + 40mg,Suspension,Blue Cross Laboratories Ltd,bottle of 60 ml Oral Suspension,84.0,false
Meftal-Spas Tablet,Dicyclomine + Mefenamic Acid,10mg + 250mg,Tablet,Blue Cross Laboratories Ltd,strip of 10 tablets,50.0,false
Mefzox Forte Tablet,Mefenamic Acid + Paracetamol,500mg + 325mg,Tablet,Ikon Remedies Pvt Ltd,strip of 10 tablets,79.5,false
Mega-CV 150mg Injection,Amoxycillin + Clavulanic Acid,125mg + 25mg,Injection,Aristo Pharmaceuticals Pvt Ltd,vial of 1 Powder for Injection,59.0,true
Mega-CV 600mg Injection,Amoxycillin + Clavulanic Acid,500mg + 100mg,Injection,Aristo Pharmaceuticals Pvt Ltd,vial of 10 ml Injection,93.68,true
Mega-CV Drops,Amoxycillin + Clavulanic Acid,80mg + 11.4mg,Suspension,Aristo Pharmaceuticals Pvt Ltd,packet of 10 ml Oral Suspension,69.45,true
Megaclox 125mg/125mg Capsule,Ampicillin + Cloxacillin,125mg + 125mg,Capsule,Cipla Ltd,strip of 10 capsules,105.05,true
Megadol Kid Tablet,Ibuprofen + Paracetamol,100mg + 125mg,Tablet,Alembic Pharmaceuticals Ltd,strip of 10 tablets,28.57,false
Megadol New Syrup,Ibuprofen + Paracetamol,100mg + 125mg,Syrup,Alembic Pharmaceuticals Ltd,bottle of 60 ml Syrup,43.49,false
Megadol SP Tablet,Chlorzoxazone + Diclofenac,500mg + 50mg,Tablet,Alembic Pharmaceuticals Ltd,strip of 10 tablets,46.37,false
Megadol Syrup,Ibuprofen + Paracetamol,100mg + 125mg,Syrup,Alembic Pharmaceuticals Ltd,bottle of 60 ml Syrup,31.16,false
Megagest 100mg Soft Gelatin Capsule,Progesterone,100mg,Capsule,Ikon Remedies Pvt Ltd,strip of 10 soft gelatin capsules,155.0,true
Megagest 200mg Soft Gelatin Capsule,Progesterone,200mg,Capsule,Ikon Remedies Pvt Ltd,strip of 10 soft gelatin capsules,285.0,true
Megamentin Duo Dry Syrup,Amoxycillin + Clavulanic Acid,400mg + 57mg,Syrup,Intas Pharmaceuticals Ltd,bottle of 30 ml Dry Syrup,121.0,true
Megamox 500mg Tablet DT,Amoxycillin,500mg,Tablet,Abbott,strip of 10 tablet dt,108.85,true
Megamox LB 250mg/250mg Capsule,Amoxycillin + Clavulanic Acid,250mg + 250mg,Capsule,Uni-Pex Pharmaceuticals Pvt Ltd,strip of 10 capsules,82.5,true
Megamox-CV Dry Syrup,Amoxycillin + Clavulanic Acid,200mg + 28.5mg,Powder,Abbott,bottle of 30 ml Powder for Oral Suspension,55.07,true
Meganerv Injection,Methylcobalamin,500mcg,Injection,Alkem Laboratories Ltd,vial of 1 ml Injection,58.0,true
Meganor Oral Suspension,Ofloxacin + Ornidazole,50mg + 125mg,Suspension,Alkem Laboratories Ltd,bottle of 30 ml Oral Suspension,42.0,true
Megapen 125mg/125mg Capsule,Ampicillin + Cloxacillin,125mg + 125mg,Capsule,Aristo Pharmaceuticals Pvt Ltd,strip of 10 capsules,26.45,true
Megapen Drop,Ampicillin + Cloxacillin,100mg + 50mg,Drops,Aristo Pharmaceuticals Pvt Ltd,packet of 10 ml Drop,20.8,true
Megatas 25 Tablet ER,Mirabegron,25mg,Tablet,Intas Pharmaceuticals Ltd,strip of 10 tablet er,249.0,false
Megatas 50 Tablet ER,Mirabegron,50mg,Tablet,Intas Pharmaceuticals Ltd,strip of 10 tablet er,389.0,false
Megatas S 50 Tablet ER,Mirabegron + Solifenacin,50mg + 5mg,Tablet,Intas Pharmaceuticals Ltd,strip of 10 tablet er,545.0,false
Megatas-S 25 Tablet ER,Mirabegron + Solifenacin,25mg + 5mg,Tablet,Intas Pharmaceuticals Ltd,strip of 10 tablet er,375.0,false
Megatil 100mg Tablet,Chlorpromazine,100mg,Tablet,Intas Pharmaceuticals Ltd,strip of 10 tablets,10.4,false
Megatil 200mg Tablet,Chlorpromazine,200mg,Tablet,Intas Pharmaceuticals Ltd,strip of 10 tablets,19.5,false
Megatil 25mg Tablet,Chlorpromazine,25mg,Tablet,Intas Pharmaceuticals Ltd,strip of 10 tablets,4.25,false
Megatil 50mg Tablet,Chlorpromazine,50mg,Tablet,Intas Pharmaceuticals Ltd,strip of 10 tablets,7.6,false
Megazolid 100 Dry Syrup,Linezolid,100mg/5ml,Suspension,Aristo Pharmaceuticals Pvt Ltd,bottle of 30 ml Oral Suspension,135.75,true
Megmazole 300mg Tablet,Fluconazole,300mg,Tablet,Ridhima Biocare,strip of 1 Tablet,29.0,true
Melalite XL Cream,Hydroquinone + Mometasone,2% w/w + 0.1% w/w,Cream,Abbott,tube of 15 gm Cream,284.08,true
Melmet 850mg Tablet,Metformin,850mg,Tablet,Micro Labs Ltd,strip of 10 tablets,15.0,true
Melpred 1000mg Injection,Methylprednisolone,1000mg,Injection,Cipla Ltd,vial of 1 Injection,900.0,true
Melpred 16mg Tablet,Methylprednisolone,16mg,Tablet,Cipla Ltd,strip of 10 tablets,100.0,true
Melpred 40mg Injection,Methylprednisolone,40mg,Injection,Cipla Ltd,vial of 1 Injection,100.0,true
Melpred 4mg Tablet,Methylprednisolone,4mg,Tablet,Cipla Ltd,strip of 10 tablets,39.9,true
Melzap 1mg Tablet MD,Clonazepam,1mg,Tablet,Alkem Laboratories Ltd,strip of 10 tablet md,52.5,true
Melzap 2mg Tablet MD,Clonazepam,2mg,Tablet,Alkem Laboratories Ltd,strip of 10 tablet md,116.0,true
Melzap Film,Clonazepam,0.5mg,Other,Alkem Laboratories Ltd,packet of 1 Disintegrating Strip,5.97,true
Melzap MD 0.25 Tablet,Clonazepam,0.25mg,Tablet,Alkem Laboratories Ltd,strip of 10 tablet md,20.38,true
Mepresso 1000mg Injection,Methylprednisolone,1000mg,Injection,Intas Pharmaceuticals Ltd,vial of 1 ml Injection,1034.0,true
Mepresso 125mg Injection,Methylprednisolone,125mg,Injection,Intas Pharmaceuticals Ltd,vial of 1 ml Injection,256.5,true
Mepresso 40mg Injection,Methylprednisolone,40mg,Injection,Intas Pharmaceuticals Ltd,vial of 1 ml Injection,69.15,true
Mepresso 500mg Injection,Methylprednisolone,500mg,Injection,Intas Pharmaceuticals Ltd,vial of 1 ml Injection,589.0,true
Mepresso D 40mg Injection,Methylprednisolone,40mg,Injection,Intas Pharmaceuticals Ltd,vial of 2 ml Injection,53.47,true
Mepresso D 80mg Injection,Methylprednisolone,80mg,Injection,Intas Pharmaceuticals Ltd,vial of 2 ml Injection,46.4,true
Mepresso I 125mg Injection,Methylprednisolone,125mg,Injection,Intas Pharmaceuticals Ltd,vial of 1 Injection,361.0,true
Mepresso I 40mg Injection,Methylprednisolone,40mg,Injection,Intas Pharmaceuticals Ltd,vial of 1 Injection,72.5,true
Mepresso I 500mg Injection,Methylprednisolone,500mg,Injection,Intas Pharmaceuticals Ltd,vial of 1 Injection,907.0,true
Mepresso T 16mg Tablet,Methylprednisolone,16mg,Tablet,Intas Pharmaceuticals Ltd,strip of 10 tablets,99.57,true
Mepresso T 4mg Tablet,Methylprednisolone,4mg,Tablet,Intas Pharmaceuticals Ltd,strip of 10 tablets,48.5,true
Mepresso T 8mg Tablet,Methylprednisolone,8mg,Tablet,Intas Pharmaceuticals Ltd,strip of 10 tablets,56.9,true
Mepresso-i 1 Injection,Methylprednisolone,1000mg,Injection,Intas Pharmaceuticals Ltd,vial of 1 Injection,1339.0,true
Merimol 250mg/5ml Syrup,Paracetamol,250mg/5ml,Syrup,Wockhardt Ltd,bottle of 60 ml Syrup,13.12,false
Merisulide 50mg Syrup,Nimesulide,50mg,Syrup,Wockhardt Ltd,bottle of 60 ml Syrup,63.43,false
Merocrit 0.5gm Injection,Meropenem,500mg,Injection,Cipla Ltd,vial of 5 ml Injection,2076.96,true
Merocrit 125mg Injection,Meropenem,125mg,Injection,Cipla Ltd,vial of 1 Injection,330.0,true
Merocrit 1gm Injection,Meropenem,1gm,Injection,Cipla Ltd,vial of 1 gm Powder for Injection,780.0,true
Merocrit 250mg Injection,Meropenem,250mg,Injection,Cipla Ltd,vial of 1 Injection,379.33,true
Merocrit Baby 125mg Injection,Meropenem,125mg,Injection,Cipla Ltd,vial of 5 ml Injection,211.75,true
Meromac 0.5gm Injection,Meropenem,0.5gm,Injection,Macleods Pharmaceuticals Pvt Ltd,vial of 1 Powder for Injection,422.2,true
Meromac 1gm Injection,Meropenem,1gm,Injection,Macleods Pharmaceuticals Pvt Ltd,vial of 1 Powder for Injection,710.5,true
Meromac 2000mg Injection,Meropenem,2000mg,Injection,Macleods Pharmaceuticals Pvt Ltd,vial of 1 Injection,1150.0,true
Meromac 250mg Injection,Meropenem,250mg,Injection,Macleods Pharmaceuticals Pvt Ltd,vial of 1 Injection,270.0,true
Merosure 125mg Injection,Meropenem,125mg,Injection,Alkem Laboratories Ltd,vial of 1 Injection,145.0,true
Merosure 125mg Kit,Meropenem,125mg,Injection,Alkem Laboratories Ltd,packet of 1 Injection,269.24,true
Merosure 1gm Injection,Meropenem,1gm,Injection,Alkem Laboratories Ltd,vial of 1 Injection,960.0,true
Merosure 250mg Injection,Meropenem,250mg,Injection,Alkem Laboratories Ltd,vial of 1 ml Injection,255.0,true
Merosure 500mg Injection,Meropenem,500mg,Injection,Alkem Laboratories Ltd,vial of 1 Injection,575.0,true
Merosure O ER 300 Tablet,Faropenem,300mg,Tablet,Alkem Laboratories Ltd,strip of 6 tablet er,675.0,false
Merosure O Tablet,Faropenem,200mg,Tablet,Alkem Laboratories Ltd,strip of 6 tablets,515.0,false
Mesacol 800 Tablet DR,Mesalazine,800mg,Tablet,Sun Pharmaceutical Industries Ltd,strip of 15 Tablet DR,333.0,true
Mesacol CR 500mg Tablet,Mesalazine,500mg,Tablet,Sun Pharmaceutical Industries Ltd,strip of 10 Tablet pr,218.0,true
Mesacol OD Tablet PR,Mesalazine,1200mg,Tablet,Sun Pharmaceutical Industries Ltd,strip of 15 Tablet pr,522.5,true
Mesacol Tablet DR,Mesalazine,400mg,Tablet,Sun Pharmaceutical Industries Ltd,strip of 15 Tablet DR,139.25,true
Met Stamlo 25 Capsule,Amlodipine + Metoprolol Succinate,5mg + 25mg,Capsule,Dr Reddy's Laboratories Ltd,strip of 10 capsules,61.5,true
Met Stamlo Capsule ER,Amlodipine + Metoprolol Succinate,5mg + 50mg,Capsule,Dr Reddy's Laboratories Ltd,strip of 10 capsule er,134.0,true
Met XL AM 25/2.5 Tablet,Amlodipine + Metoprolol Succinate,2.5mg + 23.75mg,Tablet,Ajanta Pharma Ltd,strip of 20 Tablet pr,177.0,true
Metadon 100mg Tablet XL,Metoprolol Succinate,100mg,Tablet,Leeford Healthcare Ltd,strip of 10 tablet xl,106.0,true
Metadon 25mg Tablet XL,Metoprolol Succinate,25mg,Tablet,Leeford Healthcare Ltd,strip of 10 tablet xl,90.0,true
Metadon 50mg Tablet XL,Metoprolol Succinate,50mg,Tablet,Leeford Healthcare Ltd,strip of 10 tablet xl,63.0,true
Metapol 25 AM Tablet PR,Amlodipine + Metoprolol Succinate,5mg + 23.75mg,Tablet,Leeford Healthcare Ltd,strip of 10 Tablet pr,65.0,true
Metapro 25 Tablet,Metoprolol Tartrate,25mg,Tablet,Micro Labs Ltd,strip of 10 tablets,29.9,true
Metapro 3D 12.5mg/50mg/40mg Tablet,Chlorthalidone + Metoprolol Succinate,12.5mg + 50mg,Tablet,Micro Labs Ltd,strip of 10 tablets,155.0,true
Metapro 3D 25 Tablet ER,Chlorthalidone + Metoprolol Succinate,12.5mg + 23.75mg,Tablet,Micro Labs Ltd,strip of 10 tablet er,121.8,true
Metapro 50 Tablet,Metoprolol Tartrate,50mg,Tablet,Micro Labs Ltd,strip of 10 tablets,45.0,true
Metapro AM 2.5mg/25mg Tablet,Amlodipine + Metoprolol Succinate,2.5mg + 25mg,Tablet,Micro Labs Ltd,strip of 7 tablets,60.0,true
Metapro CL 10mg/50mg Tablet,Cilnidipine + Metoprolol Succinate,10mg + 50mg,Tablet,Micro Labs Ltd,strip of 10 tablets,90.0,true
Meth OD 10mg Tablet,Methylphenidate,10mg,Tablet,Intas Pharmaceuticals Ltd,strip of 10 tablets,121.0,true
Meth OD 20mg Tablet,Methylphenidate,20mg,Tablet,Intas Pharmaceuticals Ltd,strip of 10 tablets,161.61,true
Methico 500mcg Tablet,Methylcobalamin,500mcg,Tablet,East West Pharma,strip of 10 tablets,68.0,false
Methico OD Tablet,Methylcobalamin,1500mcg,Tablet,East West Pharma,strip of 10 tablets,143.0,false
Metocard AM Tablet PR,Amlodipine + Metoprolol Succinate,5mg + 50mg,Tablet,Torrent Pharmaceuticals Ltd,strip of 10 Tablet pr,144.2,true
Metocard H 25 Tablet ER,Metoprolol Succinate + Hydrochlorothiazide,25mg + 12.5mg,Tablet,Torrent Pharmaceuticals Ltd,strip of 10 tablet er,53.5,true
Metocard H 50 Tablet ER,Metoprolol Succinate + Hydrochlorothiazide,50mg + 12.5mg,Tablet,Torrent Pharmaceuticals Ltd,strip of 10 tablet er,118.0,true
Metocard XL 100 Tablet,Metoprolol Succinate,95mg,Tablet,Torrent Pharmaceuticals Ltd,strip of 10 Tablet pr,173.05,true
Metocard XL 12.5 Tablet,Metoprolol Succinate,11.88mg,Tablet,Torrent Pharmaceuticals Ltd,strip of 10 Tablet pr,48.8,true
Metocard XL 25 Tablet,Metoprolol Succinate,23.75mg,Tablet,Torrent Pharmaceuticals Ltd,strip of 10 Tablet pr,48.4,true
Metocard XL 50 Tablet,Metoprolol Succinate,50mg,Tablet,Torrent Pharmaceuticals Ltd,strip of 10 Tablet pr,71.55,true
Metocard XL 75 Tablet,Metoprolol Succinate,71.25mg,Tablet,Torrent Pharmaceuticals Ltd,strip of 10 Tablet pr,165.0,true
Metocard-CHT 25 Tablet ER,Chlorthalidone + Metoprolol Succinate,12.5mg + 25mg,Tablet,Torrent Pharmaceuticals Ltd,strip of 10 tablet er,121.85,true
Metocard-CHT 50 Tablet ER,Chlorthalidone + Metoprolol Succinate,12.5mg + 50mg,Tablet,Torrent Pharmaceuticals Ltd,strip of 10 tablet er,144.55,true
Metolar 100 Tablet,Metoprolol Tartrate,100mg,Tablet,Cipla Ltd,strip of 10 tablets,89.17,true
Metolar 25 Tablet,Metoprolol Tartrate,25mg,Tablet,Cipla Ltd,strip of 15 tablets,40.57,true
Metolar 50 Tablet,Metoprolol Tartrate,50mg,Tablet,Cipla Ltd,strip of 15 tablets,66.07,true
Metolar AM 25 Tablet,Amlodipine + Metoprolol Succinate,5mg + 25mg,Tablet,Cipla Ltd,strip of 10 tablets,90.77,true
Metolar AM 50 Tablet,Amlodipine + Metoprolol Succinate,5mg + 50mg,Tablet,Cipla Ltd,strip of 10 tablets,162.51,true
Metolar R 25mg/2.5mg Tablet,Metoprolol Succinate + Ramipril,25mg + 2.5mg,Tablet,Cipla Ltd,strip of 10 tablets,162.0,true
Metolar R 50mg/5mg Tablet,Metoprolol Succinate + Ramipril,50mg + 5mg,Tablet,Cipla Ltd,strip of 10 tablets,189.0,true
Metolar TL 25 Tablet,Telmisartan + Metoprolol Succinate,40mg + 25mg,Tablet,Cipla Ltd,strip of 10 tablets,151.16,true
Metolar TL 50 Tablet,Telmisartan + Metoprolol Succinate,40mg + 47.50mg,Tablet,Cipla Ltd,strip of 10 tablets,181.18,true
Metolar XR 100 Capsule,Metoprolol Succinate,95mg,Capsule,Cipla Ltd,strip of 10 capsule er,203.5,true
Metolar XR 12.5 Capsule,Metoprolol Succinate,11.8mg,Capsule,Cipla Ltd,strip of 15 capsule er,79.05,true
Metolar XR 25 Capsule,Metoprolol Succinate,23.75mg,Capsule,Cipla Ltd,strip of 15 capsule er,75.09,true
Metolar XR 50 Capsule,Metoprolol Succinate,47.5mg,Capsule,Cipla Ltd,strip of 15 capsule er,107.53,true
Metolar XT 100 Tablet,Metoprolol Succinate,95mg,Tablet,Cipla Ltd,strip of 15 tablet er,173.71,true
Metolar XT 25 Tablet,Metoprolol Succinate,23.75mg,Tablet,Cipla Ltd,strip of 15 tablet er,75.09,true
Metolar-XT 50 Tablet,Metoprolol Succinate,47.5mg,Tablet,Cipla Ltd,strip of 15 tablet er,106.64,true
Metosartan CH 25 Tablet ER,Chlorthalidone + Metoprolol Succinate,12.5mg + 25mg,Tablet,Sun Pharmaceutical Industries Ltd,strip of 10 tablet er,131.0,true
Metosartan CH 50 Tablet ER,Chlorthalidone + Metoprolol Succinate,12.5mg + 50mg,Tablet,Sun Pharmaceutical Industries Ltd,strip of 10 tablet er,155.0,true
Metosartan LN 25 Tablet ER,Cilnidipine + Metoprolol Succinate,10mg + 23.75mg,Tablet,Sun Pharmaceutical Industries Ltd,strip of 10 tablet er,123.5,true
Metosartan LN Tablet ER,Cilnidipine + Metoprolol Succinate,10mg + 47.5mg,Tablet,Sun Pharmaceutical Industries Ltd,strip of 10 tablet er,151.0,true
Metpure-AM 2.5 Tablet,Amlodipine + Metoprolol Succinate,2.5mg + 25mg,Tablet,Emcure Pharmaceuticals Ltd,strip of 10 tablets,163.25,true
Metpure-Tel 20 Tablet,Telmisartan + Metoprolol Succinate,20mg + 25mg,Tablet,Emcure Pharmaceuticals Ltd,strip of 10 tablets,140.1,true
Metrate XL 12.5 Tablet,Metoprolol Succinate,12.5mg,Tablet,Care Formulation Labs Pvt Ltd,strip of 10 tablet er,34.5,true
Metride 3mg/500mg Tablet,Glimepiride + Metformin,3mg + 500mg,Tablet,Torrent Pharmaceuticals Ltd,strip of 10 tablets,70.8,true
Metride 4mg/500mg Tablet,Glimepiride + Metformin,4mg + 500mg,Tablet,Torrent Pharmaceuticals Ltd,strip of 10 tablets,110.75,true
Metride DS 3 Tablet PR,Glimepiride + Metformin,3mg + 1000mg,Tablet,Torrent Pharmaceuticals Ltd,strip of 10 Tablet pr,139.55,true
Metride DS 4 Tablet PR,Glimepiride + Metformin,4mg + 1000mg,Tablet,Torrent Pharmaceuticals Ltd,strip of 10 Tablet pr,171.7,true
Metrogyl 400 Tablet,Metronidazole,400mg,Tablet,J B Chemicals and Pharmaceuticals Ltd,strip of 15 tablets,23.85,true
Metron 100mg Suspension,Metronidazole,100mg,Suspension,Alkem Laboratories Ltd,bottle of 30 ml Suspension,16.21,true
Metron 200mg/5ml Suspension,Metronidazole,200mg/5ml,Suspension,Alkem Laboratories Ltd,bottle of 60 ml Suspension,13.71,true
Metron 400mg Tablet,Metronidazole,400mg,Tablet,Alkem Laboratories Ltd,strip of 10 tablets,23.75,true
Metsep-M 1 Tablet PR,Glimepiride + Metformin,500mg + 1mg,Tablet,Sepik Life Sciences,strip of 10 Tablet pr,51.0,true
Metspot 25mg Tablet,Metoprolol Succinate,25mg,Tablet,Cadila Pharmaceuticals Ltd,strip of 10 tablets,43.82,true
Metspot 50mg Tablet,Metoprolol Succinate,50mg,Tablet,Cadila Pharmaceuticals Ltd,strip of 10 tablets,56.37,true
Mexate 10 Tablet,Methotrexate,10mg,Tablet,Zydus Cadila,strip of 4 tablets,51.11,true
Mexate 10 Tablet,Methotrexate,10mg,Tablet,Zydus Cadila,strip of 10 tablets,141.44,true
Mexate 15 Tablet,Methotrexate,15mg,Tablet,Zydus Cadila,strip of 10 tablets,423.7,true
Mexate 2.5 Tablet,Methotrexate,2.5mg,Tablet,Zydus Cadila,strip of 4 tablets,20.02,true
Mexate 2.5 Tablet,Methotrexate,2.5mg,Tablet,Zydus Cadila,strip of 10 tablets,50.3,true
Mexate 5 Tablet,Methotrexate,5mg,Tablet,Zydus Cadila,strip of 10 tablets,97.52,true
Mexate 5 Tablet,Methotrexate,5mg,Tablet,Zydus Cadila,strip of 4 tablets,35.23,true
Mexate 7.5 Tablet,Methotrexate,7.5mg,Tablet,Zydus Cadila,strip of 10 tablets,135.02,true
Mexate 7.5 Tablet,Methotrexate,7.5mg,Tablet,Zydus Cadila,strip of 4 tablets,48.76,true
Mflotas D Eye Drop,Moxifloxacin + Dexamethasone,0.5% w/v + 0.1% w/v,Drops,Intas Pharmaceuticals Ltd,packet of 10 ml Eye Drop,18.08,true
Mflotas DX Eye Drop,Moxifloxacin + Dexamethasone,0.5% w/v + 0.1% w/v,Drops,Intas Pharmaceuticals Ltd,packet of 5 ml Eye Drop,128.0,true
Mflotas Eye Drop,Moxifloxacin,0.5% w/v,Drops,Intas Pharmaceuticals Ltd,packet of 5 ml Eye Drop,140.0,true
Mflotas KT Eye Drop,Ketorolac + Moxifloxacin,0.4% w/v + 0.5% w/v,Drops,Intas Pharmaceuticals Ltd,packet of 5 ml Eye Drop,135.0,true
Mflotas LP Eye Drop,Loteprednol etabonate + Moxifloxacin,0.5% w/v + 0.5% w/v,Drops,Intas Pharmaceuticals Ltd,packet of 5 ml Eye Drop,168.0,true
Mflotas-DX Eye Drop BAK Free,Moxifloxacin + Dexamethasone,0.5% w/v + 0.1% w/v,Drops,Intas Pharmaceuticals Ltd,bottle of 5 ml Eye Drop,128.0,true
Mflotas-LP Eye Drop BKC Free,Loteprednol etabonate + Moxifloxacin,5mg + 5mg,Drops,Intas Pharmaceuticals Ltd,bottle of 5 ml Opthalmic Suspension,168.0,true
Micef O Plus 200 mg/200 mg Capsule,Cefixime + Ofloxacin,200mg + 200mg,Capsule,Micro Labs Ltd,strip of 10 capsules,163.5,true
Micef O Plus Dry Syrup,Cefixime + Ofloxacin,50mg + 50mg,Syrup,Micro Labs Ltd,bottle of 30 ml Dry Syrup,60.0,true
Microbact XL Redimed 100mg Oral Suspension,Azithromycin,100mg,Suspension,Micro Labs Ltd,bottle of 30 ml Oral Suspension,75.0,true
Microbact XL Redimed 200mg Oral Suspension,Azithromycin,200mg,Suspension,Micro Labs Ltd,bottle of 30 ml Oral Suspension,103.15,true
Microcef 50 Dry Syrup,Cefpodoxime Proxetil,50mg/5ml,Suspension,Micro Labs Ltd,bottle of 30 ml Oral Suspension,107.0,true
Microcef 50mg Tablet,Cefpodoxime Proxetil,50mg,Tablet,Micro Labs Ltd,strip of 10 tablets,80.5,true
Microcef CV 100mg/62.5mg Tablet DT,Cefpodoxime Proxetil + Clavulanic Acid,100mg + 62.5mg,Tablet,Micro Labs Ltd,strip of 10 tablet dt,212.0,true
Microcef-CV 50 Dry Syrup,Cefpodoxime Proxetil + Clavulanic Acid,50mg + 31.25mg,Powder,Micro Labs Ltd,bottle of 30 ml Powder for Oral Suspension,111.0,true
Microflamp SD Tablet,Aceclofenac + Paracetamol,,Tablet,Micro Labs Ltd,strip of 10 tablets,45.0,false
Microgat 0.3% Eye Ointment,Gatifloxacin,0.3% w/w,Ointment,Micro Labs Ltd,tube of 5 gm Eye Ointment,60.5,true
Microgat 400mg Tablet,Gatifloxacin,400mg,Tablet,Micro Labs Ltd,strip of 10 tablets,65.0,true
Microgat Eye Drop,Gatifloxacin,0.3% w/v,Drops,Micro Labs Ltd,bottle of 5 ml Eye Drop,46.45,true
Micromentin DDS Syrup,Amoxycillin + Clavulanic Acid,400mg + 68mg,Syrup,Micro Labs Ltd,bottle of 30 ml Syrup,93.45,true
Micromentin Duo Oral Suspension,Amoxycillin + Clavulanic Acid,200mg + 28mg,Suspension,Micro Labs Ltd,bottle of 30 ml Oral Suspension,57.12,true
Micronac PF Eye Drop,Nepafenac,0.1% w/v,Drops,Micro Labs Ltd,bottle of 5 ml Opthalmic Suspension,187.0,false
Micronac TC 100mg/8mg Tablet,Aceclofenac + Thiocolchicoside,100mg + 8mg,Tablet,Micro Labs Ltd,strip of 10 tablets,220.0,true
Micropod 100mg Oral Suspension,Cefpodoxime Proxetil,100mg,Suspension,Micro Labs Ltd,bottle of 30 ml Oral Suspension,90.0,true
Micropod Dry Syrup,Cefpodoxime Proxetil,,Syrup,Micro Labs Ltd,bottle of 30 ml Dry Syrup,61.22,true
Migrabeta 10mg Tablet,Propranolol,10mg,Tablet,Alkem Laboratories Ltd,strip of 10 tablets,14.29,true
Migrabeta 60mg Capsule,Propranolol,60mg,Capsule,Alkem Laboratories Ltd,strip of 10 capsules,34.33,true
Migrabeta 80mg Capsule,Propranolol,80mg,Capsule,Alkem Laboratories Ltd,strip of 10 capsules,48.11,true
Migrabeta Plus Tablet,Propranolol + Flunarizine,40mg + 10mg,Tablet,Alkem Laboratories Ltd,strip of 10 tablets,144.0,true
Migrabeta-TR 20 Tablet SR,Propranolol,20mg,Tablet,Alkem Laboratories Ltd,strip of 10 tablet sr,35.0,true
Migrabeta-TR 40 Tablet,Propranolol,40mg,Tablet,Alkem Laboratories Ltd,strip of 15 tablet sr,51.36,true
Migrabeta-TR 60 Tablet,Propranolol,60mg,Tablet,Alkem Laboratories Ltd,strip of 10 tablet sr,68.0,true
Migrabeta-TR 80 Tablet,Propranolol,80mg,Tablet,Alkem Laboratories Ltd,strip of 10 tablet sr,61.98,true
Migranex 10 Tablet,Flunarizine,10mg,Tablet,Intas Pharmaceuticals Ltd,strip of 10 tablets,58.91,true
Migranex 5 Tablet,Flunarizine,5mg,Tablet,Intas Pharmaceuticals Ltd,strip of 10 tablets,34.27,true
Mikatax 100mg Injection,Amikacin,100mg,Injection,Alkem Laboratories Ltd,vial of 2 ml Injection,30.0,true
Mikatax 250mg Injection,Amikacin,250mg,Injection,Alkem Laboratories Ltd,vial of 2 ml Injection,50.5,true
Mikatax 500mg Injection,Amikacin,500mg,Injection,Alkem Laboratories Ltd,vial of 2 ml Injection,119.0,true
Mikatax Mdv 500mg Injection,Amikacin,500mg,Injection,Alkem Laboratories Ltd,vial of 10 ml Injection,250.0,true
Milflox DF Eye Drop,Moxifloxacin + Difluprednate,0.5% w/v + 0.05% w/v,Drops,Sun Pharmaceutical Industries Ltd,packet of 5 ml Eye Drop,209.0,true
Milflox Plus 0.4 Sterlie Eye Drops,Ketorolac + Moxifloxacin,0.4% w/v + 0.5% w/v,Drops,Sun Pharmaceutical Industries Ltd,packet of 5 ml Ophthalmic Solution,169.0,true
Milixim-O 400 SR Tablet,Cefixime + Ofloxacin,400mg + 400mg,Tablet,Glenmark Pharmaceuticals Ltd,strip of 5 tablet sr,156.0,true
Minolast FX Oral Suspension,Montelukast + Fexofenadine,4mg/5ml + 60mg/5ml,Suspension,Leeford Healthcare Ltd,bottle of 60 ml Oral Suspension,110.0,true
Minoz 100 Tablet,Minocycline,100mg,Tablet,Sun Pharmaceutical Industries Ltd,strip of 10 tablets,440.0,true
Minoz 50 Tablet,Minocycline,50mg,Tablet,Sun Pharmaceutical Industries Ltd,strip of 10 tablets,285.0,true
Minoz ER 45 Tablet,Minocycline,45mg,Tablet,Sun Pharmaceutical Industries Ltd,strip of 10 tablet er,260.0,true
Minoz ER 65 Tablet,Minocycline,65mg,Tablet,Sun Pharmaceutical Industries Ltd,strip of 10 tablet er,418.0,true
Minoz OD 100 Capsule MR,Minocycline,100mg,Capsule,Sun Pharmaceutical Industries Ltd,strip of 10 capsule mr,499.0,true
Minoz-BPO Gel,Adapalene + Benzoyl Peroxide,0.1% w/w + 2.5% w/w,Gel,Sun Pharmaceutical Industries Ltd,tube of 15 gm Gel,399.0,false
Minscalp 10% Gel (30gm Each),Minoxidil,10% w/v,Gel,East West Pharma,packet of 2 Tubes,734.0,false
Minscalp 2% Gel,Minoxidil,2%,Gel,East West Pharma,tube of 30 gm Gel,266.0,false
Minscalp 5% Gel,Minoxidil,5% w/v,Gel,East West Pharma,tube of 30 gm Gel,446.0,false
Mintagesic P Syrup,Mefenamic Acid + Paracetamol,50mg + 125mg,Syrup,Intas Pharmaceuticals Ltd,bottle of 60 ml Syrup,43.0,false
Miofree 4 Capsule,Thiocolchicoside,4mg,Capsule,Lupin Ltd,strip of 10 capsules,190.0,true
Miofree 8mg Capsule,Thiocolchicoside,8mg,Capsule,Lupin Ltd,strip of 10 capsules,335.8,true
Mirago 25 Tablet ER,Mirabegron,25mg,Tablet,Sun Pharmaceutical Industries Ltd,strip of 10 tablet er,239.0,false
Mirago 50 Tablet ER,Mirabegron,50mg,Tablet,Sun Pharmaceutical Industries Ltd,strip of 10 tablet er,351.0,false
Mirago S 25 Tablet ER,Mirabegron + Solifenacin,25mg + 5mg,Tablet,Sun Pharmaceutical Industries Ltd,strip of 10 tablet er,411.0,false
Mirago S 50 Tablet ER,Mirabegron + Solifenacin,50mg + 5mg,Tablet,Sun Pharmaceutical Industries Ltd,strip of 10 tablet er,549.0,false
Miramind 15mg Tablet,Mirtazapine,15mg,Tablet,Torrent Pharmaceuticals Ltd,strip of 10 tablets,61.75,true
Miramind 30mg Tablet,Mirtazapine,30mg,Tablet,Torrent Pharmaceuticals Ltd,strip of 10 tablets,122.25,true
Miramind 7.5mg Tablet,Mirtazapine,7.5mg,Tablet,Torrent Pharmaceuticals Ltd,strip of 10 tablets,35.2,true
Mirator 0.125 Tablet,Pramipexole,0.125mg,Tablet,Torrent Pharmaceuticals Ltd,strip of 10 tablets,55.25,true
Mirator 0.25 Tablet,Pramipexole,0.25mg,Tablet,Torrent Pharmaceuticals Ltd,strip of 10 tablets,105.65,true
Mirator 0.5 Tablet,Pramipexole,0.5mg,Tablet,Torrent Pharmaceuticals Ltd,strip of 10 tablets,151.35,true
Mirator 1mg Tablet,Pramipexole,1mg,Tablet,Torrent Pharmaceuticals Ltd,strip of 10 tablets,154.0,true
Mirnite 15mg Tablet,Mirtazapine,15mg,Tablet,Intas Pharmaceuticals Ltd,strip of 10 tablets,131.0,true
Mirnite 30 Tablet,Mirtazapine,30mg,Tablet,Intas Pharmaceuticals Ltd,strip of 10 tablets,233.0,true
Mirnite 7.5mg Tablet,Mirtazapine,7.5mg,Tablet,Intas Pharmaceuticals Ltd,strip of 10 tablets,83.5,true
Mirnite 7.5mg Tablet DT,Mirtazapine,7.5mg,Tablet,Intas Pharmaceuticals Ltd,strip of 10 tablet dt,76.5,true
Mirnite Meltab 15mg Tablet DT,Mirtazapine,15mg,Tablet,Intas Pharmaceuticals Ltd,strip of 10 tablet dt,147.0,true
Mirnite Meltab 30 Tablet MD,Mirtazapine,30mg,Tablet,Intas Pharmaceuticals Ltd,strip of 10 tablet md,204.0,true
Mirnite Meltab 7.5 Tablet MD,Mirtazapine,7.5mg,Tablet,Intas Pharmaceuticals Ltd,strip of 10 tablet md,70.0,true
Mirtadep 15mg Tablet,Mirtazapine,15mg,Tablet,Torrent Pharmaceuticals Ltd,strip of 10 tablets,90.4,true
Mirtadep 30mg Tablet,Mirtazapine,30mg,Tablet,Torrent Pharmaceuticals Ltd,strip of 10 tablets,107.78,true
Mirtaz 15 Tablet,Mirtazapine,15mg,Tablet,Sun Pharmaceutical Industries Ltd,strip of 10 tablets,125.0,true
Mirtaz 30 Tablet,Mirtazapine,30mg,Tablet,Sun Pharmaceutical Industries Ltd,strip of 10 tablets,210.0,true
Mirtaz 7.5 Tablet,Mirtazapine,7.5mg,Tablet,Sun Pharmaceutical Industries Ltd,strip of 10 tablets,90.0,true
Misoprost 100mg Tablet,Misoprostol,100mg,Tablet,Cipla Ltd,strip of 4 tablets,39.6,false
Misoprost 200 Tablet,Misoprostol,200mcg,Tablet,Cipla Ltd,strip of 4 tablets,82.58,false
Misoprost 25 Tablet,Misoprostol,25mcg,Tablet,Cipla Ltd,strip of 4 tablets,30.61,false
Misoprost 600 Tablet,Misoprostol,600mcg,Tablet,Cipla Ltd,strip of 1 Tablet,88.27,false
Mobizox Tablet,Chlorzoxazone + Diclofenac,500mg + 50mg,Tablet,Sun Pharmaceutical Industries Ltd,strip of 10 tablets,216.0,false
Modafil 100mg Tablet,Modafinil,100mg,Tablet,Intas Pharmaceuticals Ltd,strip of 10 tablets,106.25,false
Modafil 100mg Tablet MD,Modafinil,100mg,Tablet,Intas Pharmaceuticals Ltd,strip of 10 tablet md,134.5,false
Modafil 200mg Tablet,Modafinil,200mg,Tablet,Intas Pharmaceuticals Ltd,strip of 10 tablets,132.5,false
Modafil 200mg Tablet MD,Modafinil,200mg,Tablet,Intas Pharmaceuticals Ltd,strip of 10 tablet md,222.0,false
Modlip D 20mg/1000IU Tablet,Atorvastatin + Vitamin D3,20mg + 1000IU,Tablet,Torrent Pharmaceuticals Ltd,strip of 10 tablets,191.0,true
Modlip EZ Tablet,Atorvastatin + Ezetimibe,10mg + 10mg,Tablet,Torrent Pharmaceuticals Ltd,strip of 10 tablets,135.0,true
Modlip F Tablet,Atorvastatin + Fenofibrate,10mg + 160mg,Tablet,Torrent Pharmaceuticals Ltd,strip of 10 tablets,236.7,true
Modlip R 2.5mg/10mg Tablet,Ramipril + Atorvastatin,2.5mg + 10mg,Tablet,Torrent Pharmaceuticals Ltd,strip of 10 tablets,70.0,true
Modlip-AM Tablet,Amlodipine + Atorvastatin,2.5mg + 10mg,Tablet,Torrent Pharmaceuticals Ltd,strip of 10 tablets,137.75,true
Modlip-Asg 20 Capsule,Atorvastatin + Aspirin,20mg + 75mg,Capsule,Torrent Pharmaceuticals Ltd,strip of 10 capsules,38.35,true
Momate Ointment,Mometasone,0.1% w/w,Ointment,Glenmark Pharmaceuticals Ltd,tube of 15 gm Ointment,283.0,true
Momesone Cream,Mometasone,0.1% w/w,Cream,Intas Pharmaceuticals Ltd,tube of 15 gm Cream,136.5,true
Momesone Cream,Mometasone,0.1% w/w,Cream,Intas Pharmaceuticals Ltd,tube of 25 gm Cream,185.0,true
Momesone-T Cream,Mometasone + Terbinafine,0.1% w/w + 1% w/w,Cream,Intas Pharmaceuticals Ltd,tube of 10 gm Cream,164.0,true
Momoz Cream,Mometasone,0.1% w/w,Cream,Torrent Pharmaceuticals Ltd,tube of 30 gm Cream,296.0,true
Momoz Cream,Mometasone,0.1% w/w,Cream,Torrent Pharmaceuticals Ltd,tube of 10 gm Cream,181.45,true
Momoz F Ointment,Mometasone + Fusidic Acid,0.1% w/w + 2% w/w,Ointment,Torrent Pharmaceuticals Ltd,tube of 10 gm Ointment,254.6,true
Momoz S Ointment,Mometasone + Salicylic Acid,0.1% w/w + 5% w/w,Ointment,Torrent Pharmaceuticals Ltd,tube of 15 gm Ointment,197.5,true
Momoz T Cream,Mometasone + Terbinafine,0.1% w/w + 1% w/w,Cream,Torrent Pharmaceuticals Ltd,tube of 10 gm Cream,203.2,true
Monamox 500mg Tablet,Amoxycillin,500mg,Tablet,Zee Laboratories,strip of 10 tablets,60.0,true
Monamox CL 125 mg/31.25 mg Syrup,Amoxycillin + Clavulanic Acid,125mg + 31.25mg,Syrup,Zee Laboratories,bottle of 30 ml Syrup,72.0,true
Monit 10 Tablet,Isosorbide Mononitrate,10mg,Tablet,Intas Pharmaceuticals Ltd,strip of 15 tablets,36.62,true
Monit 10mg Tablet,Isosorbide Mononitrate,10mg,Tablet,Intas Pharmaceuticals Ltd,strip of 10 tablets,32.25,true
Monit 20 Tablet,Isosorbide Mononitrate,20mg,Tablet,Intas Pharmaceuticals Ltd,strip of 15 tablets,61.15,true
Monit 30 SR Tablet,Isosorbide Mononitrate,30mg,Tablet,Intas Pharmaceuticals Ltd,strip of 15 tablet sr,87.55,true
Monit 60-SR Tablet,Isosorbide Mononitrate,60mg,Tablet,Intas Pharmaceuticals Ltd,strip of 10 tablet sr,79.41,true
Monit AS 60mg/150mg Capsule,Isosorbide Mononitrate + Aspirin,60mg + 150mg,Capsule,Intas Pharmaceuticals Ltd,strip of 10 capsules,46.08,true
Monit GTN 2.6 Tablet CR,Nitroglycerin,2.6mg,Tablet,Intas Pharmaceuticals Ltd,bottle of 60 tablet cr,414.0,true
Monit GTN 2.6 Tablet CR,Nitroglycerin,2.6mg,Tablet,Intas Pharmaceuticals Ltd,bottle of 30 tablet cr,226.0,true
Monit GTN 6.4 Tablet CR,Nitroglycerin,6.4mg,Tablet,Intas Pharmaceuticals Ltd,bottle of 30 tablet cr,259.0,true
Monit OD 50mg Tablet,Isosorbide Mononitrate,50mg,Tablet,Intas Pharmaceuticals Ltd,strip of 10 tablets,90.5,true
Monocare-LC Oral Suspension,Levocetirizine + Montelukast,2.5mg + 4mg,Suspension,Care Formulation Labs Pvt Ltd,bottle of 60 ml Oral Suspension,96.0,true
Monocef 1gm Injection,Ceftriaxone,1gm,Injection,Aristo Pharmaceuticals Pvt Ltd,vial of 1 Injection,67.04,true
Monocef 2gm Injection,Ceftriaxone,2gm,Injection,Aristo Pharmaceuticals Pvt Ltd,vial of 1 Injection,155.02,true
Monocef O 25mg Oral Drops,Cefpodoxime Proxetil,25mg,Drops,Aristo Pharmaceuticals Pvt Ltd,bottle of 10 ml Oral Drops,75.0,true
Monocef-O 100 Powder for Oral Suspension,Cefpodoxime Proxetil,100mg/5ml,Powder,Aristo Pharmaceuticals Pvt Ltd,bottle of 30 ml Powder for Oral Suspension,174.0,true
Monocef-O 200 Tablet,Cefpodoxime Proxetil,200mg,Tablet,Aristo Pharmaceuticals Pvt Ltd,strip of 10 tablets,185.0,true
Monocef-O CV 50/31.25 Dry Syrup,Cefpodoxime Proxetil + Clavulanic Acid,50mg + 31.25mg,Powder,Aristo Pharmaceuticals Pvt Ltd,bottle of 30 ml Powder for Oral Suspension,106.0,true
Monocef-O CV Dry Syrup,Cefpodoxime Proxetil + Clavulanic Acid,100mg + 62.5mg,Powder,Aristo Pharmaceuticals Pvt Ltd,bottle of 30 ml Powder for Oral Suspension,165.0,true
Monoguard Cream,Sertaconazole,2% w/w,Cream,Micro Labs Ltd,tube of 10 gm Cream,147.0,false
Monoguard Cream,Sertaconazole,2% w/w,Cream,Micro Labs Ltd,tube of 30 gm Cream,300.0,false
Monoplus L Oral Suspension,Levocetirizine + Montelukast,2.5mg + 4mg,Suspension,Ajanta Pharma Ltd,bottle of 60 ml Oral Suspension,116.0,true
Monotax 2000mg Injection,Ceftriaxone,2000mg,Injection,Biochem Pharmaceutical Industries,vial of 10 ml Injection,125.73,true
Monotrate 10 Tablet,Isosorbide Mononitrate,10mg,Tablet,Sun Pharmaceutical Industries Ltd,strip of 10 tablets,24.3,true
Monotrate 20 Tablet,Isosorbide Mononitrate,20mg,Tablet,Sun Pharmaceutical Industries Ltd,strip of 10 tablets,40.75,true
Monotrate 40 Tablet,Isosorbide Mononitrate,40mg,Tablet,Sun Pharmaceutical Industries Ltd,strip of 10 tablets,85.0,true
Monotrate OD 25 Tablet PR,Isosorbide Mononitrate,25mg,Tablet,Sun Pharmaceutical Industries Ltd,strip of 10 Tablet pr,86.0,true
Monotrate OD Tablet PR,Isosorbide Mononitrate,50mg,Tablet,Sun Pharmaceutical Industries Ltd,strip of 10 Tablet pr,135.0,true
Monotrate SR 30 Tablet,Isosorbide Mononitrate,30mg,Tablet,Sun Pharmaceutical Industries Ltd,strip of 10 Tablet pr,60.8,true
Monotrate SR 60 Tablet,Isosorbide Mononitrate,60mg,Tablet,Sun Pharmaceutical Industries Ltd,strip of 10 Tablet pr,71.6,true
Montair 10 Tablet,Montelukast,10mg,Tablet,Cipla Ltd,strip of 15 tablets,318.42,true
Montair 4mg Chewable Tablet,Montelukast,4mg,Tablet,Cipla Ltd,strip of 15 Chewable Tablets,201.3,true
Montair 5mg Chewable Tablet Strawberry,Montelukast,5mg,Tablet,Cipla Ltd,strip of 15 Chewable Tablets,205.18,true
Montair AB Tablet SR,Acebrophylline + Montelukast,200mg + 10mg,Tablet,Cipla Ltd,strip of 10 tablet sr,250.47,true
Montair FX Tablet,Montelukast + Fexofenadine,10mg + 120mg,Tablet,Cipla Ltd,strip of 15 tablets,333.8,true
Montair LC Kid Syrup,Levocetirizine + Montelukast,2.5mg/5ml + 4mg/5ml,Syrup,Cipla Ltd,bottle of 60 ml Syrup,127.17,true
Montair LC Kid Tablet DT,Levocetirizine + Montelukast,2.5mg + 4mg,Tablet,Cipla Ltd,strip of 10 tablet dt,129.55,true
Montair Plus Tablet,Bambuterol + Montelukast,10mg + 10mg,Tablet,Cipla Ltd,strip of 10 tablets,281.5,true
Montair-LC Tablet,Levocetirizine + Montelukast,5mg + 10mg,Tablet,Cipla Ltd,strip of 15 tablets,336.0,true
Montas-L Suspension,Levocetirizine + Montelukast,2.5mg/5ml + 4mg/5ml,Suspension,Intas Pharmaceuticals Ltd,bottle of 60 ml Oral Suspension,98.0,true
Montas-L Syrup,Levocetirizine + Montelukast,2.5mg + 4mg,Syrup,Intas Pharmaceuticals Ltd,bottle of 30 ml Syrup,58.0,true
Monteder-L Syrup,Levocetirizine + Montelukast,2.5mg + 4mg,Syrup,Elder Pharmaceuticals Ltd,bottle of 60 ml Syrup,77.0,true
Montego 100mg Dry Syrup,Cefpodoxime Proxetil,100mg,Syrup,Ikon Remedies Pvt Ltd,bottle of 30 ml Dry Syrup,115.0,true
Montego 25mg Oral Drops,Cefpodoxime Proxetil,25mg/ml,Drops,Ikon Remedies Pvt Ltd,bottle of 10 ml Oral Drops,69.75,true
Montego CV 100mg/62.5mg Dry Syrup,Cefpodoxime Proxetil + Clavulanic Acid,100mg + 62.5mg,Syrup,Ikon Remedies Pvt Ltd,bottle of 30 ml Dry Syrup,149.5,true
Montek 10 Tablet,Montelukast,10mg,Tablet,Sun Pharmaceutical Industries Ltd,strip of 10 tablets,217.0,true
Montek 4mg Tablet,Montelukast,4mg,Tablet,Sun Pharmaceutical Industries Ltd,strip of 10 tablets,85.0,true
Montek 5 Chewable Tablet,Montelukast,5mg,Tablet,Sun Pharmaceutical Industries Ltd,strip of 10 Chewable Tablets,120.0,true
Montek AB Tablet SR,Acebrophylline + Montelukast,200mg + 10mg,Tablet,Sun Pharmaceutical Industries Ltd,strip of 10 tablet sr,245.0,true
Montek BL Tablet,Bilastine + Montelukast,20mg + 10mg,Tablet,Sun Pharmaceutical Industries Ltd,strip of 10 tablets,175.0,true
Montek FX Tablet,Montelukast + Fexofenadine,10mg + 120mg,Tablet,Sun Pharmaceutical Industries Ltd,strip of 10 tablets,170.0,true
Montek FX Tablet,Montelukast + Fexofenadine,10mg + 120mg,Tablet,Sun Pharmaceutical Industries Ltd,strip of 15 tablets,278.0,true
Montek LC Kid Syrup,Levocetirizine + Montelukast,2.5mg/5ml + 4mg/5ml,Syrup,Sun Pharmaceutical Industries Ltd,bottle of 60 ml Syrup,118.0,true
Montek LC Kid Tablet,Levocetirizine + Montelukast,2.5mg + 4mg,Tablet,Sun Pharmaceutical Industries Ltd,strip of 10 tablets,117.0,true
Montek LC Tablet,Levocetirizine + Montelukast,5mg + 10mg,Tablet,Sun Pharmaceutical Industries Ltd,strip of 10 tablets,209.0,true
Montek Plus Tablet,Bambuterol + Montelukast,10mg + 10mg,Tablet,Sun Pharmaceutical Industries Ltd,strip of 10 tablets,237.0,true
Montelast 4mg Tablet,Montelukast,4mg,Tablet,Cadila Pharmaceuticals Ltd,strip of 10 tablets,44.85,true
Montemac 5mg Tablet,Montelukast,5mg,Tablet,Macleods Pharmaceuticals Pvt Ltd,strip of 10 tablets,75.9,true
Montemac A Tablet,Acebrophylline + Montelukast,200mg + 10mg,Tablet,Macleods Pharmaceuticals Pvt Ltd,strip of 10 tablets,212.25,true
Montemac AL Tablet,Ambroxol + Levocetirizine,75mg + 5mg,Tablet,Macleods Pharmaceuticals Pvt Ltd,strip of 10 tablets,173.8,false
Montemac BL 20mg/10mg Tablet,Bilastine + Montelukast,20mg + 10mg,Tablet,Macleods Pharmaceuticals Pvt Ltd,strip of 10 tablets,166.0,true
Montemac Plus Tablet,Bambuterol + Montelukast,10mg + 10mg,Tablet,Macleods Pharmaceuticals Pvt Ltd,strip of 10 tablets,184.5,true
Montemac-FX Suspension,Montelukast + Fexofenadine,4mg/5ml + 30mg/5ml,Suspension,Macleods Pharmaceuticals Pvt Ltd,bottle of 60 ml Suspension,139.0,true
Monticope Suspension,Levocetirizine + Montelukast,2.5mg/5ml + 4mg/5ml,Suspension,Mankind Pharma Ltd,bottle of 60 ml Oral Suspension,85.0,true
Monticope Suspension,Levocetirizine + Montelukast,2.5mg/5ml + 4mg/5ml,Suspension,Mankind Pharma Ltd,bottle of 30 ml Oral Suspension,43.0,true
Monticope-A Tablet SR,Ambroxol + Levocetirizine,75mg + 5mg,Tablet,Mankind Pharma Ltd,strip of 10 tablet sr,145.0,false
Montlevo Suspension,Levocetirizine + Montelukast,2.5mg/5ml + 4mg/5ml,Suspension,Cadila Pharmaceuticals Ltd,bottle of 30 ml Oral Suspension,45.0,true
Montral AB 200mg/10mg Tablet,Acebrophylline + Montelukast,200mg + 10mg,Tablet,Micro Labs Ltd,strip of 10 tablets,200.0,true
Montral Kid Syrup,Levocetirizine + Montelukast,2.5mg/5ml + 5mg/5ml,Syrup,Micro Labs Ltd,bottle of 30 ml Syrup,29.5,true
Montus L Syrup,Levocetirizine + Montelukast,,Syrup,Tusker Pharma Pvt Ltd,bottle of 60 ml Syrup,69.0,true
Morr 10% Solution,Minoxidil,10%,Solution,Intas Pharmaceuticals Ltd,bottle of 60 ml Solution,950.0,false
Morr 12.5% Solution,Minoxidil,12.5% w/v,Solution,Intas Pharmaceuticals Ltd,bottle of 60 ml Solution,1180.0,false
Morr 2% Solution,Minoxidil,2%,Solution,Intas Pharmaceuticals Ltd,bottle of 60 ml Solution,298.0,false
Morr 3% Solution,Minoxidil,30mg,Solution,Intas Pharmaceuticals Ltd,bottle of 60 ml Solution,475.0,false
Morr 5% Solution,Minoxidil,5% w/v,Solution,Intas Pharmaceuticals Ltd,bottle of 60 ml Solution,725.0,false
Morr 7.5% Solution,Minoxidil,75mg,Solution,Intas Pharmaceuticals Ltd,bottle of 60 ml Solution,850.0,false
Morr Max 5% Serum,Minoxidil,5% w/v,Other,Intas Pharmaceuticals Ltd,bottle of 60 ml Serum,725.0,false
Mosart 400mg Tablet DR,Mesalazine,400mg,Tablet,Cadila Pharmaceuticals Ltd,strip of 10 Tablet DR,61.0,true
Mosart Tablet DR,Mesalazine,1200mg,Tablet,Cadila Pharmaceuticals Ltd,strip of 10 Tablet DR,58.6,true
Mosart-OD Tablet,Mesalazine,1200mg,Tablet,Cadila Pharmaceuticals Ltd,strip of 10 tablets,288.0,true
Movexx Plus Syrup,Aceclofenac + Paracetamol,50mg/5ml + 125mg/5ml,Syrup,Cipla Ltd,bottle of 60 ml Syrup,14.22,false
Mox 250mg Capsule,Amoxycillin,250mg,Capsule,Sun Pharmaceutical Industries Ltd,strip of 15 capsules,41.05,true
Mox 500mg Capsule,Amoxycillin,500mg,Capsule,Sun Pharmaceutical Industries Ltd,strip of 15 capsules,120.4,true
Mox CV 1G Tablet,Amoxycillin + Clavulanic Acid,875mg + 125mg,Tablet,Sun Pharmaceutical Industries Ltd,strip of 10 tablets,455.0,true
Mox CV 228.5mg Tablet,Amoxycillin + Clavulanic Acid,200mg + 28.5mg,Tablet,Sun Pharmaceutical Industries Ltd,strip of 10 tablets,140.0,true
Mox CV 375 Tablet,Amoxycillin + Clavulanic Acid,250mg + 125mg,Tablet,Sun Pharmaceutical Industries Ltd,strip of 10 tablets,264.0,true
Mox CV 400mg/57mg Tablet DT,Amoxycillin + Clavulanic Acid,400mg + 57mg,Tablet,Sun Pharmaceutical Industries Ltd,strip of 10 tablet dt,245.0,true
Mox CV 625 Tablet,Amoxycillin + Clavulanic Acid,500mg + 125mg,Tablet,Sun Pharmaceutical Industries Ltd,strip of 10 tablets,223.35,true
Mox CV 91.4mg Drop,Amoxycillin + Clavulanic Acid,80mg + 11.4mg,Drops,Sun Pharmaceutical Industries Ltd,packet of 10 ml Drop,87.0,true
Mox CV BD 228.5mg Powder for Oral Suspension,Amoxycillin + Clavulanic Acid,200mg + 28.5mg,Powder,Sun Pharmaceutical Industries Ltd,bottle of 30 ml Powder for Oral Suspension,67.2,true
Mox CV DS 457mg Powder for Oral Suspension,Amoxycillin + Clavulanic Acid,400mg/5ml + 57mg/5ml,Powder,Sun Pharmaceutical Industries Ltd,bottle of 30 ml Powder for Oral Suspension,145.0,true
Mox Drops Redimix,Amoxycillin,100mg,Suspension,Sun Pharmaceutical Industries Ltd,packet of 10 ml Oral Suspension,55.0,true
Mox Kid 125mg Tablet DT,Amoxycillin,125mg,Tablet,Sun Pharmaceutical Industries Ltd,strip of 15 tablet dt,83.0,true
Mox Kid 250mg Tablet,Amoxycillin,250mg,Tablet,Sun Pharmaceutical Industries Ltd,strip of 15 tablets,133.0,true
Mox P 500 Tablet,Amoxycillin + Lactobacillus,500mg + 60Million spores,Tablet,Sun Pharmaceutical Industries Ltd,strip of 15 tablets,260.0,true
Mox P 875 mg Tablet,Amoxycillin + Lactobacillus,875mg + 60Million spores,Tablet,Sun Pharmaceutical Industries Ltd,strip of 10 tablets,148.7,true
Mox Redimix 125 Oral Suspension,Amoxycillin,125mg/5ml,Suspension,Sun Pharmaceutical Industries Ltd,bottle of 30 ml Oral Suspension,30.5,true
Mox Redimix 125 Oral Suspension,Amoxycillin,125mg/5ml,Suspension,Sun Pharmaceutical Industries Ltd,bottle of 60 ml Oral Suspension,62.0,true
Mox Redimix Oral Suspension,Amoxycillin,250mg,Suspension,Sun Pharmaceutical Industries Ltd,bottle of 30 ml Oral Suspension,50.1,true
Mox Redimix Oral Suspension,Amoxycillin,250mg,Suspension,Sun Pharmaceutical Industries Ltd,bottle of 60 ml Oral Suspension,100.25,true
Mox Suspension,Amoxycillin,125mg,Suspension,Sun Pharmaceutical Industries Ltd,bottle of 30 ml Suspension,30.5,true
Mox Suspension,Amoxycillin,125mg,Suspension,Sun Pharmaceutical Industries Ltd,bottle of 60 ml Suspension,62.0,true
Moxam 250mg Capsule,Moxifloxacin,250mg,Capsule,Alkem Laboratories Ltd,strip of 10 capsules,119.18,true
Moxam 250mg Dry Syrup,Moxifloxacin,250mg,Syrup,Alkem Laboratories Ltd,bottle of 30 ml Dry Syrup,9.78,true
Moxclav 1.2gm Injection,Amoxycillin + Clavulanic Acid,1000mg + 200mg,Injection,Sun Pharmaceutical Industries Ltd,vial of 5 ml Injection,121.95,true
Moxclav 156.25mg Syrup,Amoxycillin + Clavulanic Acid,125mg + 31.25mg,Syrup,Sun Pharmaceutical Industries Ltd,bottle of 30 ml Syrup,68.45,true
Moxclav 1gm Tablet,Amoxycillin + Clavulanic Acid,875mg + 125mg,Tablet,Sun Pharmaceutical Industries Ltd,strip of 10 tablets,455.0,true
Moxclav 228.5mg Tablet,Amoxycillin + Clavulanic Acid,200mg + 28.5mg,Tablet,Sun Pharmaceutical Industries Ltd,strip of 6 tablets,70.0,true
Moxclav 250mg/50mg Injection,Amoxycillin + Clavulanic Acid,250mg + 50mg,Injection,Sun Pharmaceutical Industries Ltd,vial of 1 Injection,77.0,true
Moxclav 375 Tablet,Amoxycillin + Clavulanic Acid,250mg + 125mg,Tablet,Sun Pharmaceutical Industries Ltd,strip of 10 tablets,264.0,true
Moxclav 625 Tablet,Amoxycillin + Clavulanic Acid,500mg + 125mg,Tablet,Sun Pharmaceutical Industries Ltd,strip of 10 tablets,223.35,true
Moxclav BD 228.5mg Powder for Oral Suspension,Amoxycillin + Clavulanic Acid,200mg + 28.5mg,Powder,Sun Pharmaceutical Industries Ltd,bottle of 30 ml Powder for Oral Suspension,67.2,true
Moxclav BD Distab 228.5 Tablet,Amoxycillin + Clavulanic Acid,200mg + 28.5mg,Tablet,Sun Pharmaceutical Industries Ltd,strip of 10 tablet dt,140.0,true
Moxclav BD Drop,Amoxycillin + Clavulanic Acid,200mg + 28.5mg,Drops,Sun Pharmaceutical Industries Ltd,packet of 10 ml Drop,60.0,true
Moxclav BD DS 457mg Suspension,Amoxycillin + Clavulanic Acid,400mg/5ml + 57mg/5ml,Suspension,Sun Pharmaceutical Industries Ltd,bottle of 30 ml Suspension,67.2,true
Moxclav BD DS 457mg Tablet,Amoxycillin + Clavulanic Acid,400mg + 57mg,Tablet,Sun Pharmaceutical Industries Ltd,strip of 6 tablets,64.5,true
Moxclav DS 457mg Tablet,Amoxycillin + Clavulanic Acid,400mg + 57mg,Tablet,Sun Pharmaceutical Industries Ltd,strip of 10 tablets,269.0,true
Moxclav DS Powder for Oral Suspension,Amoxycillin + Clavulanic Acid,400mg/5ml + 57mg/5ml,Powder,Sun Pharmaceutical Industries Ltd,bottle of 30 ml Powder for Oral Suspension,155.0,true
Moxclav ES Suspension,Amoxycillin + Clavulanic Acid,600mg + 42.9mg,Suspension,Sun Pharmaceutical Industries Ltd,bottle of 30 ml Suspension,184.41,true
Moxclav Paediatric Drops,Amoxycillin + Clavulanic Acid,80mg + 11.4mg,Suspension,Sun Pharmaceutical Industries Ltd,bottle of 10 ml Oral Suspension,95.0,true
Moxfit-CV Dry Syrup,Amoxycillin + Clavulanic Acid,200mg/5ml + 28.5mg/5ml,Suspension,Healthtree Pharma (India) Private Limited,bottle of 30 ml Oral Suspension,59.4,true
Moxiall C Dry Syrup,Amoxycillin + Clavulanic Acid,125mg + 31.5mg,Syrup,Magma Allianz Laboratories Ltd,bottle of 30 ml Dry Syrup,71.0,true
Moxiblu Eye Drop,Moxifloxacin,0.5% w/v,Drops,Lupin Ltd,bottle of 5 ml Eye Drop,113.1,true
Moxiblu KT Eye Drop,Ketorolac + Moxifloxacin,0.4% w/v + 0.5% w/v,Drops,Lupin Ltd,packet of 5 ml Eye Drop,86.86,true
Moxiblu LX Eye Drop,Loteprednol etabonate + Moxifloxacin,5mg + 5mg,Drops,Lupin Ltd,bottle of 5 ml Eye Drop,144.7,true
Moxiblu-LP Eye Drop,Loteprednol etabonate + Moxifloxacin,0.5% w/v + 0.5% w/v,Drops,Lupin Ltd,bottle of 5 ml Eye Drop,99.0,true
Moxibond Oral Drops,Amoxycillin + Clavulanic Acid,,Drops,Brinton Pharmaceuticals Pvt Ltd,packet of 15 ml Oral Drops,86.0,true
Moxicip D Eye Drop,Moxifloxacin + Dexamethasone,0.5% w/v + 0.1% w/v,Drops,Cipla Ltd,bottle of 5 ml Eye Drop,204.97,true
Moxicip Eye Drop,Moxifloxacin,0.5% w/v,Drops,Cipla Ltd,bottle of 5 ml Eye Drop,209.36,true
Moxicip Infusion,Moxifloxacin,400mg,Injection,Cipla Ltd,bottle of 100 ml Infusion,369.34,true
Moxicip KT Eye Drop,Ketorolac + Moxifloxacin,0.5% w/v + 0.5% w/v,Drops,Cipla Ltd,packet of 5 ml Eye Drop,158.84,true
Moxicip Singules Ophthalmic Solution,Moxifloxacin,0.5% w/v,Drops,Cipla Ltd,bottle of 0.4 ml Ophthalmic Solution,18.0,true
Moxicip Tablet,Moxifloxacin,400mg,Tablet,Cipla Ltd,strip of 10 tablets,315.05,true
Moxicon CV Duo Dry Syrup,Amoxycillin + Clavulanic Acid,400mg + 57mg,Suspension,Unicon Life Sciences,bottle of 30 ml Oral Suspension,135.0,true
Moxiflox Eye Drop,Moxifloxacin,,Drops,Cipla Ltd,packet of 5 ml Eye Drop,100.0,true
Moxiflox Tablet,Moxifloxacin,400mg,Tablet,Cipla Ltd,strip of 5 tablets,157.52,true
Moxiford Eye Ointment,Moxifloxacin,0.5% w/w,Ointment,Leeford Healthcare Ltd,tube of 5 gm Eye Ointment,54.0,true
Moxiford L Eye Drop,Loteprednol etabonate + Moxifloxacin,0.5% w/v + 0.5% w/v,Drops,Leeford Healthcare Ltd,bottle of 5 ml Ophthalmic Solution,95.0,true
Moxigram Eye Drop,Moxifloxacin,0.5% w/v,Drops,Micro Labs Ltd,packet of 5 ml Eye Drop,168.0,true
Moxigram Eye Ointment,Moxifloxacin,0.5% w/w,Ointment,Micro Labs Ltd,tube of 5 gm Eye Ointment,70.0,true
Moxigram Infusion,Moxifloxacin,400mg,Injection,Micro Labs Ltd,bottle of 100 ml Infusion,131.0,true
Moxigram KT Eye Drop,Ketorolac + Moxifloxacin,0.5% w/v + 0.5% w/v,Drops,Micro Labs Ltd,packet of 5 ml Eye Drop,139.0,true
Moxigram LX Eye Drop,Loteprednol etabonate + Moxifloxacin,0.5% w/v + 0.5% w/v,Drops,Micro Labs Ltd,packet of 5 ml Eye Drop,184.0,true
Moxigram Tablet,Moxifloxacin,400mg,Tablet,Micro Labs Ltd,strip of 5 tablets,128.51,true
Moxigram-DM Eye Drop,Moxifloxacin + Dexamethasone,0.5% w/v + 0.1% w/v,Drops,Micro Labs Ltd,bottle of 5 ml Eye Drop,106.96,true
Moxikind Plus Capsule,Amoxycillin + Dicloxacillin,250mg + 250mg,Capsule,Mankind Pharma Ltd,strip of 10 capsules,81.67,true
Moxikind-CV Drops,Amoxycillin + Clavulanic Acid,80mg + 11.4mg,Suspension,Mankind Pharma Ltd,packet of 10 ml Oral Suspension,79.27,true
Moxikind-CV Forte Dry Syrup,Amoxycillin + Clavulanic Acid,400mg/5ml + 57mg/5ml,Suspension,Mankind Pharma Ltd,bottle of 30 ml Oral Suspension,145.0,true
Moxilink 250mg Dry Syrup,Amoxycillin,250mg,Syrup,Lincoln Pharmaceuticals Ltd,bottle of 60 ml Dry Syrup,37.0,true
Moxilium Plus 250 mg/250 mg Tablet,Amoxycillin + Dicloxacillin,250mg + 250mg,Tablet,Biochem Pharmaceutical Industries,strip of 10 tablets,99.86,true
Moxinta 250mg Tablet DT,Amoxycillin,250mg,Tablet,Intas Pharmaceuticals Ltd,strip of 10 tablet dt,34.1,true
Moxinta Clav Duo Oral Suspension,Amoxycillin + Clavulanic Acid,200mg + 28.5mg,Suspension,Intas Pharmaceuticals Ltd,bottle of 30 ml Oral Suspension,60.0,true
Moxired CL Kid 125mg/31.25mg Tablet,Amoxycillin + Clavulanic Acid,125mg + 31.25mg,Tablet,Redson Laboratories Pvt Ltd,strip of 10 tablets,87.5,true
Moxisum-CV Oral Suspension,Amoxycillin + Clavulanic Acid,200mg/5ml + 28.5mg/5ml,Suspension,Zydus Cadila,bottle of 30 ml Oral Suspension,55.05,true
Moxitas 125mg Syrup,Amoxycillin,125mg,Syrup,Intas Pharmaceuticals Ltd,bottle of 30 ml Syrup,115.0,true
Moxnova 500mg Tablet,Amoxycillin,500mg,Tablet,Cipla Ltd,strip of 10 tablets,27.5,true
Moxpic CA 200mg/125mg Tablet,Amoxycillin + Clavulanic Acid,200mg + 125mg,Tablet,Alpic Biotech Ltd,strip of 10 tablets,159.95,true
Moxtif-K Eye Drop,Ketorolac + Moxifloxacin,0.5% w/v + 0.5% w/v,Drops,Zydus Cadila,packet of 5 ml Eye Drop,151.0,true
Moxway Syrup,Amoxycillin,,Syrup,Mankind Pharma Ltd,bottle of 30 ml Syrup,10.05,true
Moxy Plus 500mg/125mg Capsule,Amoxycillin + Clavulanic Acid,500mg + 125mg,Capsule,Eastern Drug,strip of 10 capsules,60.0,true
Moxynek-CV 625 Tablet,Amoxycillin + Clavulanic Acid,500mcg + 125mg,Tablet,Shatayushi Healthcare Pvt Ltd,strip of 6 tablets,172.0,true
Moxywil CL Dry Syrup,Amoxycillin + Clavulanic Acid,200mg/5ml + 28.5mg/5ml,Syrup,Zee Laboratories,bottle of 30 ml Dry Syrup,76.0,true
Moza 15mg Tablet SR,Mosapride,15mg,Tablet,Intas Pharmaceuticals Ltd,strip of 10 tablet sr,100.0,false
Moza 2.5mg Tablet,Mosapride,2.5mg,Tablet,Intas Pharmaceuticals Ltd,strip of 10 tablets,30.0,false
Moza 5 Tablet,Mosapride,5mg,Tablet,Intas Pharmaceuticals Ltd,strip of 10 tablets,90.0,false
Moza MPS Chewable Tablet,Mosapride + Dimethicone,5mg + 125mg,Tablet,Intas Pharmaceuticals Ltd,strip of 10 Chewable Tablets,100.5,false
Moza Plus Capsule SR,Pantoprazole + Mosapride,40mg + 15mg,Capsule,Intas Pharmaceuticals Ltd,strip of 10 capsule sr,157.0,true
MP Nova Suspension,Ondansetron,2mg,Suspension,Novakind Bioscience Pvt Ltd,bottle of 30 ml Suspension,34.5,true
Mpx-CV 1000mg/200mg Tablet,Amoxycillin + Clavulanic Acid,1000mg + 200mg,Tablet,Hetero Drugs Ltd,strip of 10 tablets,180.0,true
MT Pill Tablet,Mifepristone,200mg,Tablet,Cipla Ltd,strip of 1 Tablet,398.42,false
Mucinac 20% Injection,Acetylcysteine,20% w/v,Injection,Cipla Ltd,vial of 5 ml Injection,125.77,true
Mucinac 20% Injection,Acetylcysteine,20% w/v,Injection,Cipla Ltd,vial of 2 ml Injection,55.73,true
Mucinac 200 Effervescent Tablet Sugar Free,Acetylcysteine,200mg,Tablet,Cipla Ltd,strip of 10 Effervescent Tablet,120.48,false
Mucinac 600 Effervescent Tablet Orange Sugar Free,Acetylcysteine,600mg,Tablet,Cipla Ltd,strip of 10 Effervescent Tablet,293.48,false
Mucinac AB Tablet,Acebrophylline + Acetylcysteine,100mg + 600mg,Tablet,Cipla Ltd,strip of 10 tablets,170.0,false
Mucinac AB Tablet,Acebrophylline + Acetylcysteine,100mg + 600mg,Tablet,Cipla Ltd,strip of 15 tablets,209.65,false
Mucolite LS Syrup,Levosalbutamol + Ambroxol,1mg/5ml + 30mg/5ml,Syrup,Dr Reddy's Laboratories Ltd,bottle of 60 ml Syrup,115.0,true
Mucolite LS Syrup,Levosalbutamol + Ambroxol,1mg/5ml + 30mg/5ml,Syrup,Dr Reddy's Laboratories Ltd,bottle of 100 ml Syrup,115.0,true
Multiclav 125mg/31.25mg Syrup,Amoxycillin + Clavulanic Acid,125mg + 31.25mg,Syrup,Macleods Pharmaceuticals Pvt Ltd,bottle of 30 ml Syrup,43.93,true
Multigon Suspension,Ibuprofen + Paracetamol,100mg + 125mg,Suspension,Sun Pharmaceutical Industries Ltd,bottle of 60 ml Suspension,9.43,false
Multigon Tablet,Ibuprofen + Paracetamol,400mg + 500mg,Tablet,Sun Pharmaceutical Industries Ltd,strip of 10 tablets,5.68,false
Mycoclear 400mg Tablet SR,Itraconazole,400mg,Tablet,Zydus Cadila,strip of 7 tablet sr,306.9,true
Mycofit 250mg Tablet,Mycophenolate mofetil,250mg,Tablet,Intas Pharmaceuticals Ltd,strip of 10 tablets,520.0,true
Mycofit 500 Tablet,Mycophenolate mofetil,500mg,Tablet,Intas Pharmaceuticals Ltd,strip of 10 tablets,957.5,true
Mycofit-S 180mg Tablet DR,Mycophenolate sodium,180mg,Tablet,Intas Pharmaceuticals Ltd,strip of 10 Tablet DR,447.0,true
Mycofit-S 360 Tablet,Mycophenolate sodium,360mg,Tablet,Intas Pharmaceuticals Ltd,strip of 10 tablets,1330.0,true
Myfexim CV Tablet,Cefixime + Clavulanic Acid,,Tablet,Mankind Pharma Ltd,strip of 6 tablets,156.0,true
Mymox Dry Syrup,Amoxycillin,125mg,Syrup,Torrent Pharmaceuticals Ltd,bottle of 60 ml Dry Syrup,13.56,true
N Met Suspension,Metronidazole + Norfloxacin,100mg + 100mg,Suspension,Alembic Pharmaceuticals Ltd,bottle of 30 ml Suspension,24.22,true
Nacdol 50mg/325mg Capsule,Diclofenac + Paracetamol,50mg + 325mg,Capsule,Johnlee Pharmaceuticals Pvt Ltd,strip of 10 capsules,32.0,false
Naclo 100mg Capsule TR,Diclofenac,100mg,Capsule,Sun Pharmaceutical Industries Ltd,strip of 10 capsule tr,18.43,false
Naclo Gel,Diclofenac,1% w/w,Gel,Sun Pharmaceutical Industries Ltd,tube of 30 gm Gel,70.0,false
Nailrox Cream,Ciclopirox,1% w/w,Cream,Intas Pharmaceuticals Ltd,tube of 50 gm Cream,229.0,false
Nailrox Cream,Ciclopirox,1% w/w,Cream,Intas Pharmaceuticals Ltd,tube of 30 gm Cream,159.0,false
Nailrox Cream,Ciclopirox,1% w/w,Cream,Intas Pharmaceuticals Ltd,tube of 20 gm Cream,100.0,false
Nakuf A Liquid,Ambroxol + Guaifenesin,15mg/5ml + 50mg/5ml,Solution,Alkem Laboratories Ltd,bottle of 100 ml Liquid,65.0,false
Nakuf LS Syrup,Ambroxol + Levosalbutamol,15mg/5ml + 0.5mg/5ml,Syrup,Alkem Laboratories Ltd,bottle of 100 ml Syrup,60.0,true
Nam Safe P Tablet,Nimesulide + Paracetamol,100mg + 200mg,Tablet,Lincoln Pharmaceuticals Ltd,strip of 10 tablets,37.1,false
Nance 100mg Tablet,Progesterone (Natural Micronized),100mg,Tablet,Zee Laboratories,strip of 10 tablets,100.0,true
Nasoclear Cold Oral Drops Delicious Cherry,Chlorpheniramine Maleate + Paracetamol,1mg/ml + 125mg/ml,Drops,Zydus Cadila,bottle of 15 ml Oral Drops,52.41,false
Nasoclear Cold Oral Suspension,Chlorpheniramine Maleate + Paracetamol,1mg/5ml + 125mg/5ml,Suspension,Zydus Cadila,bottle of 60 ml Oral Suspension,59.1,false
Nasoclear Cold Tablet,Chlorpheniramine Maleate + Paracetamol,2mg + 500mg,Tablet,Zydus Cadila,strip of 10 tablets,36.84,false
Nasoclear Cold-AF Oral Drops,Chlorpheniramine Maleate + Phenylephrine,1mg/ml + 2.5mg/ml,Drops,Zydus Cadila,bottle of 15 ml Oral Drops,57.8,false
Nasoclear Cold-AF Syrup,Chlorpheniramine Maleate + Phenylephrine,2mg/5ml + 5mg/5ml,Syrup,Zydus Cadila,bottle of 60 ml Syrup,66.5,false
Nataclox 500mg/500mg Capsule,Amoxycillin + Cloxacillin,500mg + 500mg,Capsule,Sun Pharmaceutical Industries Ltd,strip of 10 capsules,31.53,true
Natamox 100mg Oral Drops,Amoxycillin,100mg,Drops,Sun Pharmaceutical Industries Ltd,bottle of 10 ml Oral Drops,18.25,true
Naturogest 100mg Injection,Progesterone (Natural Micronized),100mg,Injection,Zydus Cadila,ampoule of 1 ml Injection,159.9,true
Naturogest 100mg Soft Gelatin Capsule,Progesterone,100mg,Capsule,Zydus Cadila,strip of 10 soft gelatin capsules,204.45,true
Naturogest 200mg Injection,Progesterone (Natural Micronized),200mg,Injection,Zydus Cadila,ampoule of 2 ml Injection,280.0,true
Naturogest 200mg Soft Gelatin Capsule,Progesterone (Natural Micronized),200mg,Capsule,Zydus Cadila,strip of 10 soft gelatin capsules,379.9,true
Naturogest 300mg Soft Gelatin Capsule,Progesterone (Natural Micronized),300mg,Capsule,Zydus Cadila,strip of 10 soft gelatin capsules,559.02,true
Naturogest 400mg Soft Gelatin Capsule,Progesterone,400mg,Capsule,Zydus Cadila,strip of 10 soft gelatin capsules,639.9,true
Naturogest 8% Vaginal gel,Progesterone (Natural Micronized),8% w/w,Gel,Zydus Cadila,tube of 1.35 gm Vaginal gel,167.4,true
Naturogest AQ 25mg Injection,Progesterone (Natural Micronized),25mg,Injection,Zydus Cadila,packet of 1 ml Injection,91.9,true
Naturogest SR 300 Tablet,Progesterone (Natural Micronized),300mg,Tablet,Zydus Cadila,strip of 10 tablet sr,615.12,true
Naturogest SR 400 Tablet,Progesterone (Natural Micronized),400mg,Tablet,Zydus Cadila,strip of 10 tablet sr,753.4,true
Nazi Syrup,Azithromycin,,Syrup,Abbott,bottle of 15 ml Syrup,22.5,true
Nazomac-AF Nasal Drops,Fluticasone Propionate + Azelastine,50mcg + 140mcg,Drops,Macleods Pharmaceuticals Pvt Ltd,packet of 15 ml Nasal Drops,313.5,true
Nazomac-F Nasal Drops,Fluticasone Propionate,0.05% w/w,Drops,Macleods Pharmaceuticals Pvt Ltd,packet of 15 ml Nasal Drops,264.0,true
Ncold New Tablet,Chlorpheniramine Maleate + Paracetamol,2mg + 325mg,Tablet,Biochem Pharmaceutical Industries,strip of 10 tablets,40.2,false
Nebicard 10 Tablet,Nebivolol,10mg,Tablet,Torrent Pharmaceuticals Ltd,strip of 10 tablets,262.45,true
Nebicard 2.5 Tablet,Nebivolol,2.5mg,Tablet,Torrent Pharmaceuticals Ltd,strip of 15 tablets,160.0,true
Nebicard 5 Tablet,Nebivolol,5mg,Tablet,Torrent Pharmaceuticals Ltd,strip of 10 tablets,172.0,true
Nebicard LN 2.5 Tablet,Nebivolol + Cilnidipine,2.5mg + 10mg,Tablet,Torrent Pharmaceuticals Ltd,strip of 10 tablets,138.9,true
Nebicard LN 5 Tablet,Nebivolol + Cilnidipine,5mg + 10mg,Tablet,Torrent Pharmaceuticals Ltd,strip of 10 tablets,164.75,true
Nebicard T Tablet,Nebivolol + Telmisartan,5mg + 40mg,Tablet,Torrent Pharmaceuticals Ltd,strip of 10 tablets,194.8,true
Nebicard-H Tablet,Nebivolol + Hydrochlorothiazide,5mg + 12.5mg,Tablet,Torrent Pharmaceuticals Ltd,strip of 15 tablets,264.6,true
Nebicard-SM Tablet,Nebivolol + S-Amlodipine,5mg + 2.5mg,Tablet,Torrent Pharmaceuticals Ltd,strip of 10 tablets,217.5,true
Nebicard-V Tablet,Nebivolol + Valsartan,5mg + 80mg,Tablet,Torrent Pharmaceuticals Ltd,strip of 10 tablets,283.8,true
Nebilong 2.5 Tablet,Nebivolol,2.5mg,Tablet,Micro Labs Ltd,strip of 10 tablets,76.0,true
Nebilong Tablet,Nebivolol,5mg,Tablet,Micro Labs Ltd,strip of 10 tablets,135.0,true
Nebistar 10 Tablet,Nebivolol,10mg,Tablet,Lupin Ltd,strip of 15 tablets,380.9,true
Nebistar 2.5 Tablet,Nebivolol,2.5mg,Tablet,Lupin Ltd,strip of 15 tablets,138.1,true
Nebistar 5 Tablet,Nebivolol,5mg,Tablet,Lupin Ltd,strip of 15 tablets,222.5,true
Nebistar AM 5mg/5mg Tablet,Nebivolol + Amlodipine,5mg + 5mg,Tablet,Lupin Ltd,strip of 10 tablets,112.0,true
Nebistar LN 2.5mg/10mg Tablet,Nebivolol + Cilnidipine,2.5mg + 10mg,Tablet,Lupin Ltd,strip of 10 tablets,126.4,true
Nebistar LN 5mg/10mg Tablet,Nebivolol + Cilnidipine,5mg + 10mg,Tablet,Lupin Ltd,strip of 10 tablets,151.0,true
Nebistar-H Tablet,Nebivolol + Hydrochlorothiazide,5mg + 12.5mg,Tablet,Lupin Ltd,strip of 15 tablets,270.0,true
Nebistar-SA Tablet,Nebivolol + S-Amlodipine,5mg + 2.5mg,Tablet,Lupin Ltd,strip of 15 tablets,312.0,true
Nebistar-T Tablet,Nebivolol + Telmisartan,5mg + 40mg,Tablet,Lupin Ltd,strip of 10 tablets,155.0,true
Nebula 2.5 Tablet,Nebivolol,2.5mg,Tablet,Zydus Cadila,strip of 10 tablets,89.5,true
Nebula 5 Tablet,Nebivolol,5mg,Tablet,Zydus Cadila,strip of 10 tablets,155.7,true
Nebula H Tablet,Nebivolol + Hydrochlorothiazide,5mg + 12.5mg,Tablet,Zydus Cadila,strip of 10 tablets,120.1,true
Nelsid Plus Suspension,Nimesulide + Paracetamol,100mg + 500mg,Suspension,Ind Swift Laboratories Ltd,bottle of 60 ml Suspension,15.87,false
Neo Ceoderm Ointment,Betamethasone + Clotrimazole,0.025% w/w + 1% w/w,Ointment,Leeford Healthcare Ltd,tube of 10 gm Ointment,55.0,true
Neo Criticold Plus Oral Drops,Chlorpheniramine Maleate + Paracetamol,1mg + 125mg,Drops,Leeford Healthcare Ltd,bottle of 15 ml Oral Drops,75.0,false
Neo Enzomagic Capsule,Alpha-amylase + Pepsin,18.75mg + 12.5mg,Capsule,Leeford Healthcare Ltd,strip of 10 capsules,70.0,false
Neo Kufstil-SF Syrup Strawberry Sugar Free,Bromhexine + Dextromethorphan Hydrobromide,8mg + 10mg,Syrup,Leeford Healthcare Ltd,bottle of 100 syrups,100.0,false
Neo Kuftive Tablet,Phenylephrine + Chlorpheniramine Maleate,5mg + 2mg,Tablet,Leeford Healthcare Ltd,strip of 10 tablets,30.0,false
Neo Leemol-DM Tablet,Domperidone + Paracetamol,10mg + 325mg,Tablet,Leeford Healthcare Ltd,strip of 10 tablets,35.0,true
Neo Medoc AT Capsule,Methylcobalamin + Alpha Lipoic Acid,1500mcg + 100mg,Capsule,Leeford Healthcare Ltd,strip of 10 capsules,150.0,false
Neo-Mercazole 10 Tablet,Carbimazole,10mg,Tablet,Abbott,bottle of 120 tablets,549.56,true
Neo-Mercazole 20 Tablet,Carbimazole,20mg,Tablet,Abbott,bottle of 120 tablets,1698.58,true
Neo-Mercazole 5 Tablet,Carbimazole,5mg,Tablet,Abbott,bottle of 120 tablets,282.06,true
Neocalm 10mg Tablet,Trifluoperazine,10mg,Tablet,Intas Pharmaceuticals Ltd,strip of 10 tablets,5.0,false
Neocalm 5mg Tablet,Trifluoperazine,5mg,Tablet,Intas Pharmaceuticals Ltd,strip of 10 tablets,4.85,false
Neocalm Forte Tablet,Chlorpromazine + Trihexyphenidyl,50mg + 2mg,Tablet,Intas Pharmaceuticals Ltd,strip of 10 tablets,4.0,false
Neocalm Plus Tablet,Trifluoperazine + Trihexyphenidyl,5mg + 2mg,Tablet,Intas Pharmaceuticals Ltd,strip of 10 tablets,13.25,false
Neopar MR 100mg/2mg Tablet,Nimesulide + Tizanidine,100mg + 2mg,Tablet,Leeford Healthcare Ltd,strip of 10 tablets,49.0,true
Neopride 50 Tablet,Levosulpiride,50mg,Tablet,Intas Pharmaceuticals Ltd,strip of 10 tablets,131.0,false
Neopride MPS Tablet,Levosulpiride + Dimethicone,25mg + 125mg,Tablet,Intas Pharmaceuticals Ltd,strip of 10 Chewable Tablets,105.0,false
Neopride SR Tablet,Levosulpiride,75mg,Tablet,Intas Pharmaceuticals Ltd,strip of 10 tablet sr,178.0,false
Neopride Tablet,Levosulpiride,25mg,Tablet,Intas Pharmaceuticals Ltd,strip of 10 tablets,90.0,false
Neopride Total Capsule SR,Levosulpiride + Rabeprazole,75mg + 20mg,Capsule,Intas Pharmaceuticals Ltd,strip of 15 capsule sr,445.0,true
Nerv DX Capsule,Duloxetine + Methylcobalamin,20mg,Capsule,Alkem Laboratories Ltd,strip of 10 capsules,54.18,true
Nervmax Active Capsule,Methylcobalamin + Vitamin B6 (Pyridoxine),1500mcg + 5mg,Capsule,Alkem Laboratories Ltd,strip of 10 capsules,166.0,false
Nervz B 12 Injection,Methylcobalamin,500mcg,Injection,Intas Pharmaceuticals Ltd,ampoule of 1 ml Injection,43.5,true
Nervz Dpn Tablet,Duloxetine + Methylcobalamin,60mg + 1500mcg,Tablet,Intas Pharmaceuticals Ltd,strip of 10 tablets,104.66,true
Nestacort Suspension,Deflazacort,6mg/5ml,Suspension,Cipla Ltd,bottle of 30 ml Suspension,50.2,true
Neucam P 8mg/325mg Tablet,Lornoxicam + Paracetamol,8mg + 325mg,Tablet,Lupin Ltd,strip of 10 tablets,65.0,false
Neugaba ER 75 Tablet,Pregabalin,75mg,Tablet,Sun Pharmaceutical Industries Ltd,strip of 10 tablet er,177.0,true
Neuro bal 2mg Capsule,Stanozolol,2mg,Capsule,Cadila Pharmaceuticals Ltd,strip of 10 capsules,59.3,false
Neurobion Alfa Capsule,Methylcobalamin + Alpha Lipoic Acid,750mcg + 100mg,Capsule,Merck Ltd,strip of 20 capsules,337.7,false
Neurobion Alfa D Tablet,Methylcobalamin + Alpha Lipoic Acid,1500mcg + 100mg,Tablet,Merck Ltd,strip of 10 tablets,193.6,false
Neurobion RF Forte Injection,Methylcobalamin + Vitamin B6 (Pyridoxine),1000mcg + 100mg,Injection,Procter & Gamble Hygiene and Health Care Ltd,ampoule of 2 ml Injection,16.4,true
Neurocetam 1200 Tablet,Piracetam,1200mg,Tablet,Micro Labs Ltd,strip of 10 tablets,267.0,true
Neurocetam 800 Tablet,Piracetam,800mg,Tablet,Micro Labs Ltd,strip of 10 tablets,207.0,true
Neurocetam Capsule,Piracetam,400mg,Capsule,Micro Labs Ltd,strip of 10 capsules,113.0,true
Neurocetam Syrup,Piracetam,500mg/5ml,Syrup,Micro Labs Ltd,bottle of 100 ml Syrup,343.0,true
Neurokem -OD 75 Tablet,Pregabalin,75mg,Tablet,Alkem Laboratories Ltd,strip of 10 tablet sr,175.0,true
Neurokem 150mg Capsule,Pregabalin,150mg,Capsule,Alkem Laboratories Ltd,strip of 10 capsules,217.0,true
Neurokem 50 Capsule,Pregabalin,50mg,Capsule,Alkem Laboratories Ltd,strip of 10 capsules,113.0,true
Neurokem D 75/30 Capsule DR,Pregabalin + Duloxetine,75mg + 30mg,Capsule,Alkem Laboratories Ltd,strip of 10 Capsule DR,239.0,true
Neurokem NT 50 Tablet,Pregabalin + Nortriptyline,50mg + 10mg,Tablet,Alkem Laboratories Ltd,strip of 15 tablets,210.0,true
Neurokem NT 50 Tablet,Pregabalin + Nortriptyline,50mg + 10mg,Tablet,Alkem Laboratories Ltd,strip of 10 tablets,116.5,true
Neurokem Plus Capsule,Alpha Lipoic Acid + Folic Acid,100mg + 1.5mg,Capsule,Alkem Laboratories Ltd,strip of 10 capsules,182.0,false
Neurotrat MP Tablet,Methylcobalamin + Pregabalin,,Tablet,Zydus Cadila,strip of 10 tablets,151.78,true
Neutram P 37.5mg/325mg Tablet,Tramadol + Paracetamol,37.5mg + 325mg,Tablet,East West Pharma,strip of 10 tablets,62.0,true
New Adesam 200 Tablet,Ademetionine,200mg,Tablet,Sun Pharmaceutical Industries Ltd,strip of 10 tablets,444.0,false
New Adesam 400 Tablet,Ademetionine,400mg,Tablet,Sun Pharmaceutical Industries Ltd,strip of 10 tablets,799.0,false
New Alene Tablet,Astaxanthin + Coenzyme Q10,8mg + 100mg,Tablet,Cadila Pharmaceuticals Ltd,strip of 10 tablets,539.0,false
New Ambrodil Plus Syrup,Ambroxol + Guaifenesin,30mg + 50mg,Syrup,Aristo Pharmaceuticals Pvt Ltd,bottle of 100 ml Syrup,89.75,false
New Biflace Eye Drop,Fluorometholone,0.1% w/v,Drops,Alembic Pharmaceuticals Ltd,bottle of 5 ml Eye Drop,150.0,false
New Cofdex Syrup,Bromhexine + Dextromethorphan Hydrobromide,4mg/5ml + 5mg/5ml,Syrup,Cipla Ltd,bottle of 60 ml Syrup,56.5,false
New Coldact Capsule SR,Chlorpheniramine Maleate + Phenylephrine,8mg + 20mg,Capsule,Sun Pharmaceutical Industries Ltd,strip of 20 capsule sr,140.0,false
New Deletus BX Expectorant,Ambroxol + Guaifenesin,20mg/5ml + 50mg/5ml,Syrup,Abbott,bottle of 100 ml Expectorant,76.3,false
New Deletus LS Syrup,Ambroxol + Guaifenesin,30mg/5ml + 50mg/5ml,Syrup,Abbott,bottle of 100 ml Syrup,89.25,false
New Deletus P Syrup Mixed Fruit,Guaifenesin + Phenylephrine,50mg + 5mg,Syrup,Abbott,bottle of 100 ml Syrup,142.54,false
New I-Kul Plus Ophthalmic Solution,Naphazoline + Chlorpheniramine Maleate,0.056% w/v + 0.01% w/v,Drops,Intas Pharmaceuticals Ltd,bottle of 10 ml Ophthalmic Solution,67.0,false
New I-Kul Plus Ophthalmic Solution,Naphazoline + Chlorpheniramine Maleate,0.056% w/v + 0.01% w/v,Drops,Intas Pharmaceuticals Ltd,packet of 15 ml Ophthalmic Solution,78.0,false
New Ivermectol 12 Tablet,Ivermectin,12mg,Tablet,Sun Pharmaceutical Industries Ltd,strip of 2 tablets,85.0,true
New Khasi Q Tablet,Bromhexine + Chlorpheniramine Maleate,8mg + 2mg,Tablet,Cadila Pharmaceuticals Ltd,strip of 10 tablets,9.92,false
New Modlip-Asg 75 Capsule,Atorvastatin + Aspirin,10mg + 75mg,Capsule,Torrent Pharmaceuticals Ltd,strip of 10 capsules,41.15,true
New Nervup Forte Tablet,Methylcobalamin + Alpha Lipoic Acid,1500mcg + 100mg,Tablet,Abbott,strip of 15 tablets,184.29,false
New Nicip 100mg Tablet,Nimesulide,100mg,Tablet,Cipla Ltd,strip of 15 tablets,39.5,false
New Nusaid Tablet MR,Aceclofenac + Paracetamol,325mg + 100mg,Tablet,Molekule India Pvt Ltd,strip of 10 tablet mr,56.18,false
New Nusam 200 Tablet,Ademetionine,200mg,Tablet,Sun Pharmaceutical Industries Ltd,strip of 10 tablets,444.0,false
New Nusam 400 Tablet,Ademetionine,400mg,Tablet,Sun Pharmaceutical Industries Ltd,strip of 10 tablets,844.0,false
New O2 Oral Suspension Delicious Mango,Ofloxacin + Metronidazole,100mg/5ml + 200mg/5ml,Suspension,Medley Pharmaceuticals,bottle of 60 ml Oral Suspension,62.6,true
New Okacet Tablet,Cetirizine,10mg,Tablet,Cipla Ltd,strip of 10 tablets,20.49,false
New Okaflox M Syrup,Ofloxacin + Metronidazole,,Syrup,Cipla Ltd,bottle of 30 ml Syrup,37.3,true
New Panazox Tablet,Chlorzoxazone + Diclofenac,250mg + 50mg,Tablet,Cadila Pharmaceuticals Ltd,strip of 10 tablets,50.02,false
New Powerflox TZ Tablet,Norfloxacin + Tinidazole,400mg + 600mg,Tablet,Cipla Ltd,strip of 10 tablets,72.0,true
New Roles-D Capsule SR,Domperidone + Rabeprazole,30mg + 20mg,Capsule,Sun Pharmaceutical Industries Ltd,strip of 10 capsule sr,133.0,true
New Silofast D 4 Tablet,Silodosin + Dutasteride,4mg + 0.5mg,Tablet,Cipla Ltd,strip of 10 tablets,375.46,true
New Silofast D 8 Tablet,Silodosin + Dutasteride,8mg + 0.5mg,Tablet,Cipla Ltd,strip of 10 tablets,461.54,true
New Sneezy Cold & Flu Tablet,Paracetamol + Phenylpropanolamine,500mg + 25mg,Tablet,Cadila Pharmaceuticals Ltd,strip of 10 tablets,21.0,false
New Sumo Cold Tablet,Caffeine + Cetirizine,25mg + 5mg,Tablet,Alkem Laboratories Ltd,strip of 10 tablets,56.0,false
New Sunbless C Tablet,Calcium + Calcitriol,1000mg + 200IU,Tablet,Zydus Cadila,strip of 15 tablets,212.1,false
New Theo-Asthalin Syrup,Theophylline + Levosalbutamol,50mg + 0.5mg,Syrup,Cipla Ltd,bottle of 100 ml Syrup,70.78,true
New Tixylix Syrup,Chlorpheniramine Maleate + Dextromethorphan Hydrobromide,2mg/5ml + 5mg/5ml,Syrup,Abbott,bottle of 60 ml Syrup,93.0,false
New Travisight Eye Drop,Travoprost,0.004% w/v,Drops,Alembic Pharmaceuticals Ltd,bottle of 3 ml Eye Drop,191.6,false
New Triclazone 40 Tablet,Gliclazide + Pioglitazone,40mg + 15mg,Tablet,Sun Pharmaceutical Industries Ltd,strip of 10 tablets,83.0,true
New Triclazone 80 Tablet,Gliclazide + Pioglitazone,80mg + 15mg,Tablet,Sun Pharmaceutical Industries Ltd,strip of 10 tablets,149.0,true
New Triglucored Forte Tablet,Glibenclamide + Metformin,5mg + 500mg,Tablet,Sun Pharmaceutical Industries Ltd,strip of 10 tablets,110.0,true
New Zephrol Cold Syrup,Chlorpheniramine Maleate + Paracetamol,1mg/5ml + 125mg/5ml,Syrup,Elder Pharmaceuticals Ltd,bottle of 60 ml Syrup,34.81,false
Nexime 50mg Dry Syrup,Cefixime,5mg/5ml,Syrup,Gurnex Biotech,bottle of 30 ml Dry Syrup,42.0,true
Nexipride 100 Tablet,Levosulpiride,100mg,Tablet,Sun Pharmaceutical Industries Ltd,strip of 10 tablets,190.0,false
Nexipride 25 Tablet,Levosulpiride,25mg,Tablet,Sun Pharmaceutical Industries Ltd,strip of 10 tablets,107.0,false
Nexipride 50 Tablet,Levosulpiride,50mg,Tablet,Sun Pharmaceutical Industries Ltd,strip of 10 tablets,140.0,false
Nexito 10 Tablet,Escitalopram Oxalate,10mg,Tablet,Sun Pharmaceutical Industries Ltd,strip of 10 tablets,100.65,true
Nexito 15mg Tablet,Escitalopram Oxalate,15mg,Tablet,Sun Pharmaceutical Industries Ltd,strip of 10 tablets,142.0,true
Nexito 20 Tablet,Escitalopram Oxalate,20mg,Tablet,Sun Pharmaceutical Industries Ltd,strip of 10 tablets,159.05,true
Nexito 5 Tablet,Escitalopram Oxalate,5mg,Tablet,Sun Pharmaceutical Industries Ltd,strip of 10 tablets,56.65,true
Nexito Forte 20 Tablet,Clonazepam + Escitalopram Oxalate,0.5mg + 20mg,Tablet,Sun Pharmaceutical Industries Ltd,strip of 10 tablets,203.72,true
Nexito Forte Tablet,Clonazepam + Escitalopram Oxalate,0.5mg + 10mg,Tablet,Sun Pharmaceutical Industries Ltd,strip of 10 tablets,153.0,true
Nexito LS Tablet,Clonazepam + Escitalopram Oxalate,0.25mg + 10mg,Tablet,Sun Pharmaceutical Industries Ltd,strip of 10 tablets,147.0,true
Nexito Plus Tablet,Clonazepam + Escitalopram Oxalate,0.5mg + 5mg,Tablet,Sun Pharmaceutical Industries Ltd,strip of 10 tablets,113.0,true
Nexovas Beta Tablet,Nebivolol + Cilnidipine,5mg + 10mg,Tablet,Macleods Pharmaceuticals Pvt Ltd,strip of 10 tablets,180.0,true
Nexovas CH Tablet,Cilnidipine + Chlorthalidone,10mg + 12.5mg,Tablet,Macleods Pharmaceuticals Pvt Ltd,strip of 10 tablets,147.0,true
Nexovas O 40 Tablet,Olmesartan Medoxomil + Cilnidipine,40mg + 10mg,Tablet,Macleods Pharmaceuticals Pvt Ltd,strip of 10 tablets,191.0,true
Nexovas TM 25 Tablet ER,Cilnidipine + Metoprolol Succinate,10mg + 23.75mg,Tablet,Macleods Pharmaceuticals Pvt Ltd,strip of 10 tablet er,125.05,true
Nexovas TM 50 Tablet ER,Cilnidipine + Metoprolol Succinate,10mg + 47.5mg,Tablet,Macleods Pharmaceuticals Pvt Ltd,strip of 10 tablet er,152.7,true
Nexpro 20 Tablet,Esomeprazole,20mg,Tablet,Torrent Pharmaceuticals Ltd,strip of 15 tablets,102.1,true
Nexpro 40 Tablet,Esomeprazole,40mg,Tablet,Torrent Pharmaceuticals Ltd,strip of 15 tablets,163.9,true
Nexpro Fast 20 Tablet,Esomeprazole,20mg,Tablet,Torrent Pharmaceuticals Ltd,strip of 10 tablets,104.15,true
Nexpro Fast 40 Tablet,Esomeprazole,40mg,Tablet,Torrent Pharmaceuticals Ltd,strip of 10 tablets,134.15,true
Nexpro IT Capsule SR,Esomeprazole + Itopride,40mg + 150mg,Capsule,Torrent Pharmaceuticals Ltd,strip of 10 capsule sr,153.3,true
Nexpro IV Injection,Esomeprazole,40mg,Injection,Torrent Pharmaceuticals Ltd,vial of 1 Injection,112.75,true
Nexpro Junior Granules for Oral Suspension,Esomeprazole,10mg,Powder,Torrent Pharmaceuticals Ltd,sachet of 1 gm Granules,22.6,true
Nexpro L Capsule ER,Levosulpiride + Esomeprazole,75mg + 40mg,Capsule,Torrent Pharmaceuticals Ltd,strip of 10 Capsule DR,291.5,true
Nexpro RD 20 Capsule SR,Domperidone + Esomeprazole,30mg + 20mg,Capsule,Torrent Pharmaceuticals Ltd,strip of 10 capsule sr,118.4,true
Nexpro RD 40 Capsule SR,Domperidone + Esomeprazole,30mg + 40mg,Capsule,Torrent Pharmaceuticals Ltd,strip of 10 capsule sr,162.2,true
Nextop 100 Tablet,Topiramate,100mg,Tablet,Torrent Pharmaceuticals Ltd,strip of 10 tablets,253.55,true
Nextop 25 Tablet,Topiramate,25mg,Tablet,Torrent Pharmaceuticals Ltd,strip of 10 tablets,80.75,true
Nextop 50 Tablet,Topiramate,50mg,Tablet,Torrent Pharmaceuticals Ltd,strip of 10 tablets,161.55,true
Nicef AZ 200mg/250mg Tablet,Cefixime + Azithromycin,200mg + 250mg,Tablet,Intas Pharmaceuticals Ltd,strip of 10 tablets,241.0,true
Nicef OZ Tablet,Cefixime + Ornidazole,,Tablet,Intas Pharmaceuticals Ltd,strip of 6 tablets,118.0,true
Nicetamol 125mg Tablet,Paracetamol,125mg,Tablet,Dr Reddy's Laboratories Ltd,strip of 10 tablets,12.15,false
Nicip 100mg Capsule,Nimesulide,100mg,Capsule,Cipla Ltd,strip of 10 capsules,43.45,false
Nicip 200mg Tablet,Nimesulide,200mg,Tablet,Cipla Ltd,strip of 10 tablets,3.75,false
Nicip 50mg Suspension,Nimesulide,50mg,Suspension,Cipla Ltd,bottle of 60 ml Suspension,12.5,false
Nicip Cold & Flu Tablet,Caffeine + Cetirizine,25mg + 5mg,Tablet,Cipla Ltd,strip of 10 tablets,58.0,false
Nicip Cold Tablet,Phenylephrine + Nimesulide,5mg + 100mg,Tablet,Cipla Ltd,strip of 10 tablets,56.0,false
Nicip D 50 mg/100 mg Capsule,Diclofenac + Nimesulide,50mg + 100mg,Capsule,Cipla Ltd,strip of 10 capsules,26.0,false
Nicip DS Tablet,Nimesulide,200mg,Tablet,Cipla Ltd,strip of 10 tablets,57.0,false
Nicip Fen 50 mg/100 mg Capsule,Diclofenac + Nimesulide,50mg + 100mg,Capsule,Cipla Ltd,strip of 10 capsules,8.31,false
Nicip MD Tablet,Nimesulide,100mg,Tablet,Cipla Ltd,strip of 10 tablet md,60.5,false
Nicip MR Tablet,Nimesulide + Paracetamol,100mg + 325mg,Tablet,Cipla Ltd,strip of 10 tablets,97.0,false
Nicip Plus 100mg/325mg Suspension,Nimesulide + Paracetamol,100mg + 325mg,Suspension,Cipla Ltd,bottle of 60 ml Suspension,40.0,false
Nicip Plus Tablet,Nimesulide + Paracetamol,100mg + 325mg,Tablet,Cipla Ltd,strip of 10 tablets,65.1,false
Nicip T 200mg/2mg Tablet,Nimesulide + Tizanidine,200mg + 2mg,Tablet,Cipla Ltd,strip of 10 tablets,34.0,true
Nicip Tablet,Nimesulide,100mg,Tablet,Cipla Ltd,strip of 10 tablets,43.45,false
Nicip-P Tablet,Nimesulide + Paracetamol,100mg + 325mg,Tablet,Cipla Ltd,strip of 10 tablets,47.0,false
Nicoflox 0.3% Eye/Ear Drops,Ofloxacin,0.3%,Drops,Abbott,packet of 10 ml Eye/Ear Drops,8.12,true
Nicoflox 50mg/5ml Suspension,Ofloxacin,50mg/5ml,Suspension,Abbott,bottle of 30 ml Suspension,12.5,true
Nicoflox-O 50mg/125mg Syrup,Ofloxacin + Ornidazole,50mg + 125mg,Syrup,Abbott,bottle of 30 ml Syrup,50.5,true
Nicopenta D 10 mg/40 mg Tablet,Domperidone + Pantoprazole,10mg + 40mg,Tablet,Abbott,strip of 10 tablets,70.0,true
Nicostar 10 Tablet,Nicorandil,10mg,Tablet,Lupin Ltd,bottle of 30 tablets,425.0,false
Nicostar 5 Tablet,Nicorandil,5mg,Tablet,Lupin Ltd,strip of 30 tablets,298.8,false
Nicostar OD 10 Tablet PR,Nicorandil,10mg,Tablet,Lupin Ltd,bottle of 30 Tablet pr,693.45,false
Nigrain 20mg Tablet,Propranolol,20mg,Tablet,Torrent Pharmaceuticals Ltd,strip of 10 tablets,16.45,true
Nigrain 80mg Tablet TR,Propranolol,80mg,Tablet,Torrent Pharmaceuticals Ltd,strip of 10 tablet tr,50.7,true
Nigrain Forte Tablet SR,Propranolol + Flunarizine,40mg + 10mg,Tablet,Torrent Pharmaceuticals Ltd,strip of 10 tablet sr,118.0,true
Nigrain Lite Tablet SR,Propranolol + Flunarizine,20mg + 5mg,Tablet,Torrent Pharmaceuticals Ltd,strip of 10 tablet sr,27.4,true
Nikoran 10 Tablet,Nicorandil,10mg,Tablet,Torrent Pharmaceuticals Ltd,bottle of 20 tablets,557.35,false
Nikoran 5 Tablet,Nicorandil,5mg,Tablet,Torrent Pharmaceuticals Ltd,bottle of 20 tablets,365.0,false
Nikoran OD 10 Tablet PR,Nicorandil,10mg,Tablet,Torrent Pharmaceuticals Ltd,strip of 10 Tablet pr,315.55,false
Nikoran OD 20 Tablet,Nicorandil,20mg,Tablet,Torrent Pharmaceuticals Ltd,strip of 10 Tablet pr,524.0,false
Nilup 50mg Syrup,Nimesulide,50mg,Syrup,Lupin Ltd,bottle of 60 ml Syrup,20.27,false
Nilup P 100 mg/500 mg Suspension,Nimesulide + Paracetamol,100mg + 500mg,Suspension,Lupin Ltd,bottle of 60 ml Suspension,27.88,false
Nimceta AF 50 mg/125 mg Suspension,Aceclofenac + Paracetamol,50mg + 125mg,Suspension,Alkem Laboratories Ltd,bottle of 60 ml Suspension,64.0,false
Nimceta Tablet,Nimesulide + Paracetamol,,Tablet,Alkem Laboratories Ltd,strip of 15 tablets,59.0,false
Nimcox Tablet,Nimesulide,,Tablet,Elder Pharmaceuticals Ltd,strip of 10 tablets,18.0,false
Nimdus P 100mg/500mg Suspension,Nimesulide + Paracetamol,100mg + 500mg,Suspension,Zydus Cadila,bottle of 60 ml Suspension,32.0,false
Nimegesic 1% Transgel,Nimesulide,1% w/w,Gel,Alembic Pharmaceuticals Ltd,tube of 30 gm Gel,29.5,false
Nimegesic OD 200mg Tablet,Nimesulide,200mg,Tablet,Alembic Pharmaceuticals Ltd,strip of 10 tablets,48.5,false
Nimegesic Oral 50mg Suspension,Nimesulide,50mg,Suspension,Alembic Pharmaceuticals Ltd,bottle of 30 ml Suspension,11.06,false
Nimo MR Tablet,Nimesulide + Chlorzoxazone,100mg + 250mg,Tablet,Zydus Cadila,strip of 10 tablets,10.22,false
Nimo P 50mg Tablet,Nimesulide,50mg,Tablet,Zydus Cadila,strip of 10 tablets,5.75,false
Nimo Plus Suspension,Nimesulide + Paracetamol,50mg + 125mg,Suspension,Torrent Pharmaceuticals Ltd,bottle of 60 ml Suspension,23.0,false
Nimos P Syrup,Nimesulide + Paracetamol,50mg + 125mg,Syrup,Mankind Pharma Ltd,bottle of 60 ml Syrup,10.0,false
Nimotas Kid 50mg Tablet DT,Nimesulide,50mg,Tablet,Intas Pharmaceuticals Ltd,strip of 10 tablet dt,5.62,false
Nimotas P AF Oral Suspension,Aceclofenac + Paracetamol,100mg + 125mg,Suspension,Intas Pharmaceuticals Ltd,bottle of 60 ml Oral Suspension,58.0,false
Nimotas P Gold 100mg/500mg Tablet,Nimesulide + Paracetamol,100mg + 500mg,Tablet,Intas Pharmaceuticals Ltd,strip of 10 tablets,6.25,false
Nimrest Plus 100 mg/500 mg Tablet,Nimesulide + Paracetamol,100mg + 500mg,Tablet,Sun Pharmaceutical Industries Ltd,strip of 10 tablets,41.0,false
Nimsaid P Oral Suspension,Nimesulide + Paracetamol,50mg + 250mg,Suspension,Medley Pharmaceuticals,bottle of 60 ml Oral Suspension,32.75,false
Nimtech 50mg Syrup,Nimesulide,50mg,Syrup,Macleods Pharmaceuticals Pvt Ltd,bottle of 60 ml Syrup,19.18,false
Nimtech Gel,Nimesulide,,Gel,Macleods Pharmaceuticals Pvt Ltd,tube of 30 gm Gel,34.87,false
Nimtech SP Tablet,Nimesulide + Serratiopeptidase,100mg + 15mg,Tablet,Macleods Pharmaceuticals Pvt Ltd,strip of 10 tablets,49.0,false
Nimucet 100mg/325mg Tablet,Nimesulide + Paracetamol,100mg + 325mg,Tablet,Intas Pharmaceuticals Ltd,strip of 10 tablets,49.0,false
Nimucet AF Suspension,Aceclofenac + Paracetamol,50mg + 125mg,Suspension,Intas Pharmaceuticals Ltd,bottle of 60 ml Suspension,63.0,false
Nimucet Cold N Flu Tablet,Caffeine + Diphenhydramine,30mg + 25mg,Tablet,Intas Pharmaceuticals Ltd,strip of 10 tablets,31.0,false
Nimucet Gold 100mg/325mg Tablet,Nimesulide + Paracetamol,100mg + 325mg,Tablet,Intas Pharmaceuticals Ltd,strip of 10 tablets,53.5,false
Nimucet Gold 50mg/125mg Syrup,Nimesulide + Paracetamol,50mg + 125mg,Syrup,Intas Pharmaceuticals Ltd,bottle of 60 ml Syrup,12.12,false
Nimucet MF DS Syrup,Mefenamic Acid + Paracetamol,100mg + 250mg,Syrup,Intas Pharmaceuticals Ltd,bottle of 60 ml Syrup,42.0,false
Nimucet MF Syrup,Mefenamic Acid + Paracetamol,50mg + 125mg,Syrup,Intas Pharmaceuticals Ltd,bottle of 60 ml Syrup,43.0,false
Nimucet NF 125mg Syrup,Paracetamol,125mg,Syrup,Intas Pharmaceuticals Ltd,bottle of 60 ml Syrup,20.0,false
Nimucet Syrup,Nimesulide + Paracetamol,50mg + 125mg,Syrup,Intas Pharmaceuticals Ltd,bottle of 60 ml Syrup,45.0,false
Nimupain 50mg Suspension,Nimesulide,50mg,Suspension,Cipla Ltd,bottle of 60 ml Suspension,12.5,false
Nimupain Kid 50mg Tablet,Nimesulide,50mg,Tablet,Cipla Ltd,strip of 10 tablets,3.12,false
Nimupara DL 100mg/500mg Tablet,Nimesulide + Paracetamol,100mg + 500mg,Tablet,Intas Pharmaceuticals Ltd,strip of 10 tablets,39.0,false
Nimupara Tablet,Nimesulide + Paracetamol,100mg + 500mg,Tablet,Intas Pharmaceuticals Ltd,strip of 10 tablets,38.5,false
Nimutal 50mg Suspension,Nimesulide,50mg,Suspension,Elder Pharmaceuticals Ltd,bottle of 60 ml Suspension,15.12,false
Nimutal Cold Tablet,Caffeine + Cetirizine,,Tablet,Elder Pharmaceuticals Ltd,strip of 10 tablets,55.0,false
Nimutal MF Syrup,Mefenamic Acid + Paracetamol,50mg/5ml + 125mg/5ml,Syrup,Elder Pharmaceuticals Ltd,bottle of 60 ml Syrup,55.0,false
Nimutal Plus Syrup,Nimesulide + Paracetamol,50mg + 125mg,Syrup,Elder Pharmaceuticals Ltd,bottle of 60 ml Syrup,9.37,false
Nimvista 50mg Syrup,Nimesulide,50mg,Syrup,Cadila Pharmaceuticals Ltd,bottle of 60 ml Syrup,10.63,false
Nisul MR Tablet,Nimesulide + Tizanidine,100mg + 2mg,Tablet,Intas Pharmaceuticals Ltd,strip of 10 tablets,6.0,true
Nisul Plus 50mg/100mg Capsule,Diclofenac + Nimesulide,50mg + 100mg,Capsule,Intas Pharmaceuticals Ltd,strip of 10 capsules,12.5,false
Nisul S Tablet,Nimesulide + Serratiopeptidase,100mg + 15mg,Tablet,Intas Pharmaceuticals Ltd,strip of 10 tablets,8.75,false
Nitcol 100mg/5ml Suspension,Nitazoxanide,100mg/5ml,Suspension,Sun Pharmaceutical Industries Ltd,bottle of 30 ml Suspension,23.75,false
Nitcol 200mg Tablet,Nitazoxanide,200mg,Tablet,Sun Pharmaceutical Industries Ltd,strip of 10 tablets,35.37,false
Nitcol 200mg Tablet DT,Nitazoxanide,200mg,Tablet,Sun Pharmaceutical Industries Ltd,strip of 6 tablet dt,36.8,false
Nitcol 500mg Tablet,Nitazoxanide,500mg,Tablet,Sun Pharmaceutical Industries Ltd,strip of 6 tablets,48.3,false
Nitra Gel Dental Gel,Potassium Nitrate + Sodium Monofluorophosphate,5% w/w + 0.625% w/w,Gel,Micro Labs Ltd,tube of 100 gm Dental Gel,161.0,false
Nitra Gel Mint,Potassium Nitrate + Sodium Monofluorophosphate,5% w/w + 0.625% w/w,Gel,Micro Labs Ltd,tube of 100 gm Dental Gel,175.0,false
Nitra Met Gel,Chlorhexidine Gluconate + Metronidazole,0.25% w/w + 1% w/w,Gel,Micro Labs Ltd,tube of 20 gm Dental Gel,8.25,true
Nitrest 10 Tablet,Zolpidem,10mg,Tablet,Sun Pharmaceutical Industries Ltd,strip of 10 tablets,104.95,true
Nitrest 12.5mg Tablet CR,Zolpidem,12.5mg,Tablet,Sun Pharmaceutical Industries Ltd,strip of 10 tablet cr,88.67,true
Nitrest 5 Tablet,Zolpidem,5mg,Tablet,Sun Pharmaceutical Industries Ltd,strip of 10 tablets,66.8,true
Nitrest 6.25mg Tablet CR,Zolpidem,6.25mg,Tablet,Sun Pharmaceutical Industries Ltd,strip of 10 tablet cr,68.96,true
Nitro Glyder 6.4mg Tablet,Nitroglycerin,6.4mg,Tablet,Elder Pharmaceuticals Ltd,bottle of 30 tablets,210.0,true
Nitrofix 10 Tablet,Isosorbide Mononitrate,10mg,Tablet,Micro Labs Ltd,strip of 10 tablets,21.95,true
Nitrofix 20 Tablet,Isosorbide Mononitrate,20mg,Tablet,Micro Labs Ltd,strip of 10 tablets,40.76,true
Nitrofix 40mg Tablet,Isosorbide Mononitrate,40mg,Tablet,Micro Labs Ltd,strip of 10 tablets,25.28,true
Nitrofix SR 30 Tablet,Isosorbide Mononitrate,30mg,Tablet,Micro Labs Ltd,strip of 10 Tablet pr,60.92,true
Nitrofix SR 60 Tablet,Isosorbide Mononitrate,60mg,Tablet,Micro Labs Ltd,strip of 10 tablet sr,71.68,true
NITROFIX-AS 30MG/75MG TABLET,Isosorbide Mononitrate + Aspirin,30mg + 75mg,Tablet,Micro Labs Ltd,strip of 10 tablets,31.0,true
Nizol 200mg Tablet,Ketoconazole,200mg,Tablet,Intas Pharmaceuticals Ltd,strip of 10 tablets,260.0,false
Nizonide 200mg Tablet DT,Nitazoxanide,200mg,Tablet,Lupin Ltd,strip of 6 tablet dt,61.5,false
Nizonide 500 Tablet,Nitazoxanide,500mg,Tablet,Lupin Ltd,strip of 6 tablets,109.4,false
Nizonide Oral Suspension,Nitazoxanide,100mg/5ml,Suspension,Lupin Ltd,bottle of 30 ml Oral Suspension,41.55,false
Nizonide-O Oral Suspension,Nitazoxanide + Ofloxacin,100mg + 50mg,Suspension,Lupin Ltd,bottle of 50 ml Oral Suspension,92.9,true
Nizonide-O Tablet,Nitazoxanide + Ofloxacin,500mg + 200mg,Tablet,Lupin Ltd,strip of 10 tablets,133.43,true
NO Emis Drop,Ondansetron,2mg,Drops,Gracious Pharmaceuticals,bottle of 30 ml Drop,36.0,true
Nobel 200mg Tablet,Nimesulide,200mg,Tablet,Mankind Pharma Ltd,strip of 10 tablets,75.0,false
Nobel Cold New Tablet,Caffeine + Diphenhydramine,30mg + 25mg,Tablet,Mankind Pharma Ltd,strip of 10 tablets,39.93,false
Nobel-Plus Suspension,Mefenamic Acid + Paracetamol,50mg/5ml + 125mg/5ml,Suspension,Mankind Pharma Ltd,bottle of 60 ml Suspension,48.0,false
Noblok Drop,Chlorpheniramine Maleate + Paracetamol,1mg + 125mg,Drops,Mankind Pharma Ltd,packet of 15 ml Drop,64.0,false
Noblok Syrup,Chlorpheniramine Maleate + Phenylephrine,1mg + 5mg,Syrup,Mankind Pharma Ltd,bottle of 60 ml Syrup,70.0,false
Noblok-AF Drops,Chlorpheniramine Maleate + Phenylephrine,2mg/ml + 5mg/ml,Drops,Mankind Pharma Ltd,bottle of 15 ml Oral Drops,57.97,false
Nocold Drop,Phenylpropanolamine + Dexchlorpheniramine,,Drops,Cipla Ltd,packet of 15 ml Drop,51.0,false
Nocold Plus 125 mg/60 mg/1 mg Syrup,Paracetamol + Caffeine,125mg + 60mg,Syrup,Cipla Ltd,bottle of 60 ml Syrup,47.0,false
Nocold Plus 500 mg/60 mg/2.5 mg Tablet,Paracetamol + Pseudoephedrine,500mg + 60mg,Tablet,Cipla Ltd,strip of 10 tablets,46.0,false
Nocold Syrup,Chlorpheniramine Maleate + Paracetamol,1mg + 125mg,Syrup,Cipla Ltd,bottle of 60 ml Syrup,68.5,false
Nocold Tablet,Caffeine + Chlorpheniramine Maleate,25mg + 2mg,Tablet,Cipla Ltd,strip of 10 tablets,39.0,false
Nodard Gel,Diclofenac,1.16% w/w,Gel,Cipla Ltd,tube of 30 gm Gel,54.28,false
Nodard Tablet,Nimesulide,100mg,Tablet,Cipla Ltd,strip of 10 tablets,59.25,false
Nodiclox 500 mg/250 mg Capsule,Amoxycillin + Dicloxacillin,500mg + 250mg,Capsule,Alkem Laboratories Ltd,strip of 10 capsules,43.75,true
Nodimox 125mg Syrup,Amoxycillin,125mg,Syrup,Alkem Laboratories Ltd,bottle of 30 ml Syrup,14.0,true
Nodimox 125mg Tablet DT,Amoxycillin,125mg,Tablet,Alkem Laboratories Ltd,strip of 10 tablet dt,22.26,true
Nodimox 250mg Tablet DT,Amoxycillin,250mg,Tablet,Alkem Laboratories Ltd,strip of 10 tablet dt,39.41,true
Nodimox 500mg Tablet DT,Amoxycillin,500mg,Tablet,Alkem Laboratories Ltd,strip of 10 tablet dt,68.7,true
Nodimox LB 250mg Tablet,Amoxycillin + Lactobacillus,250mg + 60Million spores,Tablet,Alkem Laboratories Ltd,strip of 10 tablets,13.95,true
Nodimox LB 500mg Tablet,Amoxycillin + Lactobacillus,500mg + 60Million spores,Tablet,Alkem Laboratories Ltd,strip of 10 tablets,70.93,true
Nodimox Plus 125mg/125mg Tablet DT,Amoxycillin + Cloxacillin,125mg + 125mg,Tablet,Alkem Laboratories Ltd,strip of 10 tablet dt,27.0,true
Nodimox Plus 500 Capsule,Amoxycillin + Cloxacillin,250mg + 250mg,Capsule,Alkem Laboratories Ltd,strip of 10 capsules,55.5,true
Nodimox Plus LB 250mg Tablet,Amoxycillin + Cloxacillin,125mg + 125mg,Tablet,Alkem Laboratories Ltd,strip of 10 tablets,18.7,true
Nodimox Plus LB 500mg Capsule,Amoxycillin + Cloxacillin,250mg + 250mg,Capsule,Alkem Laboratories Ltd,strip of 10 capsules,34.65,true
Nodon 10 Tablet,Nebivolol,10mg,Tablet,Cadila Pharmaceuticals Ltd,strip of 10 tablets,229.0,true
Nodon 2.5 Tablet,Nebivolol,2.5mg,Tablet,Cadila Pharmaceuticals Ltd,strip of 15 tablets,84.6,true
Nodon H Tablet,Nebivolol + Hydrochlorothiazide,5mg + 12.5mg,Tablet,Cadila Pharmaceuticals Ltd,strip of 10 tablets,180.5,true
Nodon Tablet,Nebivolol,5mg,Tablet,Cadila Pharmaceuticals Ltd,strip of 15 tablets,230.5,true
Noklot CV 150mg/10mg/75mg Tablet,Aspirin + Atorvastatin,150mg + 10mg,Tablet,Zydus Cadila,strip of 10 tablets,88.0,true
Noklot CV 75mg/10mg/75mg Tablet,Aspirin + Atorvastatin,75mg + 10mg,Tablet,Zydus Cadila,strip of 10 tablets,70.0,true
Nonsed MK Syrup,Levocetirizine + Montelukast,2.5mg + 4mg,Syrup,Cubit Healthcare,bottle of 60 ml Syrup,68.5,true
Nootropil 1200 Tablet,Piracetam,1200mg,Tablet,Dr Reddy's Laboratories Ltd,strip of 10 tablets,336.5,true
Nootropil 400mg Tablet,Piracetam,400mg,Tablet,Dr Reddy's Laboratories Ltd,strip of 10 tablets,164.6,true
Nootropil 800mg Tablet,Piracetam,800mg,Tablet,Dr Reddy's Laboratories Ltd,strip of 30 tablets,869.25,true
Nootropil Syrup,Piracetam,500mg/5ml,Syrup,Dr Reddy's Laboratories Ltd,bottle of 100 ml Syrup,337.75,true
Noplaq A 75 mg/75 mg Capsule,Aspirin + Clopidogrel,75mg + 75mg,Capsule,Alkem Laboratories Ltd,strip of 10 capsules,29.71,true
Noplaq AS 150 mg/75 mg Capsule,Aspirin + Clopidogrel,150mg + 75mg,Capsule,Alkem Laboratories Ltd,strip of 10 capsules,28.81,true
Noplaq AS 75 mg/75 mg Capsule,Aspirin + Clopidogrel,75mg + 75mg,Capsule,Alkem Laboratories Ltd,strip of 10 capsules,28.66,true
Norflox 200 Tablet,Norfloxacin + Lactobacillus,200mg + 60Million spores,Tablet,Cipla Ltd,strip of 10 tablets,35.7,true
Norflox 400 Tablet,Norfloxacin + Lactobacillus,400mg + 120Million spores,Tablet,Cipla Ltd,strip of 10 tablets,78.06,true
Norflox Eye/Ear Drops,Norfloxacin,0.30%,Drops,Cipla Ltd,packet of 10 ml Eye/Ear Drops,16.1,true
Norflox LB 200mg Tablet,Norfloxacin,200mg,Tablet,Cipla Ltd,strip of 10 tablets,26.83,true
Norflox LB 400mg Tablet,Norfloxacin,400mg,Tablet,Cipla Ltd,strip of 10 tablets,48.49,true
Norflox-TZ RF Tablet,Norfloxacin + Tinidazole,400mg + 600mg,Tablet,Cipla Ltd,strip of 10 tablets,107.48,true
Normabrain 1200mg Tablet,Piracetam,1200mg,Tablet,Torrent Pharmaceuticals Ltd,strip of 10 tablets,130.0,true
Normabrain 400mg Capsule,Piracetam,400mg,Capsule,Torrent Pharmaceuticals Ltd,strip of 10 capsules,111.55,true
Normabrain 800mg Tablet,Piracetam,800mg,Tablet,Torrent Pharmaceuticals Ltd,strip of 10 tablets,214.3,true
Normabrain Syrup,Piracetam,500mg/5ml,Syrup,Torrent Pharmaceuticals Ltd,bottle of 100 ml Syrup,374.5,true
Normace 10mg Tablet,Enalapril,10mg,Tablet,Torrent Pharmaceuticals Ltd,strip of 10 tablets,37.75,true
Normace 2.5mg Tablet,Enalapril,2.5mg,Tablet,Torrent Pharmaceuticals Ltd,strip of 10 tablets,13.2,true
Normace 5mg Tablet,Enalapril,5mg,Tablet,Torrent Pharmaceuticals Ltd,strip of 10 tablets,29.15,true
Normesis Plus Tablet,Domperidone + Cinnarizine,15mg + 20mg,Tablet,Lupin Ltd,strip of 10 tablets,618.75,true
Nortimer 10mg Tablet,Nortriptyline,10mg,Tablet,Intas Pharmaceuticals Ltd,strip of 10 tablets,46.5,true
Nortimer 25mg Tablet,Nortriptyline,25mg,Tablet,Intas Pharmaceuticals Ltd,strip of 10 tablets,50.5,true
Nortimer 50mg Tablet,Nortriptyline,50mg,Tablet,Intas Pharmaceuticals Ltd,strip of 10 tablets,84.5,true
Nortimer 75mg Tablet,Nortriptyline,75mg,Tablet,Intas Pharmaceuticals Ltd,strip of 10 tablets,107.0,true
Nortini LB Tablet,Tinidazole + Norfloxacin,600mg + 400mg,Tablet,Sun Pharmaceutical Industries Ltd,strip of 10 tablets,22.96,true
Nortini Suspension,Norfloxacin + Tinidazole,100mg + 100mg,Suspension,Sun Pharmaceutical Industries Ltd,bottle of 30 ml Suspension,31.0,true
Nortini Tablet,Norfloxacin + Tinidazole,400mg + 600mg,Tablet,Sun Pharmaceutical Industries Ltd,strip of 10 tablets,25.0,true
Nova 150mg Tablet SR,Pregabalin,150mg,Tablet,Cipla Ltd,strip of 10 tablet sr,120.28,true
Nova 75 Capsule,Pregabalin,75mg,Capsule,Cipla Ltd,strip of 10 capsules,135.43,true
Nova M 75 Capsule,Methylcobalamin + Pregabalin,750mcg + 75mg,Capsule,Cipla Ltd,strip of 10 capsules,164.37,true
Nova Plus 75 Capsule,Pregabalin + Methylcobalamin,75mg + 750mcg,Capsule,Cipla Ltd,strip of 10 capsules,129.0,true
Nova-D 50 Capsule DR,Pregabalin + Duloxetine,50mg + 20mg,Capsule,Cipla Ltd,strip of 10 Capsule DR,139.0,true
Nova-D 75 Capsule DR,Pregabalin + Duloxetine,75mg + 20mg,Capsule,Cipla Ltd,strip of 10 Capsule DR,199.0,true
Novacef 250 Tablet,Cefuroxime,250mg,Tablet,Cipla Ltd,strip of 10 tablets,302.5,true
Novacef 500 Tablet,Cefuroxime,500mg,Tablet,Cipla Ltd,strip of 10 tablets,723.72,true
Novacef 750mg Injection,Cefuroxime,750mg,Injection,Cipla Ltd,vial of 15 ml Injection,118.0,true
Novaclav 125 mg/31.25 mg Syrup,Amoxycillin + Clavulanic Acid,125mg + 31.25mg,Syrup,Cipla Ltd,bottle of 30 ml Syrup,56.99,true
Novaclox Pead Syrup,Amoxycillin + Cloxacillin,125mg + 125mg,Syrup,Cipla Ltd,bottle of 60 ml Syrup,31.81,true
Novadox Powder for Injection,Amoxycillin + Clavulanic Acid,500mg + 100mg,Injection,Cipla Ltd,vial of 1 Powder for Injection,29.31,true
Novamox 100 Rediuse Drop,Amoxycillin,100mg,Suspension,Cipla Ltd,packet of 10 ml Oral Suspension,61.49,true
Novamox 100mg Injection,Amoxycillin,100mg,Injection,Cipla Ltd,vial of 1 Injection,200.09,true
Novamox 125 DT Tablet,Amoxycillin,125mg,Tablet,Cipla Ltd,strip of 15 tablet dt,89.56,true
Novamox 125 Rediuse Oral Suspension,Amoxycillin,125mg,Suspension,Cipla Ltd,bottle of 60 ml Oral Suspension,88.57,true
Novamox 250 Capsule,Amoxycillin,250mg,Capsule,Cipla Ltd,strip of 15 capsules,41.16,true
Novamox 250 DT Tablet,Amoxycillin,250mg,Tablet,Cipla Ltd,strip of 15 tablet dt,170.75,true
Novamox 250 Rediuse Oral Suspension,Amoxycillin,250mg,Suspension,Cipla Ltd,bottle of 30 ml Oral Suspension,50.4,true
Novamox 250 Rediuse Oral Suspension,Amoxycillin,250mg,Suspension,Cipla Ltd,bottle of 60 ml Oral Suspension,100.8,true
Novamox 500 Capsule,Amoxycillin,500mg,Capsule,Cipla Ltd,strip of 15 capsules,120.45,true
Novamox 500mg Injection,Amoxycillin,500mg,Injection,Cipla Ltd,vial of 1 Injection,102.5,true
Novamox AX 250 mg/30 mg Tablet,Amoxycillin + Ambroxol,250mg + 30mg,Tablet,Cipla Ltd,strip of 15 tablets,64.88,true
Novamox AX 500 mg/60 mg Tablet,Amoxycillin + Ambroxol,500mg + 60mg,Tablet,Cipla Ltd,strip of 6 tablets,43.9,true
Novamox AX Rediuse Suspension,Amoxycillin + Ambroxol,250mg + 15mg,Suspension,Cipla Ltd,bottle of 60 ml Rediuse Suspension,61.61,true
Novamox AX Tablet,Amoxycillin + Ambroxol,500mg + 30mg,Tablet,Cipla Ltd,strip of 10 tablets,98.65,true
Novamox CV 1.2gm Injection,Amoxycillin + Clavulanic Acid,1000mg + 200mg,Injection,Cipla Ltd,vial of 20 ml Injection,140.98,true
Novamox CV 228.5mg Dry Syrup,Amoxycillin + Clavulanic Acid,200mg + 28.5mg,Powder,Cipla Ltd,bottle of 30 ml Powder for Oral Suspension,67.2,true
Novamox CV 625mg Tablet,Amoxycillin + Clavulanic Acid,500mg + 125mg,Tablet,Cipla Ltd,strip of 10 tablets,223.44,true
Novamox CV Drop,Amoxycillin + Clavulanic Acid,80mg + 11.4mg,Drops,Cipla Ltd,packet of 10 ml Drop,105.8,true
Novamox CV Forte Syrup,Amoxycillin + Clavulanic Acid,400mg/5ml + 57mg/5ml,Syrup,Cipla Ltd,bottle of 30 ml Syrup,193.74,true
Novamox CV Forte Syrup Tangy Orange,Amoxycillin + Clavulanic Acid,400mg/5ml + 57mg/5ml,Syrup,Cipla Ltd,bottle of 60 ml Syrup,239.58,true
Novamox Oral Suspension,Amoxycillin,125mg,Suspension,Cipla Ltd,bottle of 30 ml Oral Suspension,33.81,true
Novamox Oral Suspension,Amoxycillin,125mg,Suspension,Cipla Ltd,bottle of 60 ml Oral Suspension,67.63,true
Novamox Paediatric Drops,Amoxycillin,100mg,Suspension,Cipla Ltd,packet of 10 ml Oral Suspension,61.49,true
Novamox-LB 250mg/60Millionspores Tablet,Amoxycillin + Lactobacillus,250mg + 60Million spores,Tablet,Cipla Ltd,strip of 30 tablets,35.33,true
Novamox-LB 500 Capsule,Amoxycillin + Lactobacillus,500mg + 60Million spores,Capsule,Cipla Ltd,strip of 10 capsules,196.33,true
Novastat Asp 20mg/75mg Capsule,Rosuvastatin + Aspirin,20mg + 75mg,Capsule,Lupin Ltd,strip of 10 capsules,107.75,true
Novastat CV 20 Capsule,Rosuvastatin + Clopidogrel,20mg + 75mg,Capsule,Lupin Ltd,strip of 10 capsules,371.0,true
Novastat EZ 10mg/10mg Tablet,Rosuvastatin + Ezetimibe,10mg + 10mg,Tablet,Lupin Ltd,strip of 10 tablets,230.85,true
Novastat Gold Tablet,Aspirin + Rosuvastatin,75mg + 10mg,Tablet,Lupin Ltd,strip of 10 tablets,174.9,true
Novastat-TG 20 Tablet,Fenofibrate + Rosuvastatin,160mg + 20mg,Tablet,Lupin Ltd,strip of 10 tablets,409.3,true
Novatax O 100mg Tablet,Cefotaxime,100mg,Tablet,Cipla Ltd,strip of 10 tablets,140.0,true
Novatax O 200mg Tablet,Cefotaxime,200mg,Tablet,Cipla Ltd,strip of 10 tablets,250.0,true
Novolid 200mg Tablet,Nimesulide,200mg,Tablet,Micro Labs Ltd,strip of 10 tablets,34.0,false
Novolid 50mg Syrup,Nimesulide,50mg/5ml,Syrup,Micro Labs Ltd,bottle of 60 ml Syrup,18.0,false
Noworm Oral Suspension,Albendazole,400mg,Suspension,Alkem Laboratories Ltd,bottle of 10 ml Oral Suspension,19.79,true
Nozuka AF Drops,Chlorpheniramine Maleate + Phenylephrine,1mg + 2.5mg,Drops,Alkem Laboratories Ltd,bottle of 15 ml Oral Drops,39.9,false
Nozuka AF Syrup,Chlorpheniramine Maleate + Phenylephrine,2mg/5ml + 5mg/5ml,Syrup,Alkem Laboratories Ltd,bottle of 60 ml Syrup,67.0,false
Nozuka Nu Tablet,Caffeine + Diphenhydramine,30mg + 25mg,Tablet,Alkem Laboratories Ltd,strip of 10 tablets,34.0,false
Nozuka Syrup,Chlorpheniramine Maleate + Paracetamol,1mg + 125mg,Syrup,Alkem Laboratories Ltd,bottle of 60 ml Syrup,38.8,false
NP Flox Syrup,Ofloxacin,50mg,Syrup,NPS Pharmaceuticals,bottle of 30 ml Syrup,28.0,true
NT Cold Suspension,Chlorpheniramine Maleate + Paracetamol,1mg + 125mg,Suspension,Intas Pharmaceuticals Ltd,bottle of 60 ml Suspension,41.77,false
NT Cold Tablet,Cetirizine + Paracetamol,5mg + 325mg,Tablet,Intas Pharmaceuticals Ltd,strip of 10 tablets,39.0,false
NT Grain Tablet,Caffeine + Ergotamine,100mg + 1mg,Tablet,Intas Pharmaceuticals Ltd,strip of 10 tablets,40.5,false
NT Spas 20 mg/500 mg Injection,Dicyclomine + Paracetamol,20mg + 500mg,Injection,Intas Pharmaceuticals Ltd,vial of 2 ml Injection,5.0,true
NT Spas Tablet,Dicyclomine + Paracetamol,20mg + 325mg,Tablet,Intas Pharmaceuticals Ltd,strip of 10 tablets,4.75,false
Nuazy 500mg Syrup,Azithromycin,500mg,Syrup,NuLife Pharmaceuticals,bottle of 30 ml Syrup,94.54,true
Nucool O Syrup,Sucralfate + Oxetacaine,1000mg + 10mg,Syrup,Alkem Laboratories Ltd,bottle of 100 ml Syrup,130.0,true
Nucool S 1000mg Suspension,Sucralfate,1000mg,Suspension,Alkem Laboratories Ltd,bottle of 200 ml Suspension,146.73,true
Nucort 0.5mg Drop,Prednisolone,0.5mg,Drops,Mankind Pharma Ltd,packet of 15 ml Drop,11.55,true
Nucort 5mg Tablet,Prednisolone,5mg,Tablet,Mankind Pharma Ltd,strip of 10 tablets,156.0,true
Nucoxia 120 Tablet,Etoricoxib,120mg,Tablet,Zydus Cadila,strip of 10 tablets,224.65,true
Nucoxia 60 Tablet,Etoricoxib,60mg,Tablet,Zydus Cadila,strip of 15 tablets,221.4,true
Nucoxia 90 Tablet,Etoricoxib,90mg,Tablet,Zydus Cadila,strip of 15 tablets,274.65,true
Nucoxia 90mg Injection,Etoricoxib,90mg,Injection,Zydus Cadila,vial of 1 Injection,150.0,true
Nucoxia D3 Capsule,Etoricoxib + Vitamin D3,90mg + 600IU,Capsule,Zydus Cadila,strip of 10 capsules,200.95,true
Nucoxia Emul Gel,Etoricoxib + Linseed Oil,10mg + 30mg,Gel,Zydus Cadila,tube of 30 gm Gel,80.45,true
Nucoxia MR 8 Tablet,Etoricoxib + Thiocolchicoside,60mg + 8mg,Tablet,Zydus Cadila,strip of 10 tablets,376.6,true
Nucoxia MR Tablet,Etoricoxib + Thiocolchicoside,60mg + 4mg,Tablet,Zydus Cadila,strip of 10 tablets,289.75,true
Nucoxia P Tablet,Etoricoxib + Paracetamol,60mg + 325mg,Tablet,Zydus Cadila,strip of 15 tablets,221.05,true
Nucoxia PG 75mg/60mg Tablet,Pregabalin + Etoricoxib,75mg + 60mg,Tablet,Zydus Cadila,strip of 10 tablets,250.8,true
Nucoxia Relax Tablet,Etoricoxib + Thiocolchicoside,90mg + 8mg,Tablet,Zydus Cadila,strip of 10 tablets,466.4,true
Nucoxia SP Tablet,Etoricoxib + Serratiopeptidase,60mg + 10mg,Tablet,Zydus Cadila,strip of 10 tablets,154.45,true
Nudiclo Plus 100mg/325mg Tablet,Diclofenac + Paracetamol,100mg + 325mg,Tablet,Macleods Pharmaceuticals Pvt Ltd,strip of 6 tablets,22.48,false
Nuflam TH 200mg/16mg Tablet,Aceclofenac + Thiocolchicoside,200mg + 16mg,Tablet,Cadila Pharmaceuticals Ltd,strip of 5 tablets,175.0,true
Nuflam-RB Capsule SR,Aceclofenac + Rabeprazole,200mg + 20mg,Capsule,Cadila Pharmaceuticals Ltd,strip of 10 capsule sr,113.5,true
Nuflam-TH 8mg Capsule SR,Aceclofenac + Thiocolchicoside,200mg + 8mg,Capsule,Cadila Pharmaceuticals Ltd,strip of 5 capsule sr,179.5,true
Nuforce 150 mg/1000 mg Tablet,Fluconazole + Tinidazole,150mg + 1000mg,Tablet,Mankind Pharma Ltd,strip of 1 Tablet,21.9,true
Nuforce 150 Tablet,Fluconazole,150mg,Tablet,Mankind Pharma Ltd,strip of 2 tablets,24.82,true
Nuforce 200 Tablet,Fluconazole,200mg,Tablet,Mankind Pharma Ltd,strip of 2 tablets,39.56,true
Nuforce 400mg Tablet,Fluconazole,400mg,Tablet,Mankind Pharma Ltd,strip of 1 Tablet,28.99,true
Nuforce 50mg Tablet,Fluconazole,50mg,Tablet,Mankind Pharma Ltd,strip of 1 Tablet,9.99,true
Nuforce 50mg Tablet,Fluconazole,50mg,Tablet,Mankind Pharma Ltd,strip of 2 tablets,21.0,true
Nuforce Plus 150 mg/6 mg Tablet,Fluconazole + Ivermectin,150mg + 6mg,Tablet,Mankind Pharma Ltd,strip of 1 Tablet,22.99,true
Nuforce Solution,Fluconazole,,Solution,Mankind Pharma Ltd,bottle of 50 ml Solution,151.25,true
Nuforce-Gm Cream,Beclometasone + Neomycin,0.025% w/w + 0.5% w/w,Cream,Mankind Pharma Ltd,tube of 15 gm Cream,57.99,false
Nulong 10 Tablet,Cilnidipine,10mg,Tablet,Micro Labs Ltd,strip of 10 tablets,97.0,true
Nulong 10 Tablet,Cilnidipine,10mg,Tablet,Micro Labs Ltd,strip of 15 tablets,145.5,true
Nulong 20 Tablet,Cilnidipine,20mg,Tablet,Micro Labs Ltd,strip of 10 tablets,125.0,true
Nulong 5 Tablet,Cilnidipine,5mg,Tablet,Micro Labs Ltd,strip of 10 tablets,54.0,true
Nulong-MT 25 Tablet ER,Cilnidipine + Metoprolol Succinate,10mg + 23.75mg,Tablet,Micro Labs Ltd,strip of 10 tablet er,87.0,true
Nulong-MT 50 Tablet ER,Cilnidipine + Metoprolol Succinate,10mg + 47.5mg,Tablet,Micro Labs Ltd,strip of 10 tablet er,109.0,true
Nulong-MT 50 Tablet ER,Cilnidipine + Metoprolol Succinate,10mg + 47.5mg,Tablet,Micro Labs Ltd,strip of 15 tablet er,163.5,true
Nulong-OL 40 Tablet,Olmesartan Medoxomil + Cilnidipine,40mg + 10mg,Tablet,Micro Labs Ltd,strip of 10 tablets,207.0,true
Nulong-Trio 40 Tablet,Olmesartan Medoxomil + Cilnidipine,40mg + 10mg,Tablet,Micro Labs Ltd,strip of 10 tablets,218.0,true
Numlo L 2.5 mg/5 mg Tablet,Amlodipine + Lisinopril,2.5mg + 5mg,Tablet,Emcure Pharmaceuticals Ltd,strip of 10 tablets,55.32,true
Numlo-M 5 Tablet PR,Amlodipine + Metoprolol Succinate,5mg + 23.75mg,Tablet,Emcure Pharmaceuticals Ltd,strip of 10 tablet mr,149.2,true
Numlo-M Tablet PR,Amlodipine + Metoprolol Succinate,2.5mg + 23.75mg,Tablet,Emcure Pharmaceuticals Ltd,strip of 10 tablet mr,135.2,true
Numlo-TM Tablet,Telmisartan + Amlodipine,40mg + 2.5mg,Tablet,Emcure Pharmaceuticals Ltd,strip of 15 tablets,208.8,true
Nupenta CP Capsule SR,Cinitapride + Pantoprazole,3mg + 40mg,Capsule,Macleods Pharmaceuticals Pvt Ltd,strip of 10 capsule sr,251.8,true
Nupenta ITR 40mg/150mg Capsule,Pantoprazole + Itopride,40mg + 150mg,Capsule,Macleods Pharmaceuticals Pvt Ltd,strip of 10 capsules,92.07,true
Nupenta-D Capsule,Domperidone + Pantoprazole,10mg + 20mg,Capsule,Macleods Pharmaceuticals Pvt Ltd,strip of 15 capsules,111.5,true
Nuramed M Capsule,Methylcobalamin + Pregabalin,,Capsule,Zydus Cadila,strip of 10 capsules,84.0,true
Nureeto 120mg Tablet,Etoricoxib,120mg,Tablet,Intas Pharmaceuticals Ltd,strip of 10 tablets,147.0,true
Nureeto 60 Tablet,Etoricoxib,60mg,Tablet,Intas Pharmaceuticals Ltd,strip of 10 tablets,116.0,true
Nureeto 90 Tablet,Etoricoxib,90mg,Tablet,Intas Pharmaceuticals Ltd,strip of 10 tablets,141.0,true
Nureeto-MR 4 Tablet,Etoricoxib + Thiocolchicoside,60mg + 4mg,Tablet,Intas Pharmaceuticals Ltd,strip of 10 tablets,242.0,true
Nureeto-MR 8 Tablet,Etoricoxib + Thiocolchicoside,60mg + 8mg,Tablet,Intas Pharmaceuticals Ltd,strip of 10 tablets,351.0,true
Nuroday 1500 Injection,Methylcobalamin,1500mcg,Injection,Dr Reddy's Laboratories Ltd,box of 1 Injection,126.5,true
Nuroday 500 Injection,Methylcobalamin,500mcg,Injection,Dr Reddy's Laboratories Ltd,box of 1 Injection,75.0,true
Nuroday Tablet ER,Methylcobalamin,1500mcg,Tablet,Dr Reddy's Laboratories Ltd,strip of 10 tablet er,235.0,false
Nuroday-H Tablet,Methylcobalamin + Vitamin B6 (Pyridoxine),1500mcg + 20mg,Tablet,Dr Reddy's Laboratories Ltd,strip of 10 tablets,251.0,false
Nurogab M 750mcg/75mg Tablet,Methylcobalamin + Pregabalin,750mcg + 75mg,Tablet,Macleods Pharmaceuticals Pvt Ltd,strip of 10 tablets,99.0,true
Nurokind Injection,Methylcobalamin,500mcg,Injection,Mankind Pharma Ltd,vial of 1 ml Injection,19.99,true
Nurokind OD Injection,Methylcobalamin,1500mcg,Injection,Mankind Pharma Ltd,vial of 1 ml Injection,24.99,true
Nurokind Ortho Tablet,Glucosamine + Methyl Sulfonyl Methane,750mg + 250mg,Tablet,Mankind Pharma Ltd,strip of 6 tablets,41.94,false
Nurokind-G 100 New Tablet,Gabapentin + Methylcobalamin,100mg + 500mcg,Tablet,Mankind Pharma Ltd,strip of 10 tablets,82.5,true
Nurokind-G 1000 mg/500 mg Injection,Cefoperazone + Sulbactam,1000mg + 500mg,Injection,Mankind Pharma Ltd,vial of 1 Injection,249.0,true
Nurokind-LC Tablet,Levo-carnitine + Methylcobalamin,500mg + 1500mcg,Tablet,Mankind Pharma Ltd,strip of 15 tablets,224.85,false
Nurokind-Plus RF Capsule,Methylcobalamin + Alpha Lipoic Acid,1500mcg + 100mg,Capsule,Mankind Pharma Ltd,strip of 10 capsules,105.0,false
Nusar Amh 50 mg/2.5 mg/12.5 mg Tablet,Losartan + Amlodipine,50mg + 2.5mg,Tablet,Emcure Pharmaceuticals Ltd,strip of 10 tablets,106.0,true
Nusar-AM 25mg/5mg Tablet,Losartan + Amlodipine,25mg + 5mg,Tablet,Emcure Pharmaceuticals Ltd,strip of 10 tablets,32.3,true
Nusar-AM Tablet,Losartan + Amlodipine,50mg + 2.5mg,Tablet,Emcure Pharmaceuticals Ltd,strip of 10 tablets,197.95,true
Nuset 4mg Injection,Ondansetron,4mg,Injection,Sun Pharmaceutical Industries Ltd,vial of 2 ml Injection,16.25,true
Nuset 8mg Injection,Ondansetron,8mg,Injection,Sun Pharmaceutical Industries Ltd,vial of 4 ml Injection,48.0,true
Nuzide 80mg Tablet,Gliclazide,80mg,Tablet,Intas Pharmaceuticals Ltd,strip of 10 tablets,69.0,true
Nuzide XL 30 Tablet,Gliclazide,30mg,Tablet,Intas Pharmaceuticals Ltd,strip of 10 tablet mr,40.5,true
Nxclav Oral Drops,Amoxycillin + Clavulanic Acid,200mg + 28.5mg,Drops,Novalab Healthcare Pvt Ltd,bottle of 30 ml Oral Drops,75.0,true
O Anxit 0.5 mg/10 mg Tablet,Flupenthixol + Melitracen,0.5mg + 10mg,Tablet,Macleods Pharmaceuticals Pvt Ltd,strip of 10 tablets,62.7,false
O Anxit Plus 0.5 mg/10 mg Tablet,Flupenthixol + Escitalopram Oxalate,0.5mg + 10mg,Tablet,Macleods Pharmaceuticals Pvt Ltd,strip of 10 tablets,79.0,true
O Anxit Plus 0.5 mg/5 mg Tablet,Flupenthixol + Escitalopram Oxalate,0.5mg + 5mg,Tablet,Macleods Pharmaceuticals Pvt Ltd,strip of 10 tablets,68.0,true
O Cebran 0.3% Drop,Ofloxacin,0.3%,Drops,Blue Cross Laboratories Ltd,packet of 5 ml Drop,24.0,true
O Cebran 300mg Tablet,Ofloxacin,300mg,Tablet,Blue Cross Laboratories Ltd,strip of 6 tablets,35.0,true
O Cian 2mg Syrup,Ondansetron,2mg,Syrup,Cian Health Care Pvt Ltd,bottle of 30 ml Syrup,40.6,true
O Duo Suspension,Ofloxacin + Ornidazole,50mg + 125mg,Suspension,Cadila Pharmaceuticals Ltd,bottle of 30 ml Suspension,40.3,true
O F K OZ Capsule,Ofloxacin + Ornidazole,200mg + 500mg,Capsule,Signova Pharma Pvt Ltd,strip of 10 capsules,80.0,true
O M T Suspension,Ondansetron,,Suspension,Thrift Pharmaceuticals,bottle of 30 ml Suspension,29.62,true
O One Suspension,Ofloxacin,100mg,Suspension,Bodycare Pharmaceuticals,bottle of 60 ml Suspension,58.0,true
O Ron O Syrup,Ofloxacin + Ornidazole,,Syrup,Neuro Pharma GmbH,bottle of 30 ml Syrup,30.95,true
O Stron 2mg Syrup,Ondansetron,2mg,Syrup,Mahawat Healthcare Pvt Ltd,bottle of 60 ml Syrup,35.0,true
O-Bakterie Oral Suspension,Ofloxacin,100mg,Suspension,Hegde and Hegde Pharmaceutical LLP,bottle of 60 ml Oral Suspension,49.0,true
O-Stat 120 Capsule,Orlistat,120mg,Capsule,Aristo Pharmaceuticals Pvt Ltd,strip of 10 capsules,442.0,false
O-Stat 60 Capsule,Orlistat,60mg,Capsule,Aristo Pharmaceuticals Pvt Ltd,strip of 10 capsules,235.0,false
Obactin 200mg Syrup,Ofloxacin,200mg,Syrup,Meridian Enterprises Pvt Ltd,bottle of 30 ml Syrup,36.0,true
Ocid 10mg Tablet,Omeprazole,10mg,Tablet,Zydus Cadila,strip of 15 tablets,43.5,true
Ocid 20 Capsule,Omeprazole,20mg,Capsule,Zydus Cadila,strip of 20 capsules,61.92,true
Ocid QRS 20 Tablet,Omeprazole,20mg,Tablet,Zydus Cadila,strip of 20 tablets,122.4,true
Ocid QRS 20 Tablet,Omeprazole,20mg,Tablet,Zydus Cadila,strip of 10 tablets,77.62,true
Ocid-D Capsule,Domperidone + Omeprazole,10mg + 20mg,Capsule,Zydus Cadila,strip of 10 capsules,175.2,true
Ocid-DSR Capsule,Domperidone + Omeprazole,30mg + 20mg,Capsule,Zydus Cadila,strip of 15 capsule sr,240.9,true
Ocu Sulf Eye Drop,Sulphacetamide,20% w/v,Drops,Cipla Ltd,packet of 10 ml Eye Drop,9.93,false
Odicef O 50mg Oral Drops,Cefixime,50mg,Drops,Galpha Laboratories Ltd,packet of 10 ml Oral Drops,51.42,true
Odimont 10 Tablet,Montelukast,10mg,Tablet,Zydus Cadila,strip of 10 tablets,225.0,true
Odimont 4mg Tablet,Montelukast,4mg,Tablet,Zydus Cadila,strip of 10 tablets,91.0,true
Odimont 5mg Tablet,Montelukast,5mg,Tablet,Zydus Cadila,strip of 10 tablets,101.0,true
Odimont-AL Tablet,Ambroxol + Levocetirizine,75mg + 5mg,Tablet,Zydus Cadila,strip of 10 tablets,251.65,false
Odimont-LC Kid Tablet,Levocetirizine + Montelukast,2.5mg + 5mg,Tablet,Zydus Cadila,strip of 15 tablets,204.0,true
Odimont-LC Kid Tablet,Levocetirizine + Montelukast,2.5mg + 5mg,Tablet,Zydus Cadila,strip of 10 tablets,113.0,true
Odimont-Plus Tablet,Bambuterol + Montelukast,10mg + 10mg,Tablet,Zydus Cadila,strip of 10 tablets,202.0,true
Odirox 150mg Tablet,Roxithromycin,150mg,Tablet,Cipla Ltd,strip of 10 tablets,109.5,true
Odirox 300mg Tablet,Roxithromycin,300mg,Tablet,Cipla Ltd,strip of 5 tablets,95.0,true
Odirox 50mg Tablet DT,Roxithromycin,50mg,Tablet,Cipla Ltd,strip of 10 tablet dt,43.53,true
Odoxil 125mg Suspension,Cefadroxil,125mg,Suspension,Lupin Ltd,bottle of 30 ml Suspension,20.38,true
Odoxil 125mg Tablet DT,Cefadroxil,125mg,Tablet,Lupin Ltd,strip of 10 tablet dt,22.4,true
Odoxil 250 DT Tablet,Cefadroxil,250mg,Tablet,Lupin Ltd,strip of 10 tablet dt,45.6,true
Odoxil 500mg Tablet,Cefadroxil,500mg,Tablet,Lupin Ltd,strip of 10 tablets,49.72,true
Odoxil DS 250mg Dry Syrup,Cefadroxil,250mg,Syrup,Lupin Ltd,bottle of 30 ml Dry Syrup,33.0,true
Odoxil DS 250mg Syrup,Cefadroxil,250mg,Syrup,Lupin Ltd,bottle of 30 ml Syrup,36.25,true
Odoxil PM Forte Syrup,Cefadroxil,,Syrup,Lupin Ltd,bottle of 60 ml Syrup,24.76,true
Odoxil Premix 250mg Liquid,Cefadroxil,250mg,Solution,Lupin Ltd,bottle of 30 ml Liquid,18.0,true
Ofal 200mg Syrup,Ofloxacin,200mg,Syrup,Hi Tech Pharmaceuticals Pvt Ltd,bottle of 60 ml Syrup,49.0,true
Ofax Eye Ointment,Ofloxacin,0.3% w/w,Ointment,Optho Pharma Pvt Ltd,tube of 5 gm Eye Ointment,46.0,true
Ofax Eye/Ear Drops,Ofloxacin,0.30%,Drops,Optho Pharma Pvt Ltd,bottle of 5 ml Eye/Ear Drops,55.44,true
Ofel OZ 200mg/600mg Tablet,Ofloxacin + Ornidazole,200mg + 600mg,Tablet,Welbe Life Sciences,strip of 10 tablets,78.0,true
Ofelder Drop,Ofloxacin,0.30%,Drops,Elder Pharmaceuticals Ltd,packet of 5 ml Drop,24.97,true
Office OZ 200mg/200mg Tablet,Ofloxacin + Ornidazole,200mg + 200mg,Tablet,Hetero Drugs Ltd,strip of 10 tablets,47.7,true
Oflacin 0.30% Drop,Ofloxacin,0.30%,Drops,Micro Labs Ltd,packet of 5 ml Drop,62.0,true
Oflaquin 200mg Suspension,Ofloxacin,200mg,Suspension,Nodysis Pharma Pvt Ltd,bottle of 30 ml Suspension,46.67,true
Oflaquin Tablet XL,Ofloxacin,,Tablet,Nodysis Pharma Pvt Ltd,strip of 10 tablet xl,180.0,true
Oflasun Eye Drop,Ofloxacin,,Drops,Sun Pharmaceutical Industries Ltd,packet of 5 ml Eye Drop,32.25,true
Oflatoon 100mg/5ml Suspension,Ofloxacin,100mg/5ml,Suspension,Zydus Cadila,bottle of 30 ml Suspension,22.95,true
Oflatoon DS 200mg Suspension,Ofloxacin,200mg,Suspension,Zydus Cadila,bottle of 60 ml Suspension,65.67,true
Oflatoon DS 200mg Syrup,Ofloxacin,200mg,Syrup,Zydus Cadila,bottle of 30 ml Syrup,59.17,true
Oflatoon MZ Suspension,Ofloxacin + Metronidazole,50mg/5ml + 100mg/5ml,Suspension,Zydus Cadila,bottle of 30 ml Suspension,26.95,true
Oflavid Syrup,Ofloxacin,,Syrup,Leeford Healthcare Ltd,bottle of 30 ml Syrup,32.0,true
Oflo Eye Ointment,Ofloxacin,0.3% w/w,Ointment,Sunways India Pvt Ltd,tube of 5 gm Eye Ointment,12.9,true
Oflo Ram 50mg Syrup,Ofloxacin,50mg,Syrup,Om Hare Ram Healthcare Pvt Ltd,bottle of 30 ml Syrup,32.0,true
Oflobid 50mg/5ml Syrup,Ofloxacin,50mg/5ml,Syrup,Micro Labs Ltd,bottle of 30 ml Syrup,12.5,true
Oflochem M Forte Syrup,Ofloxacin + Metronidazole,50mg + 120mg,Syrup,Biochem Pharmaceutical Industries,bottle of 30 ml Syrup,36.0,true
Oflochem M Syrup,Ofloxacin + Metronidazole,50mg/5ml + 100mg/5ml,Syrup,Biochem Pharmaceutical Industries,bottle of 30 ml Syrup,27.0,true
Oflochem TZ 200 mg/500 mg Tablet,Ofloxacin + Tinidazole,200mg + 500mg,Tablet,Biochem Pharmaceutical Industries,strip of 10 tablets,85.0,true
Oflochem TZ Syrup,Ofloxacin + Tinidazole,200mg + 600mg,Syrup,Biochem Pharmaceutical Industries,bottle of 30 ml Syrup,12.62,true
Oflofine M Oral Suspension,Ofloxacin + Metronidazole,50mg + 100mg,Suspension,Glenmark Pharmaceuticals Ltd,bottle of 60 ml Oral Suspension,98.5,true
Oflofine M Oral Suspension,Ofloxacin + Metronidazole,50mg + 100mg,Suspension,Glenmark Pharmaceuticals Ltd,bottle of 30 ml Oral Suspension,75.5,true
Oflogyl MZ Oral Suspension,Ofloxacin + Metronidazole,50mg + 100mg,Suspension,Intas Pharmaceuticals Ltd,bottle of 60 ml Oral Suspension,102.0,true
Oflokem 200mg Tablet,Ofloxacin,200mg,Tablet,Alkem Laboratories Ltd,strip of 10 tablets,86.0,true
Oflokem 2mg Infusion,Ofloxacin,2mg/ml,Injection,Alkem Laboratories Ltd,bottle of 100 ml Infusion,180.0,true
Oflokem 400mg Tablet,Ofloxacin,400mg,Tablet,Alkem Laboratories Ltd,strip of 10 tablets,165.0,true
Oflokem 50mg/5ml Suspension,Ofloxacin,50mg/5ml,Suspension,Alkem Laboratories Ltd,bottle of 30 ml Suspension,22.68,true
Oflokem D Eye/Ear Drops,Ofloxacin + Dexamethasone,0.3% w/v + 0.1% w/v,Drops,Alkem Laboratories Ltd,packet of 10 ml Eye/Ear Drops,49.0,true
Oflokem Eye/Ear Drops,Ofloxacin,,Drops,Alkem Laboratories Ltd,packet of 10 ml Eye/Ear Drops,31.0,true
Oflokem Novo 200mg Tablet,Ofloxacin,200mg,Tablet,Alkem Laboratories Ltd,strip of 10 tablets,86.0,true
Oflokem OZ Infusion,Ofloxacin + Ornidazole,200mg + 500mg,Injection,Alkem Laboratories Ltd,bottle of 100 ml Infusion,135.0,true
Oflokem OZ Novo Tablet,Ofloxacin + Ornidazole,200mg + 500mg,Tablet,Alkem Laboratories Ltd,strip of 10 tablets,145.0,true
Oflokem OZ Suspension,Ofloxacin + Ornidazole,50mg + 125mg,Suspension,Alkem Laboratories Ltd,bottle of 60 ml Suspension,19.75,true
Oflokem OZ Syrup,Ofloxacin + Ornidazole,50mg/5ml + 125mg/5ml,Syrup,Alkem Laboratories Ltd,bottle of 30 ml Syrup,55.0,true
Oflokem OZ Tablet,Ofloxacin + Ornidazole,200mg + 500mg,Tablet,Alkem Laboratories Ltd,strip of 10 tablets,145.0,true
Oflokem Suspension,Ofloxacin,50mg,Suspension,Alkem Laboratories Ltd,bottle of 60 ml Suspension,21.23,true
Oflokem TZ Tablet,Ofloxacin + Tinidazole,200mg + 600mg,Tablet,Alkem Laboratories Ltd,strip of 10 tablets,87.5,true
Oflolin 50mg Syrup,Ofloxacin,50mg,Syrup,Medcure Pharma,bottle of 60 ml Syrup,45.0,true
Oflomac 200mg Infusion,Ofloxacin,200mg,Injection,Macleods Pharmaceuticals Pvt Ltd,bottle of 100 ml Infusion,95.0,true
Oflomac 300 Tablet,Ofloxacin,300mg,Tablet,Macleods Pharmaceuticals Pvt Ltd,strip of 10 tablets,133.0,true
Oflomac CX Dry Syrup,Cefixime + Ofloxacin,50mg/5ml + 50mg/5ml,Syrup,Macleods Pharmaceuticals Pvt Ltd,bottle of 30 ml Dry Syrup,46.0,true
Oflomac DX Eye/Ear Drops,Ofloxacin + Dexamethasone,0.3% + 0.1%,Drops,Macleods Pharmaceuticals Pvt Ltd,packet of 5 ml Eye/Ear Drops,7.51,true
Oflomac Eye/Ear Drops,Ofloxacin,0.3% w/v,Drops,Macleods Pharmaceuticals Pvt Ltd,packet of 5 ml Eye/Ear Drops,19.05,true
Oflomac Forte Oral Solution,Ofloxacin,100mg/5ml,Solution,Macleods Pharmaceuticals Pvt Ltd,bottle of 30 ml Oral Solution,71.25,true
Oflomac IV 200mg Infusion,Ofloxacin,200mg,Injection,Macleods Pharmaceuticals Pvt Ltd,bottle of 200 ml Infusion,79.0,true
Oflomac MN Syrup,Ofloxacin + Metronidazole,50mg/5ml + 100mg/5ml,Syrup,Macleods Pharmaceuticals Pvt Ltd,bottle of 60 ml Syrup,57.0,true
Oflomac Oral Solution,Ofloxacin,50mg/5ml,Solution,Macleods Pharmaceuticals Pvt Ltd,bottle of 30 ml Oral Solution,39.6,true
Oflomac Oral Solution,Ofloxacin,50mg/5ml,Solution,Macleods Pharmaceuticals Pvt Ltd,bottle of 60 ml Oral Solution,66.0,true
Oflomac OZ 200 mg/500 mg Infusion,Ofloxacin + Ornidazole,200mg + 500mg,Injection,Macleods Pharmaceuticals Pvt Ltd,bottle of 100 ml Infusion,136.75,true
Oflomac OZ Suspension,Ofloxacin + Ornidazole,50mg/5ml + 125mg/5ml,Suspension,Macleods Pharmaceuticals Pvt Ltd,bottle of 30 ml Oral Suspension,45.9,true
Oflomac TZ 200 mg/600 mg Tablet,Ofloxacin + Tinidazole,200mg + 600mg,Tablet,Macleods Pharmaceuticals Pvt Ltd,strip of 10 tablets,105.0,true
Oflomac-M Forte Suspension,Ofloxacin + Metronidazole,100mg/5ml + 200mg/5ml,Suspension,Macleods Pharmaceuticals Pvt Ltd,bottle of 60 ml Oral Suspension,80.3,true
Oflomac-M Tablet,Ofloxacin + Metronidazole,,Tablet,Macleods Pharmaceuticals Pvt Ltd,strip of 10 tablets,11.13,true
Ofloren 0.3% Drop,Ofloxacin,0.3%,Drops,Indoco Remedies Ltd,packet of 5 ml Drop,46.8,true
Oflostar M Suspension,Ofloxacin + Metronidazole,50mg/5ml + 100mg/5ml,Suspension,Cadila Pharmaceuticals Ltd,bottle of 30 ml Suspension,14.68,true
Oflostar OZ Syrup,Ofloxacin + Ornidazole,50mg/5ml + 125mg/5ml,Syrup,Cadila Pharmaceuticals Ltd,bottle of 30 ml Syrup,46.0,true
Oflotas Eye Drop,Ofloxacin,0.3% w/v,Drops,Intas Pharmaceuticals Ltd,packet of 5 ml Eye Drop,27.0,true
Oflotas TZ Syrup,Ofloxacin + Tinidazole,200mg + 600mg,Syrup,Intas Pharmaceuticals Ltd,bottle of 30 ml Syrup,13.75,true
Oflotas-OZ 200mg/500mg Infusion,Ofloxacin + Ornidazole,200mg + 500mg,Injection,Intas Pharmaceuticals Ltd,bottle of 100 ml Infusion,43.75,true
Oflotas-OZ 50mg/5ml/125mg/5ml Syrup,Ofloxacin + Ornidazole,50mg/5ml + 125mg/5ml,Syrup,Intas Pharmaceuticals Ltd,bottle of 30 ml Syrup,53.0,true
Oflotoss 100mg Syrup,Ofloxacin,100mg,Syrup,Novalab Healthcare Pvt Ltd,bottle of 60 ml Syrup,97.0,true
Oflotoss 50mg Syrup,Ofloxacin,50mg,Syrup,Novalab Healthcare Pvt Ltd,bottle of 60 ml Syrup,45.0,true
Oflowal 50mg Oral Suspension,Ofloxacin,50mg,Suspension,Wallace Pharmaceuticals Pvt Ltd,bottle of 30 ml Oral Suspension,28.0,true
Oflowin M Oral Suspension,Ofloxacin + Metronidazole,50mg/5ml + 120mg/5ml,Suspension,Ikon Remedies Pvt Ltd,bottle of 30 ml Oral Suspension,64.5,true
Oflowin Suspension,Ofloxacin,200mg,Suspension,Win-Medicare Pvt Ltd,bottle of 30 ml Suspension,12.43,true
Oflowin-OZ Oral Suspension,Ofloxacin + Ornidazole,50mg + 125mg,Suspension,Ikon Remedies Pvt Ltd,bottle of 30 ml Oral Suspension,31.18,true
Oflox 100 Rediuse Oral Suspension,Ofloxacin,100mg/5ml,Suspension,Cipla Ltd,bottle of 60 ml Oral Suspension,148.59,true
Oflox 100mg Tablet DT,Ofloxacin,100mg,Tablet,Cipla Ltd,strip of 10 tablet dt,44.55,true
Oflox 200 Tablet,Ofloxacin,200mg,Tablet,Cipla Ltd,strip of 10 tablets,88.57,true
Oflox 200mg Infusion,Ofloxacin,200mg,Injection,Cipla Ltd,bottle of 100 ml Infusion,173.48,true
Oflox 400 Tablet,Ofloxacin,400mg,Tablet,Cipla Ltd,strip of 10 tablets,292.21,true
Oflox 50 Rediuse,Ofloxacin,50mg/5ml,Suspension,Cipla Ltd,bottle of 60 ml Oral Suspension,70.26,true
Oflox Eye/Ear Drop,Ofloxacin,0.3% w/v,Drops,Cipla Ltd,packet of 5 ml Ophthalmic Solution,40.59,true
Oflox N 500 mg/200 mg Tablet,Nitazoxanide + Ofloxacin,500mg + 200mg,Tablet,Cipla Ltd,strip of 10 tablets,94.88,true
Oflox OZ 200mg/500mg Infusion,Ofloxacin + Ornidazole,200mg + 500mg,Injection,Cipla Ltd,bottle of 100 ml Infusion,169.0,true
Oflox OZ Tablet,Ofloxacin + Ornidazole,200mg + 500mg,Tablet,Cipla Ltd,strip of 10 tablets,165.41,true
Oflox TZ Tablet,Ofloxacin + Tinidazole,200mg + 600mg,Tablet,Cipla Ltd,strip of 10 tablets,155.05,true
Oflox-D Eye Drop,Ofloxacin + Beclometasone,0.3% w/v + 0.1% w/v,Drops,Cipla Ltd,packet of 5 ml Eye Drop,12.0,true
Oflox-D Eye Drop,Ofloxacin + Dexamethasone,0.3% w/v + 0.1% w/v,Drops,Cipla Ltd,bottle of 10 ml Eye Drop,20.49,true
Ofloxibact TZ Tablet,Ofloxacin + Tinidazole,200mg + 500mg,Tablet,Torrent Pharmaceuticals Ltd,strip of 10 tablets,31.37,true
Oflup 100mg Infusion,Ofloxacin,100mg,Injection,Lupin Ltd,bottle of 100 ml Infusion,18.75,true
Ofpil O 400mg Syrup,Ofloxacin,400mg,Syrup,Biochem Pharmaceutical Industries,bottle of 30 ml Syrup,17.81,true
Oframax 125mg Injection,Ceftriaxone,125mg,Injection,Sun Pharmaceutical Industries Ltd,vial of 1 Injection,14.79,true
Oframax 1gm Injection,Ceftriaxone,1gm,Injection,Sun Pharmaceutical Industries Ltd,vial of 1 Injection,61.85,true
Oframax 250mg Injection,Ceftriaxone,250mg,Injection,Sun Pharmaceutical Industries Ltd,vial of 1 Injection,25.07,true
Oframax 500mg Injection,Ceftriaxone,500mg,Injection,Sun Pharmaceutical Industries Ltd,vial of 5 ml Injection,45.8,true
Oframax Forte 1.5g Injection,Ceftriaxone + Sulbactam,1000mg + 500mg,Injection,Sun Pharmaceutical Industries Ltd,vial of 10 ml Injection,182.0,true
Oframax Forte 250mg/125mg Injection,Ceftriaxone + Sulbactam,250mg + 125mg,Injection,Sun Pharmaceutical Industries Ltd,vial of 1 Injection,44.0,true
Oframax XP 1000mg/125mg Injection,Ceftriaxone + Tazobactum,1000mg + 125mg,Injection,Sun Pharmaceutical Industries Ltd,vial of 1 Injection,170.0,true
Ofrex D Eye Drop,Ofloxacin + Dexamethasone,0.3% w/v + 0.1% w/v,Drops,Zydus Cadila,packet of 10 ml Eye Drop,7.21,true
Ofrex M 100mg/500mg Suspension,Ofloxacin + Metronidazole,100mg + 500mg,Suspension,Zydus Cadila,bottle of 30 ml Suspension,12.12,true
Ofrex O 50mg/5ml/125mg/5ml Suspension,Ofloxacin + Ornidazole,50mg/5ml + 125mg/5ml,Suspension,Zydus Cadila,bottle of 30 ml Suspension,32.5,true
Ofrex TZ 200mg/600mg Suspension,Ofloxacin + Tinidazole,200mg + 600mg,Suspension,Zydus Cadila,bottle of 30 ml Suspension,20.32,true
Ofrex TZ 200mg/600mg Tablet,Ofloxacin + Tinidazole,200mg + 600mg,Tablet,Zydus Cadila,strip of 10 tablets,80.0,true
Ofron 2mg Infusion,Ofloxacin,2mg/ml,Injection,Leeford Healthcare Ltd,bottle of 100 ml Infusion,110.0,true
Ofron M Syrup,Ofloxacin + Metronidazole,50mg + 120mg,Syrup,Leeford Healthcare Ltd,bottle of 30 ml Syrup,65.0,true
Ofx 50mg/5ml Syrup,Ofloxacin,50mg/5ml,Syrup,Micro Labs Ltd,bottle of 60 ml Syrup,40.41,true
Ofzer Syrup,Ofloxacin,50mg,Syrup,Lifekyor Pharmaceuticals,bottle of 60 ml Syrup,50.0,true
Okacet AX 10mg Tablet,Cetirizine,10mg,Tablet,Cipla Ltd,strip of 10 tablets,50.0,false
Okacet Cold Tablet,Cetirizine + Paracetamol,5mg + 325mg,Tablet,Cipla Ltd,strip of 10 tablets,46.75,false
Okacet Cold Total Tablet,Levocetirizine + Phenylephrine,5mg + 5mg,Tablet,Cipla Ltd,strip of 10 tablets,77.0,false
Okacet L Plus Suspension,Levocetirizine + Phenylephrine,,Suspension,Cipla Ltd,bottle of 60 ml Suspension,20.0,false
Okacet Tablet,Cetirizine,10mg,Tablet,Cipla Ltd,strip of 10 tablets,20.49,false
Okacet Total 5 mg/10 mg/500 mg Tablet,Levocetirizine + Phenylephrine,5mg + 10mg,Tablet,Cipla Ltd,strip of 10 tablets,17.5,false
Okacet-L Syrup,Levocetirizine,,Syrup,Cipla Ltd,bottle of 30 ml Syrup,15.0,false
Okacet-L Tablet,Levocetirizine,5mg,Tablet,Cipla Ltd,strip of 10 tablets,62.7,false
Okaflox M Suspension,Ofloxacin + Metronidazole,50mg/5ml + 100mg/5ml,Suspension,Cipla Ltd,bottle of 30 ml Suspension,16.8,true
OL Vamlo 20mg/5mg Tablet,Olmesartan Medoxomil + Amlodipine,20mg + 5mg,Tablet,Sun Pharmaceutical Industries Ltd,strip of 10 tablets,99.5,true
OL Vamlo 40mg/5mg Tablet,Olmesartan Medoxomil + Amlodipine,40mg + 5mg,Tablet,Sun Pharmaceutical Industries Ltd,strip of 10 tablets,160.0,true
Olanex F Tablet,Fluoxetine + Olanzapine,20mg + 5mg,Tablet,Emcure Pharmaceuticals Ltd,strip of 10 tablets,130.05,true
Oleanz 10 Tablet,Olanzapine,10mg,Tablet,Sun Pharmaceutical Industries Ltd,strip of 10 tablets,90.0,true
Oleanz 2.5 Tablet,Olanzapine,2.5mg,Tablet,Sun Pharmaceutical Industries Ltd,strip of 10 tablets,43.5,true
Oleanz 5 Tablet,Olanzapine,5mg,Tablet,Sun Pharmaceutical Industries Ltd,strip of 10 tablets,50.0,true
Oleanz 7.5 Tablet,Olanzapine,7.5mg,Tablet,Sun Pharmaceutical Industries Ltd,strip of 10 tablets,90.0,true
Oleanz Forte Tablet,Fluoxetine + Olanzapine,20mg + 10mg,Tablet,Sun Pharmaceutical Industries Ltd,strip of 10 tablets,174.0,true
Oleanz Plus Tablet,Fluoxetine + Olanzapine,20mg + 5mg,Tablet,Sun Pharmaceutical Industries Ltd,strip of 10 tablets,113.0,true
Oleanz RT 10 Disintegrating Tablet,Olanzapine,10mg,Tablet,Sun Pharmaceutical Industries Ltd,strip of 10 tablets,91.0,true
Oleanz RT 15 Tablet,Olanzapine,15mg,Tablet,Sun Pharmaceutical Industries Ltd,strip of 10 tablets,163.0,true
Oleanz RT 20 Tablet DT,Olanzapine,20mg,Tablet,Sun Pharmaceutical Industries Ltd,strip of 10 tablet dt,210.0,true
Oleanz RT 5 Tablet,Olanzapine,5mg,Tablet,Sun Pharmaceutical Industries Ltd,strip of 10 tablets,47.0,true
Oleanz RT 7.5mg Tablet,Olanzapine,7.5mg,Tablet,Sun Pharmaceutical Industries Ltd,strip of 10 tablets,86.0,true
Olee 20mg Capsule,Olanzapine,20mg,Capsule,Sun Pharmaceutical Industries Ltd,strip of 10 capsules,35.37,true
Oleptal OD 900 Tablet SR,Oxcarbazepine,900mg,Tablet,Torrent Pharmaceuticals Ltd,strip of 10 tablet sr,442.15,true
Olfi O Suspension,Ofloxacin + Ornidazole,200mg + 500mg,Suspension,Ipca Laboratories Ltd,bottle of 30 ml Suspension,38.0,true
Olimelt 15 Tablet,Olanzapine,15mg,Tablet,Intas Pharmaceuticals Ltd,strip of 10 tablets,167.0,true
Olimelt 20 Tablet,Olanzapine,20mg,Tablet,Intas Pharmaceuticals Ltd,strip of 10 tablets,209.0,true
Oliza 10 Tablet,Olanzapine,10mg,Tablet,Intas Pharmaceuticals Ltd,strip of 10 tablets,92.5,true
Oliza 15 Tablet,Olanzapine,15mg,Tablet,Intas Pharmaceuticals Ltd,strip of 10 tablets,153.0,true
Oliza 2.5 Tablet,Olanzapine,2.5mg,Tablet,Intas Pharmaceuticals Ltd,strip of 10 tablets,41.5,true
Oliza 20 Tablet,Olanzapine,20mg,Tablet,Intas Pharmaceuticals Ltd,strip of 10 tablets,209.0,true
Oliza 5 Tablet,Olanzapine,5mg,Tablet,Intas Pharmaceuticals Ltd,strip of 10 tablets,50.0,true
Oliza 7.5mg Tablet,Olanzapine,7.5mg,Tablet,Intas Pharmaceuticals Ltd,strip of 10 tablets,90.5,true
Oliza Injection,Olanzapine,10mg,Injection,Intas Pharmaceuticals Ltd,vial of 2 ml Powder for Injection,96.5,true
Oliza Pet 10mg Tablet,Olanzapine,10mg,Tablet,Intas Pharmaceuticals Ltd,strip of 30 tablets,153.8,true
Oliza Pet 5mg Tablet,Olanzapine,5mg,Tablet,Intas Pharmaceuticals Ltd,strip of 30 tablets,87.75,true
Oliza Pet 7.5mg Tablet,Olanzapine,7.5mg,Tablet,Intas Pharmaceuticals Ltd,strip of 30 tablets,126.43,true
Olkem 20 CT Tablet,Olmesartan Medoxomil + Chlorthalidone,20mg + 12.5mg,Tablet,Alkem Laboratories Ltd,strip of 10 tablets,172.0,true
Olkem 20 Tablet,Olmesartan Medoxomil,20mg,Tablet,Alkem Laboratories Ltd,strip of 15 tablets,201.0,true
Olkem 40 CT Tablet,Olmesartan Medoxomil + Chlorthalidone,40mg + 12.5mg,Tablet,Alkem Laboratories Ltd,strip of 10 tablets,264.0,true
Olkem 40 H Tablet,Hydrochlorothiazide + Olmesartan Medoxomil,12.5mg + 40mg,Tablet,Alkem Laboratories Ltd,strip of 15 tablets,446.0,true
Olkem 40 Tablet,Olmesartan Medoxomil,40mg,Tablet,Alkem Laboratories Ltd,strip of 15 tablets,358.0,true
Olkem H 40mg Tablet,Pantoprazole,40mg,Tablet,Alkem Laboratories Ltd,strip of 10 tablets,136.0,true
Olkem Trio 12.5 Tablet,Olmesartan Medoxomil + Cilnidipine,20mg + 10mg,Tablet,Alkem Laboratories Ltd,strip of 10 tablets,176.0,true
Olkem Trio 40 Tablet,Olmesartan Medoxomil + Cilnidipine,40mg + 10mg,Tablet,Alkem Laboratories Ltd,strip of 10 tablets,255.0,true
Olkem Trio 6.25 Tablet,Olmesartan Medoxomil + Cilnidipine,20mg + 10mg,Tablet,Alkem Laboratories Ltd,strip of 10 tablets,173.0,true
Olkem-Beta 25 Tablet,Olmesartan Medoxomil + Metoprolol Succinate,20mg + 25mg,Tablet,Alkem Laboratories Ltd,strip of 10 tablets,155.0,true
Olkem-Beta 50 Tablet ER,Olmesartan Medoxomil + Metoprolol Succinate,20mg + 50mg,Tablet,Alkem Laboratories Ltd,strip of 10 tablet er,185.0,true
Olkem-CL Tablet,Olmesartan Medoxomil + Cilnidipine,20mg + 10mg,Tablet,Alkem Laboratories Ltd,strip of 10 tablets,99.0,true
Olmark 10 Tablet,Olmesartan Medoxomil,10mg,Tablet,Intas Pharmaceuticals Ltd,strip of 10 tablets,97.0,true
Olmark 20 Tablet,Olmesartan Medoxomil,20mg,Tablet,Intas Pharmaceuticals Ltd,strip of 15 tablets,185.0,true
Olmark 40 Tablet,Olmesartan Medoxomil,40mg,Tablet,Intas Pharmaceuticals Ltd,strip of 15 tablets,300.0,true
Olmark A 40 Tablet,Olmesartan Medoxomil + Amlodipine,40mg + 5mg,Tablet,Intas Pharmaceuticals Ltd,strip of 10 tablets,272.0,true
Olmark A Tablet,Olmesartan Medoxomil + Amlodipine,20mg + 5mg,Tablet,Intas Pharmaceuticals Ltd,strip of 10 tablets,155.0,true
Olmark CT 20 Tablet,Olmesartan Medoxomil + Chlorthalidone,20mg + 12.5mg,Tablet,Intas Pharmaceuticals Ltd,strip of 10 tablets,135.5,true
Olmark CT 40 Tablet,Olmesartan Medoxomil + Chlorthalidone,40mg + 12.5mg,Tablet,Intas Pharmaceuticals Ltd,strip of 10 tablets,223.0,true
Olmark M 20mg/25mg Tablet,Olmesartan Medoxomil + Metoprolol Succinate,20mg + 25mg,Tablet,Intas Pharmaceuticals Ltd,strip of 10 tablets,89.0,true
Olmark M 20mg/50mg Tablet,Olmesartan Medoxomil + Metoprolol Succinate,20mg + 50mg,Tablet,Intas Pharmaceuticals Ltd,strip of 10 tablets,109.0,true
Olmark-AH Tablet,Olmesartan Medoxomil + Amlodipine,20mg + 5mg,Tablet,Intas Pharmaceuticals Ltd,strip of 10 tablets,158.5,true
Olmark-H 40 Tablet,Hydrochlorothiazide + Olmesartan Medoxomil,12.5mg + 40mg,Tablet,Intas Pharmaceuticals Ltd,strip of 15 tablets,350.0,true
Olmark-H Tablet,Hydrochlorothiazide + Olmesartan Medoxomil,12.5mg + 20mg,Tablet,Intas Pharmaceuticals Ltd,strip of 15 tablets,226.0,true
Olmark-H Tablet,Hydrochlorothiazide + Olmesartan Medoxomil,12.5mg + 20mg,Tablet,Intas Pharmaceuticals Ltd,strip of 10 tablets,116.0,true
Olmegard-AM Tablet,Olmesartan Medoxomil + Amlodipine,20mg + 2.5mg,Tablet,Emcure Pharmaceuticals Ltd,strip of 10 tablets,102.55,true
Olmesar Plus 20 Tablet,Olmesartan Medoxomil + Azelnidipine,20mg + 8mg,Tablet,Macleods Pharmaceuticals Pvt Ltd,strip of 10 tablets,163.9,true
Olmesar Plus 40 Tablet,Olmesartan Medoxomil + Azelnidipine,40mg + 8mg,Tablet,Macleods Pharmaceuticals Pvt Ltd,strip of 10 tablets,218.9,true
Olmesar-M 25 Tablet ER,Olmesartan Medoxomil + Metoprolol Succinate,20mg + 23.75mg,Tablet,Macleods Pharmaceuticals Pvt Ltd,strip of 15 tablet er,224.4,true
Olmetor 10mg Tablet,Olmesartan Medoxomil,10mg,Tablet,Torrent Pharmaceuticals Ltd,strip of 10 tablets,62.6,true
Olmetrack AM 40mg/5mg Tablet,Olmesartan Medoxomil + Amlodipine,40mg + 5mg,Tablet,Sun Pharmaceutical Industries Ltd,strip of 10 tablets,148.0,true
Olmezest 10 Tablet,Olmesartan Medoxomil,10mg,Tablet,Sun Pharmaceutical Industries Ltd,strip of 10 tablets,87.5,true
Olmezest 20 Tablet,Olmesartan Medoxomil,20mg,Tablet,Sun Pharmaceutical Industries Ltd,strip of 10 tablets,123.0,true
Olmezest 40 Tablet,Olmesartan Medoxomil,40mg,Tablet,Sun Pharmaceutical Industries Ltd,strip of 10 tablets,214.0,true
Olmezest 5mg Tablet,Olmesartan Medoxomil,5mg,Tablet,Sun Pharmaceutical Industries Ltd,strip of 10 tablets,25.0,true
Olmezest AM 40 Tablet,Olmesartan Medoxomil + Amlodipine,40mg + 5mg,Tablet,Sun Pharmaceutical Industries Ltd,strip of 10 tablets,235.0,true
Olmezest AM Tablet,Olmesartan Medoxomil + Amlodipine,20mg + 5mg,Tablet,Sun Pharmaceutical Industries Ltd,strip of 10 tablets,158.0,true
Olmezest Beta 25 Tablet ER,Olmesartan Medoxomil + Metoprolol Succinate,20mg + 25mg,Tablet,Sun Pharmaceutical Industries Ltd,strip of 10 tablet er,170.0,true
Olmezest Beta 40mg/50mg Tablet,Olmesartan Medoxomil + Metoprolol Succinate,40mg + 50mg,Tablet,Sun Pharmaceutical Industries Ltd,strip of 10 tablets,120.0,true
Olmezest Beta 50 Tablet ER,Olmesartan Medoxomil + Metoprolol Succinate,20mg + 50mg,Tablet,Sun Pharmaceutical Industries Ltd,strip of 10 tablet er,197.0,true
Olmezest CH 20 Tablet,Olmesartan Medoxomil + Chlorthalidone,20mg + 12.5mg,Tablet,Sun Pharmaceutical Industries Ltd,strip of 10 tablets,159.0,true
Olmezest CH 40 Tablet,Olmesartan Medoxomil + Chlorthalidone,40mg + 12.5mg,Tablet,Sun Pharmaceutical Industries Ltd,strip of 10 tablets,259.0,true
Olmezest CH 80mg Tablet,Olmesartan Medoxomil,80mg,Tablet,Sun Pharmaceutical Industries Ltd,strip of 10 tablets,138.1,true
Olmezest H 20 Tablet,Hydrochlorothiazide + Olmesartan Medoxomil,12.5mg + 20mg,Tablet,Sun Pharmaceutical Industries Ltd,strip of 10 tablets,151.0,true
Olmezest H 40 Tablet,Hydrochlorothiazide + Olmesartan Medoxomil,12.5mg + 40mg,Tablet,Sun Pharmaceutical Industries Ltd,strip of 10 tablets,245.0,true
Olmezest-AZ 20 Tablet,Olmesartan Medoxomil + Azelnidipine,20mg + 8mg,Tablet,Sun Pharmaceutical Industries Ltd,strip of 10 tablets,145.0,true
Olmezest-AZ 40 Tablet,Olmesartan Medoxomil + Azelnidipine,40mg + 8mg,Tablet,Sun Pharmaceutical Industries Ltd,strip of 10 tablets,199.0,true
Olmis 0.5mg Capsule,Tacrolimus,0.5mg,Capsule,Torrent Pharmaceuticals Ltd,strip of 10 capsules,200.0,true
Olmis 1mg Capsule,Tacrolimus,1mg,Capsule,Torrent Pharmaceuticals Ltd,strip of 10 capsules,380.0,true
Olmis 5mg Capsule,Tacrolimus,5mg,Capsule,Torrent Pharmaceuticals Ltd,strip of 10 capsules,1700.0,true
Olmis Ointment,Tacrolimus,0.03% w/w,Ointment,Torrent Pharmaceuticals Ltd,tube of 10 gm Ointment,146.5,true
Olmy 10 Tablet,Olmesartan Medoxomil,10mg,Tablet,Zydus Cadila,strip of 10 tablets,124.35,true
Olmy-D 20 Tablet SR,Olmesartan Medoxomil + Indapamide,20mg + 1.5mg,Tablet,Zydus Cadila,strip of 10 tablet sr,176.0,true
Olmy-D 40 Tablet SR,Olmesartan Medoxomil + Indapamide,40mg + 1.5mg,Tablet,Zydus Cadila,strip of 10 tablet sr,295.0,true
Olox 400mg Tablet,Ofloxacin,400mg,Tablet,Cipla Ltd,strip of 10 tablets,95.0,true
Olox Rediuse 100mg Syrup,Ofloxacin,100mg,Syrup,Cipla Ltd,bottle of 100 ml Syrup,65.43,true
Olsar 10 Tablet,Olmesartan Medoxomil,10mg,Tablet,Torrent Pharmaceuticals Ltd,strip of 10 tablets,107.82,true
Olsar 20 Tablet,Olmesartan Medoxomil,20mg,Tablet,Torrent Pharmaceuticals Ltd,strip of 15 tablets,221.35,true
Olsar 40 Tablet,Olmesartan Medoxomil,40mg,Tablet,Torrent Pharmaceuticals Ltd,strip of 10 tablets,257.75,true
Olsar CH 20mg/12.5mg Tablet,Olmesartan Medoxomil + Chlorthalidone,20mg + 12.5mg,Tablet,Torrent Pharmaceuticals Ltd,strip of 10 tablets,135.5,true
Olsar CH 20mg/6.25mg Tablet,Olmesartan Medoxomil + Chlorthalidone,20mg + 6.25mg,Tablet,Torrent Pharmaceuticals Ltd,strip of 10 tablets,126.1,true
Olsar CH 40mg/12.5mg Tablet,Olmesartan Medoxomil + Chlorthalidone,40mg + 12.5mg,Tablet,Torrent Pharmaceuticals Ltd,strip of 10 tablets,223.35,true
Olsar H 12.5mg/50mg Tablet,Hydrochlorothiazide + Olmesartan Medoxomil,12.5mg + 50mg,Tablet,Torrent Pharmaceuticals Ltd,strip of 10 tablets,109.9,true
Olsar-H 20 Tablet,Hydrochlorothiazide + Olmesartan Medoxomil,12.5mg + 20mg,Tablet,Torrent Pharmaceuticals Ltd,strip of 10 tablets,167.4,true
Olsar-H 40 Tablet,Hydrochlorothiazide + Olmesartan Medoxomil,12.5mg + 40mg,Tablet,Torrent Pharmaceuticals Ltd,strip of 10 tablets,275.6,true
Olsar-M 25 Tablet ER,Olmesartan Medoxomil + Metoprolol Succinate,20mg + 25mg,Tablet,Torrent Pharmaceuticals Ltd,strip of 10 tablet er,174.5,true
Olsar-M 50 Tablet ER,Olmesartan Medoxomil + Metoprolol Succinate,20mg + 50mg,Tablet,Torrent Pharmaceuticals Ltd,strip of 10 tablet er,184.8,true
Oltaur Drop,Ofloxacin,0.30%,Drops,Taurus Laboratories Pvt Ltd,packet of 10 ml Drop,23.37,true
Oltef 100 Oral Suspension,Ofloxacin,100mg,Suspension,Leeford Healthcare Ltd,bottle of 60 ml Oral Suspension,95.0,true
Oltef-D Eye/Ear Drops,Ofloxacin + Dexamethasone,0.3% w/v + 0.1% w/v,Drops,Leeford Healthcare Ltd,bottle of 10 ml Eye/Ear Drops,35.0,true
Oltef-M Oral Suspension,Ofloxacin + Metronidazole,50mg/5ml + 120mg/5ml,Suspension,Leeford Healthcare Ltd,bottle of 30 ml Oral Suspension,65.0,true
Oltef-NF Cream,Terbinafine + Clobetasol,1% w/w + 0.05% w/w,Cream,Leeford Healthcare Ltd,tube of 15 gm Cream,65.0,true
Oltef-VG 100mg/200mg Softgel Capsule,Clindamycin + Clotrimazole,100mg + 200mg,Capsule,Leeford Healthcare Ltd,strip of 3 Vaginal Capsules,120.0,true
Oltef-VG Vaginal gel,Clotrimazole,2% w/w,Gel,Leeford Healthcare Ltd,tube of 30 gm Vaginal gel,95.0,false
Olvance 20 Tablet,Olmesartan Medoxomil,20mg,Tablet,Sun Pharmaceutical Industries Ltd,strip of 10 tablets,135.0,true
Olvance 40 Tablet,Olmesartan Medoxomil,40mg,Tablet,Sun Pharmaceutical Industries Ltd,strip of 10 tablets,235.0,true
Olvance H 20 Tablet,Hydrochlorothiazide + Olmesartan Medoxomil,12.5mg + 20mg,Tablet,Sun Pharmaceutical Industries Ltd,strip of 10 tablets,141.0,true
Olvance H 40 Tablet,Hydrochlorothiazide + Olmesartan Medoxomil,12.5mg + 40mg,Tablet,Sun Pharmaceutical Industries Ltd,strip of 10 tablets,245.0,true
Olvance H 50mg Tablet,Olmesartan Medoxomil,50mg,Tablet,Sun Pharmaceutical Industries Ltd,strip of 10 tablets,123.0,true
Olvance M 25 Tablet,Olmesartan Medoxomil + Metoprolol Succinate,20mg + 25mg,Tablet,Sun Pharmaceutical Industries Ltd,strip of 10 tablets,170.0,true
Olvance M 50 Tablet,Olmesartan Medoxomil + Metoprolol Succinate,20mg + 50mg,Tablet,Sun Pharmaceutical Industries Ltd,strip of 10 tablets,197.0,true
Olvance-AM 20 Tablet,Olmesartan Medoxomil + Amlodipine,20mg + 5mg,Tablet,Sun Pharmaceutical Industries Ltd,strip of 10 tablets,158.0,true
Olvance-AM 40 Tablet,Olmesartan Medoxomil + Amlodipine,40mg + 5mg,Tablet,Sun Pharmaceutical Industries Ltd,strip of 10 tablets,235.0,true
Olvance-CT 20 Tablet,Olmesartan Medoxomil + Chlorthalidone,20mg + 12.5mg,Tablet,Sun Pharmaceutical Industries Ltd,strip of 10 tablets,150.0,true
Olvance-CT 40 Tablet,Olmesartan Medoxomil + Chlorthalidone,40mg + 12.5mg,Tablet,Sun Pharmaceutical Industries Ltd,strip of 10 tablets,248.0,true
Omecap DM 10 mg/20 mg Capsule,Domperidone + Esomeprazole,10mg + 20mg,Capsule,Intas Pharmaceuticals Ltd,strip of 10 capsules,7.25,true
Omecer D 10mg/10mg Capsule,Domperidone + Omeprazole,10mg + 10mg,Capsule,East West Pharma,strip of 10 capsules,48.2,true
Omecip-D SR Capsule,Domperidone + Omeprazole,30mg + 20mg,Capsule,Cipla Ltd,strip of 15 capsule sr,124.0,true
Omee 10mg Tablet,Omeprazole,10mg,Tablet,Alkem Laboratories Ltd,strip of 15 tablets,51.03,true
Omee Capsule,Omeprazole,20mg,Capsule,Alkem Laboratories Ltd,packet of 20 capsules,61.87,true
Omee-Caine Oral Gel,Oxetacaine + Aluminium Hydroxide,10mg/5ml + 0.291gm/5ml,Gel,Alkem Laboratories Ltd,bottle of 200 ml Oral Gel,110.0,false
Omee-Caine Oral Gel Mint Sugar Free,Oxetacaine + Aluminium Hydroxide,10mg/5ml + 0.291gm/5ml,Gel,Alkem Laboratories Ltd,bottle of 200 ml Oral Gel,110.0,false
Omee-D Capsule,Domperidone + Omeprazole,10mg + 20mg,Capsule,Alkem Laboratories Ltd,strip of 20 capsules,190.0,true
Omee-D Capsule,Domperidone + Omeprazole,10mg + 20mg,Capsule,Alkem Laboratories Ltd,strip of 15 capsules,190.0,true
Omefol Capsule,Omeprazole,,Capsule,Leeford Healthcare Ltd,strip of 15 capsules,42.0,true
Omemax 5mg Tablet,Omeprazole,5mg,Tablet,Alembic Pharmaceuticals Ltd,strip of 10 tablets,40.86,true
Omepraz 10mg Capsule,Omeprazole,10mg,Capsule,Alkem Laboratories Ltd,strip of 10 capsules,25.65,true
Omepraz 20mg Capsule,Omeprazole,20mg,Capsule,Alkem Laboratories Ltd,strip of 15 capsules,56.72,true
Omepraz D 10 mg/20 mg Capsule,Domperidone + Omeprazole,10mg + 20mg,Capsule,Alkem Laboratories Ltd,strip of 10 capsules,15.0,true
Omepraz Novo 10mg Capsule,Omeprazole,10mg,Capsule,Alkem Laboratories Ltd,strip of 15 capsules,37.94,true
Omepraz Novo 20mg Capsule,Omeprazole,20mg,Capsule,Alkem Laboratories Ltd,strip of 15 capsules,41.89,true
Omesun D Tablet,Domperidone + Omeprazole,10mg + 20mg,Tablet,Sun Pharmaceutical Industries Ltd,strip of 10 tablets,39.4,true
Ometab 10mg Tablet,Omeprazole,10mg,Tablet,Intas Pharmaceuticals Ltd,strip of 10 tablets,33.6,true
Ometab 20mg Tablet DR,Omeprazole,20mg,Tablet,Intas Pharmaceuticals Ltd,strip of 10 Tablet DR,43.36,true
Omey 20mg Capsule,Omeprazole,20mg,Capsule,Intas Pharmaceuticals Ltd,strip of 20 capsules,56.0,true
Omez 10 Capsule,Omeprazole,10mg,Capsule,Dr Reddy's Laboratories Ltd,strip of 15 capsules,39.02,true
Omez 20mg Capsule,Omeprazole,20mg,Capsule,Ridgecure Pharma,strip of 10 capsules,24.0,true
Omez 40 Tablet,Omeprazole,40mg,Tablet,Dr Reddy's Laboratories Ltd,strip of 10 tablets,103.51,true
Omez Capsule,Omeprazole,20mg,Capsule,Dr Reddy's Laboratories Ltd,strip of 20 capsules,61.48,true
Omez FF 20 Tablet,Omeprazole,20mg,Tablet,Dr Reddy's Laboratories Ltd,strip of 10 tablets,54.7,true
Omez FF 40mg Tablet,Omeprazole,40mg,Tablet,Dr Reddy's Laboratories Ltd,strip of 10 tablets,91.23,true
Omez Injection,Omeprazole,40mg,Injection,Dr Reddy's Laboratories Ltd,vial of 10 ml Injection,43.45,true
Omez Insta Sachet Mint,Omeprazole,20mg,Powder,Dr Reddy's Laboratories Ltd,sachet of 5.9 gm Powder for Oral Suspension,13.09,true
Omez-Dsr Capsule,Domperidone + Omeprazole,30mg + 20mg,Capsule,Dr Reddy's Laboratories Ltd,strip of 15 capsule sr,195.25,true
Omez-O Oral Suspension Mint Sugar Free,Aluminium Hydroxide + Milk Of Magnesia,250mg + 250mg,Suspension,Dr Reddy's Laboratories Ltd,bottle of 200 ml Oral Suspension,125.0,false
Omicap 10mg Capsule,Omeprazole,10mg,Capsule,Micro Labs Ltd,strip of 10 capsules,50.62,true
Omizac 10mg Capsule,Omeprazole,10mg,Capsule,Torrent Pharmaceuticals Ltd,strip of 10 capsules,23.75,true
Omnacortil 0.1% Cream,Methylprednisolone,0.1% w/w,Cream,Macleods Pharmaceuticals Pvt Ltd,tube of 10 gm Cream,87.0,true
Omnacortil 10 Tablet DT,Prednisolone,10mg,Tablet,Macleods Pharmaceuticals Pvt Ltd,strip of 10 tablet dt,12.06,true
Omnacortil 2.5 Tablet DT,Prednisolone,2.5mg,Tablet,Macleods Pharmaceuticals Pvt Ltd,strip of 10 tablet dt,9.15,true
Omnacortil 20 Tablet DT,Prednisolone,20mg,Tablet,Macleods Pharmaceuticals Pvt Ltd,strip of 10 tablet dt,24.25,true
Omnacortil 30 Tablet DT,Prednisolone,30mg,Tablet,Macleods Pharmaceuticals Pvt Ltd,strip of 10 tablet dt,61.0,true
Omnacortil 40 Tablet DT,Prednisolone,40mg,Tablet,Macleods Pharmaceuticals Pvt Ltd,strip of 10 tablet dt,34.91,true
Omnacortil 5 Tablet DT,Prednisolone,5mg,Tablet,Macleods Pharmaceuticals Pvt Ltd,strip of 10 tablet dt,6.94,true
Omnacortil Forte Syrup,Prednisolone,15mg/5ml,Syrup,Macleods Pharmaceuticals Pvt Ltd,bottle of 60 ml Syrup,55.77,true
Omnacortil M Eye Drop,Moxifloxacin + Prednisolone,0.5% w/v + 1% w/v,Drops,Macleods Pharmaceuticals Pvt Ltd,bottle of 5 ml Eye Drop,13.09,true
Omnacortil Oral Drops,Prednisolone,5mg/ml,Drops,Macleods Pharmaceuticals Pvt Ltd,bottle of 10 ml Oral Drops,40.25,true
Omnacortil Oral Suspension,Prednisolone,25mg/5ml,Suspension,Macleods Pharmaceuticals Pvt Ltd,bottle of 10 ml Oral Suspension,36.6,true
Omni Ice Gel,Diclofenac,,Gel,Cipla Ltd,tube of 30 gm Gel,25.25,false
Omnicef AZ Forte 200 mg/500 mg Tablet,Cefixime + Azithromycin,200mg + 500mg,Tablet,Aristo Pharmaceuticals Pvt Ltd,strip of 10 tablets,312.0,true
Omnix 100 Dry Syrup Strawberry,Cefixime,100mg/5ml,Powder,Cipla Ltd,bottle of 30 ml Powder for Oral Suspension,79.99,true
Omnix 100 DT Tablet,Cefixime,100mg,Tablet,Cipla Ltd,strip of 10 tablet dt,92.03,true
Omnix 100mg Tablet,Cefixime,100mg,Tablet,Cipla Ltd,strip of 10 tablets,92.03,true
Omnix 200 DT Tablet,Cefixime,200mg,Tablet,Cipla Ltd,strip of 10 tablet dt,119.39,true
Omnix 50 Dry Syrup,Cefixime,50mg,Syrup,Cipla Ltd,bottle of 30 ml Dry Syrup,53.84,true
Omnix 50 DT Tablet,Cefixime,50mg,Tablet,Cipla Ltd,strip of 10 tablet dt,48.3,true
Omnix CV Tablet,Cefixime + Clavulanic Acid,200mg + 125mg,Tablet,Cipla Ltd,strip of 10 tablets,306.74,true
Omnix O Tablet,Cefixime + Ofloxacin,200mg + 200mg,Tablet,Cipla Ltd,strip of 10 tablets,193.25,true
Omnix XT Oral Drops,Cefixime,,Drops,Cipla Ltd,packet of 15 ml Oral Drops,50.0,true
Omnix XT Suspension,Cefixime,,Suspension,Cipla Ltd,bottle of 150 ml Suspension,101.02,true
Omnix XT Tablet,Cefixime,,Tablet,Cipla Ltd,strip of 10 tablets,69.0,true
Omnixim XT Suspension,Cefuroxime,,Suspension,Cipla Ltd,bottle of 150 ml Suspension,90.47,true
Onazit 200mg Syrup,Azithromycin,200mg,Syrup,Elder Pharmaceuticals Ltd,bottle of 15 ml Syrup,44.88,true
Onbit 2mg Oral Suspension,Ondansetron,2mg,Suspension,Cubit Healthcare,bottle of 30 ml Oral Suspension,36.0,true
Oncef 250mg Dry Syrup,Cefixime,250mg,Syrup,Southshourne Corporation India,bottle of 30 ml Dry Syrup,38.0,true
Oncotrex 2.5mg Tablet,Methotrexate,2.5mg,Tablet,Sun Pharmaceutical Industries Ltd,strip of 10 tablets,45.57,true
Oncotrex 5 Tablet,Methotrexate,5mg,Tablet,Sun Pharmaceutical Industries Ltd,strip of 10 tablets,97.5,true
Oncotrex 7.5 Tablet,Methotrexate,7.5mg,Tablet,Sun Pharmaceutical Industries Ltd,strip of 10 tablets,135.0,true
Ondachek Tablet MD,Ondansetron,,Tablet,Torrent Pharmaceuticals Ltd,strip of 10 tablet md,8.75,true
Ondamac 2mg Suspension,Ondansetron,2mg,Suspension,Macleods Pharmaceuticals Pvt Ltd,bottle of 30 ml Suspension,42.26,true
Ondanz 2mg/5ml Syrup,Ondansetron,2mg/5ml,Syrup,Elder Pharmaceuticals Ltd,bottle of 30 ml Syrup,34.0,true
Ondem -MD 4 Tablet,Ondansetron,4mg,Tablet,Alkem Laboratories Ltd,strip of 10 tablet md,58.27,true
Ondem 4 Tablet,Ondansetron,4mg,Tablet,Alkem Laboratories Ltd,strip of 10 tablets,58.27,true
Ondem 8mg Injection,Ondansetron,2mg/ml,Injection,Alkem Laboratories Ltd,ampoule of 4 ml Injection,26.25,true
Ondem Injection,Ondansetron,2mg,Injection,Alkem Laboratories Ltd,vial of 2 ml Injection,14.51,true
Ondem P 4mg/500mg Syrup,Ondansetron + Paracetamol,4mg + 500mg,Syrup,Alkem Laboratories Ltd,bottle of 30 ml Syrup,33.39,true
Ondem Syrup,Ondansetron,2mg/5ml,Solution,Alkem Laboratories Ltd,bottle of 30 ml Oral Solution,41.72,true
Ondem-MD 8 Tablet,Ondansetron,8mg,Tablet,Alkem Laboratories Ltd,strip of 10 tablet dt,121.3,true
Ondet 2mg Injection,Ondansetron,2mg,Injection,Intas Pharmaceuticals Ltd,vial of 10 ml Injection,8.75,true
Ondet 8mg Tablet,Ondansetron,8mg,Tablet,Intas Pharmaceuticals Ltd,strip of 10 tablets,10.72,true
Ondet Injection,Ondansetron,2mg/ml,Injection,Intas Pharmaceuticals Ltd,ampoule of 2 ml Injection,13.13,true
Ondet Injection 4ml,Ondansetron,2mg,Injection,Intas Pharmaceuticals Ltd,packet of 5 injections,114.05,true
Ondiron 2mg Drop,Ondansetron,2mg,Drops,Biochem Pharmaceutical Industries,packet of 30 ml Drop,13.12,true
Onduro 2mg Syrup,Ondansetron,2mg/5ml,Syrup,Ikon Remedies Pvt Ltd,bottle of 30 ml Syrup,36.22,true
Onoff 100mg Tablet,Ofloxacin,100mg,Tablet,Sun Pharmaceutical Industries Ltd,strip of 10 tablets,11.25,true
Onoff Injection,Ofloxacin,,Injection,Sun Pharmaceutical Industries Ltd,vial of 100 ml Injection,122.5,true
Onoff OZ 200mg/500mg Tablet,Ofloxacin + Ornidazole,200mg + 500mg,Tablet,Sun Pharmaceutical Industries Ltd,strip of 10 tablets,133.7,true
Onoff TZ 200mg/600mg Tablet,Ofloxacin + Tinidazole,200mg + 600mg,Tablet,Sun Pharmaceutical Industries Ltd,strip of 10 tablets,60.0,true
Onset 2mg Injection,Ondansetron,2mg,Injection,Intas Pharmaceuticals Ltd,vial of 2 ml Injection,32.0,true
Onsett Tablet DT,Ondansetron,,Tablet,Cadila Pharmaceuticals Ltd,strip of 10 tablet dt,53.12,true
Ontac Gel,Diclofenac,1.16% w/w,Gel,Elder Pharmaceuticals Ltd,tube of 30 gm Gel,44.77,false
Ontac Plus 250 mg/50 mg/325 mg Capsule,Chlorzoxazone + Diclofenac,250mg + 50mg,Capsule,Elder Pharmaceuticals Ltd,strip of 10 capsules,27.5,false
Op Zed 5mg Tablet,Serratiopeptidase,5mg,Tablet,Sun Pharmaceutical Industries Ltd,strip of 10 tablets,35.0,false
Op Zed Forte 10mg Tablet,Serratiopeptidase,10mg,Tablet,Sun Pharmaceutical Industries Ltd,strip of 10 tablets,60.0,false
Opox 25mg Oral Drops,Cefpodoxime Proxetil,25mg,Drops,Hetero Drugs Ltd,packet of 10 ml Oral Drops,61.5,true
Opox CV 50 mg/31.25 mg Tablet DT,Cefpodoxime Proxetil + Clavulanic Acid,50mg + 31.25mg,Tablet,Hetero Drugs Ltd,strip of 10 tablet dt,59.0,true
Oratil 1.5gm Injection,Cefuroxime,1.5gm,Injection,Macleods Pharmaceuticals Pvt Ltd,vial of 1 Injection,248.0,true
Oratil 125mg Oral Suspension,Cefuroxime,125mg/5ml,Suspension,Macleods Pharmaceuticals Pvt Ltd,bottle of 30 ml Oral Suspension,129.0,true
Oratil 250mg Injection,Cefuroxime,250mg,Injection,Macleods Pharmaceuticals Pvt Ltd,vial of 1 Injection,45.7,true
Oratil CV 250 mg/125 mg Syrup,Cefuroxime + Clavulanic Acid,250mg + 125mg,Syrup,Macleods Pharmaceuticals Pvt Ltd,bottle of 30 ml Syrup,57.16,true
Oratil CV 250mg/125mg Tablet,Cefuroxime + Clavulanic Acid,250mg + 125mg,Tablet,Macleods Pharmaceuticals Pvt Ltd,strip of 10 tablets,452.0,true
Oritaxim 200mg Tablet,Cefotaxime,200mg,Tablet,Cadila Pharmaceuticals Ltd,strip of 10 tablets,130.0,true
Ornof-RF 100mg/5ml Suspension,Ofloxacin,100mg/5ml,Suspension,Aristo Pharmaceuticals Pvt Ltd,bottle of 60 ml Suspension,86.18,true
Orthocort 12 Tablet,Deflazacort,12mg,Tablet,Macleods Pharmaceuticals Pvt Ltd,strip of 6 tablets,147.6,true
Orthocort 18mg Tablet,Deflazacort,18mg,Tablet,Macleods Pharmaceuticals Pvt Ltd,strip of 6 tablets,195.5,true
Orthocort 24mg Tablet,Deflazacort,24mg,Tablet,Macleods Pharmaceuticals Pvt Ltd,strip of 6 tablets,262.0,true
Oskar DSR 30 mg/20 mg Capsule,Domperidone + Omeprazole,30mg + 20mg,Capsule,Mankind Pharma Ltd,strip of 10 capsules,85.18,true
Otrivin Baby Saline Nasal Spray,Sodium Chloride,0.74% w/v,Solution,GlaxoSmithKline Consumer Healthcare,bottle of 10 ml Nasal Solution,62.68,false
Otrivin Saline,Sodium Chloride,0.74% w/v,Spray,GlaxoSmithKline Consumer Healthcare,bottle of 10 ml Nasal Spray,70.86,false
Owin B Tablet,Ofloxacin,,Tablet,Alembic Pharmaceuticals Ltd,strip of 10 tablets,32.0,true
Owin M 50mg/120mg Syrup,Ofloxacin + Metronidazole,50mg + 120mg,Syrup,Alembic Pharmaceuticals Ltd,bottle of 30 ml Syrup,24.61,true
OX 100mg Tablet,Ofloxacin,100mg,Tablet,Cipla Ltd,strip of 6 tablets,78.9,true
Oxa 300mg Tablet,Ofloxacin,300mg,Tablet,Ravian Pharmaceuticals Ltd,strip of 10 tablets,82.0,true
Oxa 50mg/5ml Syrup,Ofloxacin,50mg/5ml,Syrup,Ravian Pharmaceuticals Ltd,bottle of 60 ml Syrup,45.78,true
Oxa Z 50mg/5ml/125mg/5ml Suspension,Ofloxacin + Ornidazole,50mg/5ml + 125mg/5ml,Suspension,Emcure Pharmaceuticals Ltd,bottle of 30 ml Suspension,35.0,true
Oxalgin AQ Injection,Diclofenac,75mg/ml,Injection,Zydus Cadila,ampoule of 1 ml Injection,15.36,true
Oxalgin TH Gel,Diclofenac + Linseed Oil,1% w/w + 3% w/w,Gel,Zydus Cadila,tube of 30 gm Gel,175.72,false
Oxeptal Suspension,Oxcarbazepine,300mg/5ml,Suspension,Zydus Cadila,bottle of 60 ml Suspension,91.43,true
Oxetol 150 Tablet,Oxcarbazepine,150mg,Tablet,Sun Pharmaceutical Industries Ltd,strip of 10 tablets,79.5,true
Oxetol 300 Tablet,Oxcarbazepine,300mg,Tablet,Sun Pharmaceutical Industries Ltd,strip of 10 tablets,123.0,true
Oxetol 450 Tablet,Oxcarbazepine,450mg,Tablet,Sun Pharmaceutical Industries Ltd,strip of 10 tablets,197.0,true
Oxetol 600 Tablet,Oxcarbazepine,600mg,Tablet,Sun Pharmaceutical Industries Ltd,strip of 10 tablets,208.0,true
Oxetol C 150mg Tablet,Oxcarbazepine,150mg,Tablet,Sun Pharmaceutical Industries Ltd,strip of 10 tablets,33.0,true
Oxetol Suspension,Oxcarbazepine,300mg/5ml,Suspension,Sun Pharmaceutical Industries Ltd,bottle of 60 ml Suspension,195.0,true
Oxetol XR 150 Tablet,Oxcarbazepine,150mg,Tablet,Sun Pharmaceutical Industries Ltd,strip of 10 tablet er,81.0,true
Oxetol XR 300 Tablet,Oxcarbazepine,300mg,Tablet,Sun Pharmaceutical Industries Ltd,strip of 10 tablet xr,135.0,true
Oxetol XR 450 Tablet,Oxcarbazepine,450mg,Tablet,Sun Pharmaceutical Industries Ltd,strip of 10 tablet xr,188.0,true
Oxetol XR 600 Tablet,Oxcarbazepine,600mg,Tablet,Sun Pharmaceutical Industries Ltd,strip of 10 tablet er,214.0,true
Oxin Syrup,Ofloxacin,100mg,Syrup,Oyster Labs Ltd,bottle of 30 ml Syrup,28.5,true
Oxipod 25mg Oral Drops,Cefpodoxime Proxetil,25mg,Drops,Indoco Remedies Ltd,packet of 10 ml Oral Drops,76.45,true
Oxipod-CV 100 Dry Syrup,Cefpodoxime Proxetil + Clavulanic Acid,100mg/5ml + 62.5mg/5ml,Suspension,Indoco Remedies Ltd,bottle of 30 ml Oral Suspension,161.1,true
Oxipod-CV 50mg/5ml/31.25mg/5ml Dry Syrup,Cefpodoxime Proxetil + Clavulanic Acid,50mg/5ml + 31.25mg/5ml,Syrup,Indoco Remedies Ltd,bottle of 30 ml Dry Syrup,161.1,true
Oxo 0.30% Drop,Ofloxacin,0.30%,Drops,Ind Swift Laboratories Ltd,packet of 10 ml Drop,28.35,true
Oxo Ord 100mg/125mg Suspension,Ofloxacin + Ornidazole,100mg + 125mg,Suspension,Ind Swift Laboratories Ltd,bottle of 30 ml Suspension,14.02,true
Ozepam 7.5mg Tablet MD,Clonazepam,7.5mg,Tablet,Ipca Laboratories Ltd,strip of 10 tablet md,55.38,true
Ozo 20mg Tablet,Omeprazole,20mg,Tablet,Ind Swift Laboratories Ltd,strip of 15 tablets,9.37,true
P Carzine 50mg Capsule,Procarbazine,50mg,Capsule,Alkem Laboratories Ltd,strip of 10 capsules,337.01,false
P Glitz 30mg Tablet,Pioglitazone,30mg,Tablet,Cipla Ltd,strip of 10 tablets,18.47,true
P Thrin 5% Lotion,Permethrin,5%,Lotion,Alkem Laboratories Ltd,bottle of 60 ml Lotion,60.0,false
P Thrin Cream,Permethrin,5% w/w,Cream,Alkem Laboratories Ltd,tube of 30 gm Cream,60.0,false
P Zide 1000 Tablet,Pyrazinamide,1000mg,Tablet,Cadila Pharmaceuticals Ltd,strip of 10 tablets,109.91,true
P Zide 500 Tablet,Pyrazinamide,500mg,Tablet,Cadila Pharmaceuticals Ltd,strip of 10 tablets,49.31,true
P Zide 750 Tablet,Pyrazinamide,750mg,Tablet,Cadila Pharmaceuticals Ltd,strip of 10 tablets,74.97,true
P-Clox Dry Syrup,Amoxycillin + Clavulanic Acid,200mg + 28.5mg/5ml,Syrup,Pax Healthcare,bottle of 30 ml Dry Syrup,78.0,true
Paarmol 125mg/5ml Syrup,Paracetamol,125mg/5ml,Syrup,Sun Pharmaceutical Industries Ltd,bottle of 60 ml Syrup,13.72,false
Pacimol 1000mg Tablet,Paracetamol,1000mg,Tablet,Ipca Laboratories Ltd,strip of 6 tablets,10.98,false
Pacimol 120 Oral Suspension,Paracetamol,120mg/5ml,Suspension,Ipca Laboratories Ltd,bottle of 60 ml Oral Suspension,39.45,false
Pacimol Injection,Paracetamol,,Injection,Ipca Laboratories Ltd,vial of 100 ml Injection,231.5,true
Pacimol MF Oral Suspension,Mefenamic Acid + Paracetamol,100mg/5ml + 250mg/5ml,Suspension,Ipca Laboratories Ltd,bottle of 60 ml Oral Suspension,68.3,false
Pacimol MF Tablet,Mefenamic Acid + Paracetamol,500mg + 325mg,Tablet,Ipca Laboratories Ltd,strip of 10 tablets,37.75,false
Pacimol Plus 50mg/125mg Suspension,Nimesulide + Paracetamol,50mg + 125mg,Suspension,Ipca Laboratories Ltd,bottle of 60 ml Suspension,31.62,false
Pacinova 1000mg Tablet,Paracetamol,1000mg,Tablet,Ikon Remedies Pvt Ltd,strip of 10 tablets,49.5,false
Pacinova 125mg Oral Drops,Paracetamol,125mg,Drops,Ikon Remedies Pvt Ltd,bottle of 15 ml Oral Drops,19.05,false
Pacinova M DS Oral Suspension,Mefenamic Acid + Paracetamol,100mg/5ml + 250mg/5ml,Suspension,Ikon Remedies Pvt Ltd,bottle of 60 ml Oral Suspension,64.95,false
Pam 20mg Capsule,Piroxicam,20mg,Capsule,East West Pharma,strip of 10 capsules,41.0,false
Pam 20mg Tablet DT,Piroxicam,20mg,Tablet,East West Pharma,strip of 10 tablet dt,45.13,false
Pamagin 1% Gel,Diclofenac,1% w/w,Gel,Alkem Laboratories Ltd,tube of 30 gm Gel,78.58,false
PAN 20 Tablet,Pantoprazole,20mg,Tablet,Alkem Laboratories Ltd,strip of 15 tablets,105.0,true
PAN 40 Tablet,Pantoprazole,40mg,Tablet,Alkem Laboratories Ltd,strip of 15 tablets,155.0,true
PAN 80mg Tablet,Pantoprazole,80mg,Tablet,Alkem Laboratories Ltd,strip of 15 tablets,280.0,true
PAN IV Injection,Pantoprazole,40mg,Injection,Alkem Laboratories Ltd,vial of 1 Injection,55.32,true
PAN Junior Tablet MD Orange,Pantoprazole,20mg,Tablet,Alkem Laboratories Ltd,strip of 10 tablet md,92.5,true
Pan Mps O Oral Suspension Sugar Free,Oxetacaine + Aluminium Hydroxide,10mg/5ml + 250mg/5ml,Suspension,Alkem Laboratories Ltd,bottle of 200 ml Oral Suspension,140.0,false
Pan Mps Oral Suspension Mint Sugar Free,Aluminium Hydroxide + Dimethicone,250mg/5ml + 50mg/5ml,Suspension,Alkem Laboratories Ltd,bottle of 200 ml Oral Suspension,95.0,false
Pan-D Capsule PR,Domperidone + Pantoprazole,30mg + 40mg,Capsule,Alkem Laboratories Ltd,strip of 15 capsule pr,199.0,true
Pan-IT Capsule SR,Pantoprazole + Itopride,40mg + 150mg,Capsule,Alkem Laboratories Ltd,strip of 10 capsule sr,221.0,true
Pan-L Capsule SR,Levosulpiride + Pantoprazole,75mg + 40mg,Capsule,Alkem Laboratories Ltd,strip of 10 capsule sr,239.0,true
Panazep 12.5 Tablet ER,Paroxetine + Clonazepam,12.5mg + 0.5mg,Tablet,Sun Pharmaceutical Industries Ltd,strip of 10 tablet er,174.0,true
Panazep 25 Tablet ER,Paroxetine + Clonazepam,25mg + 0.5mg,Tablet,Sun Pharmaceutical Industries Ltd,strip of 10 tablet er,215.0,true
Panazep LS 12.5mg/0.25mg Tablet,Paroxetine + Clonazepam,12.5mg + 0.25mg,Tablet,Sun Pharmaceutical Industries Ltd,strip of 10 tablets,152.0,true
Panex 10mg Tablet,Paroxetine,10mg,Tablet,Micro Labs Ltd,strip of 10 tablets,109.0,true
Panex 20mg Tablet,Paroxetine,20mg,Tablet,Micro Labs Ltd,strip of 10 tablets,173.0,true
Panex 40mg Tablet,Paroxetine,40mg,Tablet,Micro Labs Ltd,strip of 10 tablets,170.0,true
Panex-CR 12.5 Tablet,Paroxetine,12.5mg,Tablet,Micro Labs Ltd,strip of 10 Tablet pr,167.0,true
Panex-CR 25 Tablet,Paroxetine,25mg,Tablet,Micro Labs Ltd,strip of 10 Tablet pr,229.0,true
Panomp D Tablet,Domperidone + Pantoprazole,30mg + 40mg,Tablet,Torrent Pharmaceuticals Ltd,strip of 10 tablets,78.5,true
Panplus D20 Tablet,Domperidone + Pantoprazole,10mg + 20mg,Tablet,Alembic Pharmaceuticals Ltd,strip of 15 tablets,83.4,true
Panpure 20mg Infusion,Pantoprazole,20mg,Injection,Emcure Pharmaceuticals Ltd,bottle of 100 ml Infusion,105.9,true
Panpure DSR Capsule,Domperidone + Pantoprazole,30mg + 20mg,Capsule,Emcure Pharmaceuticals Ltd,strip of 10 capsule pr,158.6,true
Pansec 40mg Infusion,Pantoprazole,40mg,Injection,Cipla Ltd,bottle of 100 ml Infusion,53.47,true
Pansec 40mg Injection,Pantoprazole,40mg,Injection,Cipla Ltd,vial of 10 ml Injection,55.33,true
Pansec D 10mg/40mg Capsule,Domperidone + Pantoprazole,10mg + 40mg,Capsule,Cipla Ltd,strip of 10 capsules,85.0,true
Pansec DSR Capsule,Domperidone + Pantoprazole,30mg + 40mg,Capsule,Cipla Ltd,strip of 15 capsules,259.22,true
Pansec Tablet,Pantoprazole,40mg,Tablet,Cipla Ltd,strip of 15 tablets,217.87,true
Pansec-L Capsule SR,Levosulpiride + Pantoprazole,75mg + 40mg,Capsule,Cipla Ltd,strip of 10 capsule sr,152.98,true
Pansped D 10 mg/20 mg Capsule,Domperidone + Pantoprazole,10mg + 20mg,Capsule,Torrent Pharmaceuticals Ltd,strip of 10 capsules,153.8,true
Pantafol D Tablet,Domperidone + Pantoprazole,10mg + 40mg,Tablet,Leeford Healthcare Ltd,strip of 10 tablets,70.0,true
Pantafol-IT Capsule SR,Pantoprazole + Itopride,40mg + 150mg,Capsule,Leeford Healthcare Ltd,strip of 10 capsule sr,175.0,true
Pantiac DSR 30mg/40mg Tablet,Domperidone + Pantoprazole,30mg + 40mg,Tablet,Ikon Remedies Pvt Ltd,strip of 10 tablet sr,89.5,true
Pantin RD 10mg/20mg Tablet,Domperidone + Pantoprazole,10mg + 20mg,Tablet,Hetero Drugs Ltd,strip of 10 tablets,57.75,true
Pantium 20mg Tablet,Pantoprazole,20mg,Tablet,Intas Pharmaceuticals Ltd,strip of 10 tablets,30.25,true
Pantium 40 Tablet,Pantoprazole,40mg,Tablet,Intas Pharmaceuticals Ltd,strip of 10 tablets,113.5,true
Pantium 40mg Injection,Pantoprazole,40mg,Injection,Intas Pharmaceuticals Ltd,vial of 10 ml Injection,49.72,true
Pantium DSR Capsule,Domperidone + Pantoprazole,30mg + 40mg,Capsule,Intas Pharmaceuticals Ltd,strip of 10 capsule pr,161.0,true
Pantium-L Capsule SR,Levosulpiride + Pantoprazole,75mg + 40mg,Capsule,Intas Pharmaceuticals Ltd,strip of 10 capsule sr,276.0,true
Panto 40mg Tablet,Pantoprazole,40mg,Tablet,Micro Labs Ltd,strip of 10 tablets,96.0,true
Pantocid 20 Tablet,Pantoprazole,20mg,Tablet,Sun Pharmaceutical Industries Ltd,strip of 15 tablets,115.0,true
Pantocid 80 Dual-Release Tablet,Pantoprazole,80mg,Tablet,Sun Pharmaceutical Industries Ltd,strip of 15 tablets,295.0,true
Pantocid D Capsule,Domperidone + Pantoprazole,10mg + 20mg,Capsule,Sun Pharmaceutical Industries Ltd,strip of 10 capsules,110.0,true
Pantocid DSR Capsule,Domperidone + Pantoprazole,30mg + 40mg,Capsule,Sun Pharmaceutical Industries Ltd,strip of 15 capsule pr,215.0,true
Pantocid HP Combipack,Amoxycillin + Pantoprazole,750mg + 40mg,Tablet,Sun Pharmaceutical Industries Ltd,strip of 6 tablets,184.0,true
Pantocid IT Capsule SR,Pantoprazole + Itopride,40mg + 150mg,Capsule,Sun Pharmaceutical Industries Ltd,strip of 10 capsule sr,279.0,true
Pantocid IV Injection,Pantoprazole,40mg,Injection,Sun Pharmaceutical Industries Ltd,vial of 1 Injection,55.3,true
Pantocid L Capsule SR,Levosulpiride + Pantoprazole,75mg + 40mg,Capsule,Sun Pharmaceutical Industries Ltd,strip of 10 capsule sr,250.0,true
Pantocid Tablet,Pantoprazole,40mg,Tablet,Sun Pharmaceutical Industries Ltd,strip of 15 tablets,172.0,true
Pantodac 20 Tablet,Pantoprazole,20mg,Tablet,Zydus Cadila,strip of 15 tablets,173.63,true
Pantodac L Capsule SR,Levosulpiride + Pantoprazole,75mg + 40mg,Capsule,Zydus Cadila,strip of 10 capsule sr,368.15,true
Pantodac-IT Capsule SR,Pantoprazole + Itopride,40mg + 150mg,Capsule,Zydus Cadila,strip of 10 capsule sr,377.0,true
Pantoflux 10mg/20mg Capsule,Domperidone + Pantoprazole,10mg + 20mg,Capsule,Micro Labs Ltd,strip of 10 capsules,78.1,true
Pantoflux 10mg/40mg Capsule SR,Domperidone + Pantoprazole,10mg + 40mg,Capsule,Micro Labs Ltd,strip of 10 capsule sr,89.98,true
Pantolup D 30mg/40mg Tablet,Domperidone + Pantoprazole,30mg + 40mg,Tablet,Lupin Ltd,strip of 10 tablets,13.75,true
Pantop 40 Tablet,Pantoprazole,40mg,Tablet,Aristo Pharmaceuticals Pvt Ltd,strip of 15 tablets,155.0,true
Pantop-D Capsule,Domperidone + Pantoprazole,10mg + 20mg,Capsule,Aristo Pharmaceuticals Pvt Ltd,strip of 10 capsules,106.5,true
Pantosec D SR Capsule,Domperidone + Pantoprazole,30mg + 40mg,Capsule,Cipla Ltd,strip of 10 capsule pr,125.4,true
Pantosec IV Injection,Pantoprazole,40mg,Injection,Cipla Ltd,vial of 1 Injection,49.96,true
Pantosec LS Capsule SR,Levosulpiride + Pantoprazole,40mg + 75mg,Capsule,Cipla Ltd,strip of 10 capsule sr,203.0,true
Pantosec Tablet,Pantoprazole,40mg,Tablet,Cipla Ltd,strip of 10 tablets,130.51,true
Pantosec-D Tablet,Domperidone + Pantoprazole,10mg + 40mg,Tablet,Cipla Ltd,strip of 10 tablets,149.0,true
Pantozee 40mg Capsule,Pantoprazole,40mg,Capsule,Zee Laboratories,strip of 10 capsules,73.5,true
Paracip 125mg Suspension,Paracetamol,125mg,Suspension,Cipla Ltd,bottle of 60 ml Suspension,22.5,false
Paracip 500 Tablet,Paracetamol,500mg,Tablet,Cipla Ltd,strip of 10 tablets,11.09,false
Paracip 650 Tablet,Paracetamol,650mg,Tablet,Cipla Ltd,strip of 10 tablets,22.84,false
Paracip CPM 5 mg/500 mg Tablet,Chlorpheniramine Maleate + Paracetamol,5mg + 500mg,Tablet,Cipla Ltd,strip of 10 tablets,6.28,false
Paracip Drops,Paracetamol,150mg,Solution,Cipla Ltd,bottle of 15 ml Oral Solution,33.8,false
Paracip Infusion,Paracetamol,1000mg,Injection,Cipla Ltd,bottle of 100 ml Infusion,510.22,true
Paracip Suspension,Paracetamol,250mg/5ml,Suspension,Cipla Ltd,bottle of 60 ml Oral Suspension,44.35,false
Paracip Syrup,Paracetamol,125mg/5ml,Syrup,Cipla Ltd,bottle of 60 ml Syrup,24.92,false
Paragee 125mg Oral Suspension,Paracetamol,125mg,Suspension,Zydus Cadila,bottle of 60 ml Oral Suspension,21.96,false
Paragreat 250mg Suspension,Paracetamol,250mg,Suspension,Mankind Pharma Ltd,bottle of 60 ml Suspension,44.35,false
Paranim Syrup,Nimesulide + Paracetamol,100mg + 500mg,Syrup,Micro Labs Ltd,bottle of 60 ml Syrup,29.0,false
Paraxin 250 Capsule,Chloramphenicol,250mg,Capsule,Abbott,strip of 10 capsules,103.11,false
Paraxin 250mg Dragees,Chloramphenicol,250mg,Tablet,Abbott,strip of 10 tablets,77.48,false
Paraxin 250mg Tablet,Chloramphenicol,250mg,Tablet,Abbott,strip of 10 tablets,58.5,false
Paraxin 500 Capsule,Chloramphenicol,500mg,Capsule,Abbott,strip of 10 capsules,195.71,false
Paraxin Suspension,Chloramphenicol,125mg/5ml,Suspension,Abbott,bottle of 100 ml Oral Suspension,154.45,false
Pari 30 Tablet,Paroxetine,30mg,Tablet,Ipca Laboratories Ltd,strip of 15 tablets,372.0,true
Parkin Tablet,Trihexyphenidyl,2mg,Tablet,Micro Labs Ltd,strip of 10 tablets,15.12,false
Parkin Tablet,Trihexyphenidyl,2mg,Tablet,Micro Labs Ltd,strip of 15 tablets,22.68,false
Parotin 37.5mg Tablet CR,Paroxetine,37.5mg,Tablet,Cipla Ltd,strip of 10 tablet cr,230.0,true
Parotin 40mg Tablet,Paroxetine,40mg,Tablet,Cipla Ltd,strip of 10 tablets,175.0,true
Pause 1000mg Tablet,Tranexamic Acid,1000mg,Tablet,Emcure Pharmaceuticals Ltd,strip of 6 tablets,239.18,true
Pause 250mg Tablet,Tranexamic Acid,250mg,Tablet,Emcure Pharmaceuticals Ltd,strip of 10 tablets,120.37,true
Pause 500 Tablet,Tranexamic Acid,500mg,Tablet,Emcure Pharmaceuticals Ltd,strip of 10 tablets,202.44,true
Pause-MF Tablet,Tranexamic Acid + Mefenamic Acid,500mg + 250mg,Tablet,Emcure Pharmaceuticals Ltd,strip of 10 tablets,462.2,true
Paxidep CR 12.5 Tablet,Paroxetine,12.5mg,Tablet,Sun Pharmaceutical Industries Ltd,strip of 10 Tablet pr,164.0,true
Paxidep CR 37.5 Tablet,Paroxetine,37.5mg,Tablet,Sun Pharmaceutical Industries Ltd,strip of 10 Tablet pr,298.0,true
Paxit 10mg Tablet,Paroxetine,10mg,Tablet,Sun Pharmaceutical Industries Ltd,strip of 10 tablets,79.0,true
Paxit 20mg Tablet,Paroxetine,20mg,Tablet,Sun Pharmaceutical Industries Ltd,strip of 10 tablets,120.9,true
Paxit 30mg Tablet,Paroxetine,30mg,Tablet,Sun Pharmaceutical Industries Ltd,strip of 10 tablets,147.35,true
PCM 150mg Injection,Paracetamol,150mg,Injection,Intas Pharmaceuticals Ltd,vial of 2 ml Injection,5.82,true
PCM Suspension,Paracetamol,125mg/5ml,Suspension,Intas Pharmaceuticals Ltd,bottle of 60 ml Oral Suspension,24.92,false
PCM Tablet,Paracetamol,500mg,Tablet,Intas Pharmaceuticals Ltd,strip of 15 tablets,15.05,false
PD 20mg/40mg Capsule SR,Domperidone + Pantoprazole,20mg + 40mg,Capsule,Clox Pharma Pvt Ltd,strip of 10 capsule sr,75.0,true
Pecef Duo 50 mg/31.25 mg Suspension,Cefpodoxime Proxetil + Clavulanic Acid,50mg + 31.25mg,Suspension,Dr Reddy's Laboratories Ltd,bottle of 30 ml Suspension,108.5,true
Peg NT Lite 50mg/10mg Tablet,Pregabalin + Nortriptyline,50mg + 10mg,Tablet,Ipca Laboratories Ltd,strip of 15 tablets,164.95,true
Peg Tears Eye Drop,Polyethylene Glycol + Propylene Glycol,0.4% w/v + 0.3% w/v,Drops,Alembic Pharmaceuticals Ltd,bottle of 10 ml Eye Drop,399.0,false
Penegra 100 Tablet,Sildenafil,100mg,Tablet,Zydus Cadila,strip of 4 tablets,355.45,true
Penegra 25 Tablet,Sildenafil,25mg,Tablet,Zydus Cadila,strip of 4 tablets,168.6,true
Penegra 50 Tablet,Sildenafil,50mg,Tablet,Zydus Cadila,strip of 4 tablets,174.65,true
Penegra Pah Tablet,Sildenafil,20mg,Tablet,Zydus Cadila,strip of 15 tablets,300.0,true
Penegra Xpress 25mg Tablet,Sildenafil,25mg,Tablet,Zydus Cadila,strip of 4 tablets,194.25,true
Penegra Xpress 50mg Tablet,Sildenafil,50mg,Tablet,Zydus Cadila,strip of 4 tablets,194.25,true
Penegra XT 50mg/30mg Tablet,Sildenafil + Dapoxetine,50mg + 30mg,Tablet,Zydus Cadila,strip of 4 tablets,225.0,true
Penlip-DSR Capsule,Domperidone + Pantoprazole,30mg + 40mg,Tablet,Johnlee Pharmaceuticals Pvt Ltd,strip of 10 tablet sr,110.0,true
Pentab 20mg Tablet,Pantoprazole,20mg,Tablet,Alembic Pharmaceuticals Ltd,strip of 10 tablets,55.3,true
Pentab-D Tablet,Domperidone + Pantoprazole,10mg + 40mg,Tablet,Alembic Pharmaceuticals Ltd,strip of 10 tablets,120.3,true
Pentagon D 10mg/40mg Capsule,Domperidone + Pantoprazole,10mg + 40mg,Capsule,Ind Swift Laboratories Ltd,strip of 10 capsules,17.18,true
Pentaloc D 10mg/20mg Tablet,Domperidone + Pantoprazole,10mg + 20mg,Tablet,Cadila Pharmaceuticals Ltd,strip of 10 tablets,81.5,true
Pentaloc D Forte 10mg/40mg Tablet,Domperidone + Pantoprazole,10mg + 40mg,Tablet,Cadila Pharmaceuticals Ltd,strip of 10 tablets,91.58,true
Pentanerv 100 Tablet,Gabapentin,100mg,Tablet,Alkem Laboratories Ltd,strip of 10 tablets,93.0,true
Pentanerv 300 Tablet,Gabapentin,300mg,Tablet,Alkem Laboratories Ltd,strip of 10 tablets,230.0,true
Pentanerv 450mg Tablet SR,Gabapentin,450mg,Tablet,Alkem Laboratories Ltd,strip of 10 tablet sr,330.0,true
Pentanerv M 100mg/500mcg Tablet,Gabapentin + Methylcobalamin,100mg + 500mcg,Tablet,Alkem Laboratories Ltd,strip of 10 tablets,156.0,true
Pentanerv-NT 100mg/10mg Tablet,Gabapentin + Nortriptyline,100mg + 10mg,Tablet,Alkem Laboratories Ltd,strip of 10 tablets,105.0,true
Pentanerv-NT Tablet,Gabapentin + Nortriptyline,400mg + 10mg,Tablet,Alkem Laboratories Ltd,strip of 15 tablets,377.0,true
Pep ON 4mg Tablet,Cyproheptadine,4mg,Tablet,Alkem Laboratories Ltd,strip of 10 tablets,11.0,false
Pep ON Syrup,Choline + Cyproheptadine,,Syrup,Alkem Laboratories Ltd,bottle of 200 ml Syrup,64.0,false
Pep-ON Syrup Mixed Fruit Sugar Free,Cyproheptadine + Tricholine Citrate,2mg/5ml + 275mg/5ml,Syrup,Alkem Laboratories Ltd,bottle of 200 ml Syrup,120.0,false
Peptilcer 20mg Capsule,Pantoprazole,20mg,Capsule,Biochem Pharmaceutical Industries,strip of 10 capsules,174.28,true
Periset Syrup,Ondansetron,2mg/5ml,Solution,Ipca Laboratories Ltd,bottle of 30 ml Oral Solution,42.34,true
Petril Beta 10 Tablet,Clonazepam + Propranolol,0.25mg + 10mg,Tablet,Micro Labs Ltd,strip of 10 tablets,45.0,true
Pexep 10 Tablet,Paroxetine,10mg,Tablet,Intas Pharmaceuticals Ltd,strip of 10 tablets,188.0,true
Pexep 20 Tablet,Paroxetine,20mg,Tablet,Intas Pharmaceuticals Ltd,strip of 10 tablets,263.0,true
Pexep 30 Tablet,Paroxetine,30mg,Tablet,Intas Pharmaceuticals Ltd,strip of 10 tablets,316.0,true
Pexep 40 Tablet,Paroxetine,40mg,Tablet,Intas Pharmaceuticals Ltd,strip of 10 tablets,409.0,true
Pexep CR 12.5 Tablet,Paroxetine,12.5mg,Tablet,Intas Pharmaceuticals Ltd,strip of 15 Tablet pr,301.5,true
Pexep CR 25 Tablet,Paroxetine,25mg,Tablet,Intas Pharmaceuticals Ltd,strip of 10 Tablet pr,270.0,true
Pexep CR 25 Tablet,Paroxetine,25mg,Tablet,Intas Pharmaceuticals Ltd,strip of 15 Tablet pr,405.0,true
Pexep CR 37.5 Tablet,Paroxetine,37.5mg,Tablet,Intas Pharmaceuticals Ltd,strip of 10 tablet cr,390.0,true
Pexep Plus 12.5 Capsule IR,Paroxetine + Clonazepam,12.5mg + 0.5mg,Capsule,Intas Pharmaceuticals Ltd,strip of 10 capsule er,190.0,true
Pexep Plus 25 Capsule IR,Paroxetine + Clonazepam,25mg + 0.5mg,Capsule,Intas Pharmaceuticals Ltd,strip of 10 capsule er,234.0,true
Pgnerv-M Forte Capsule,Methylcobalamin + Pregabalin,1500mcg + 75mg,Capsule,Care Formulation Labs Pvt Ltd,strip of 10 capsules,175.0,true
PH-Bar,Ketoconazole,2% w/w,Other,Emcure Pharmaceuticals Ltd,packet of 75 gm Bar,153.5,false
Phenergan 10 Tablet,Promethazine,10mg,Tablet,Abbott,strip of 10 tablets,17.32,false
Phenergan 25 Tablet,Promethazine,25mg,Tablet,Abbott,strip of 10 tablets,45.82,false
Phenergan Plus Syrup,Paracetamol + Promethazine,125mg + 2.5mg,Syrup,Abbott,bottle of 60 ml Syrup,41.0,false
Phenergan Syrup,Promethazine,5mg/5ml,Syrup,Abbott,bottle of 100 ml Syrup,45.88,false
Phensedyl Cold Syrup,Chlorpheniramine Maleate + Phenylephrine,2mg/5ml + 5mg/5ml,Syrup,Abbott,bottle of 60 ml Syrup,54.5,false
Phensedyl CR Syrup,Ambroxol + Guaifenesin,15mg/5ml + 50mg/5ml,Syrup,Abbott,bottle of 100 ml Syrup,114.91,false
Phensedyl DX Syrup,Chlorpheniramine Maleate + Dextromethorphan Hydrobromide,2mg/5ml + 10mg/5ml,Syrup,Abbott,bottle of 100 ml Syrup,115.8,false
Phensedyl Ex Expectorant,Ambroxol + Guaifenesin,15mg/5ml + 50mg/5ml,Syrup,Abbott,bottle of 100 ml Expectorant,83.5,false
Phensedyl LR Oral Suspension,Levocloperastine,20mg/5ml,Suspension,Abbott,bottle of 100 ml Oral Suspension,127.9,false
Phensedyl T Syrup,Codeine + Triprolidine,10mg/5ml + 1.25mg/5ml,Syrup,Abbott,bottle of 100 ml Syrup,169.82,true
Phensedyl-DMR Syrup,Chlorpheniramine Maleate + Dextromethorphan Hydrobromide,2mg/5ml + 10mg/5ml,Syrup,Abbott,bottle of 100 ml Syrup,90.0,false
Phytoral B Cream,Beclometasone + Ketoconazole,0.025% w/w + 2% w/w,Cream,Micro Labs Ltd,tube of 15 gm Cream,129.0,false
Phytoral Dusting Powder,Ketoconazole,2% w/w,Powder,Micro Labs Ltd,bottle of 100 gm Dusting Powder,201.0,false
Phytoral Ointment,Ketoconazole,2% w/w,Ointment,Micro Labs Ltd,tube of 30 gm Ointment,262.0,false
Phytoral Tablet,Ketoconazole,200mg,Tablet,Micro Labs Ltd,strip of 10 tablets,430.0,false
Phytoral-XL Cream,Ketoconazole,2% w/w,Cream,Micro Labs Ltd,tube of 50 gm Cream,299.0,false
Pinoin 5mg Capsule,Isotretinoin,5mg,Capsule,East West Pharma,strip of 10 capsules,90.5,true
Pioglar 15 Tablet,Pioglitazone,15mg,Tablet,Sun Pharmaceutical Industries Ltd,strip of 10 tablets,63.0,true
Pioglar 30 Tablet,Pioglitazone,30mg,Tablet,Sun Pharmaceutical Industries Ltd,strip of 10 tablets,83.0,true
Pioglar 7.5 Tablet,Pioglitazone,7.5mg,Tablet,Sun Pharmaceutical Industries Ltd,strip of 10 tablets,66.5,true
Pioglar-G Tablet,Pioglitazone + Glimepiride,15mg + 2mg,Tablet,Sun Pharmaceutical Industries Ltd,strip of 10 tablets,137.0,true
Pioglit 15 Tablet,Pioglitazone,15mg,Tablet,Sun Pharmaceutical Industries Ltd,strip of 10 tablets,63.0,true
Pioglit 30 Tablet,Pioglitazone,30mg,Tablet,Sun Pharmaceutical Industries Ltd,strip of 10 tablets,107.0,true
Pioglit 7.5 Tablet,Pioglitazone,7.5mg,Tablet,Sun Pharmaceutical Industries Ltd,strip of 10 tablets,71.0,true
Pioglit MF 15 Tablet ER,Pioglitazone + Metformin,15mg + 500mg,Tablet,Sun Pharmaceutical Industries Ltd,strip of 10 tablet er,120.0,true
Pioglit MF Forte 30 mg/500 mg Tablet,Pioglitazone + Metformin,30mg + 500mg,Tablet,Sun Pharmaceutical Industries Ltd,strip of 10 tablets,77.0,true
Pionorm 15 Tablet,Pioglitazone,15mg,Tablet,Micro Labs Ltd,strip of 10 tablets,53.0,true
Pionorm 30 Tablet,Pioglitazone,30mg,Tablet,Micro Labs Ltd,strip of 10 tablets,83.0,true
Pionorm 7.5mg Tablet,Pioglitazone,7.5mg,Tablet,Micro Labs Ltd,strip of 10 tablets,33.5,true
Pionorm G 15mg/2mg Tablet,Pioglitazone + Glimepiride,15mg + 2mg,Tablet,Micro Labs Ltd,strip of 10 tablets,50.0,true
Pionorm-M 30mg/500mg Tablet SR,Pioglitazone + Metformin,30mg + 500mg,Tablet,Micro Labs Ltd,strip of 10 tablet sr,102.86,true
Piopod 15 Tablet,Pioglitazone,15mg,Tablet,Torrent Pharmaceuticals Ltd,strip of 10 tablets,60.5,true
Pirfenex 400mg Tablet,Pirfenidone,400mg,Tablet,Cipla Ltd,strip of 15 tablets,582.75,false
Pirfenex 600mg Tablet,Pirfenidone,600mg,Tablet,Cipla Ltd,strip of 15 tablets,900.0,false
Pirfenex 801mg Tablet,Pirfenidone,801mg,Tablet,Cipla Ltd,strip of 10 tablets,645.0,false
Pirfenex Tablet,Pirfenidone,200mg,Tablet,Cipla Ltd,strip of 15 tablets,347.16,false
Pirox 10mg Capsule,Piroxicam,10mg,Capsule,Cipla Ltd,strip of 10 capsules,27.0,false
Pirox 20 Capsule,Piroxicam,20mg,Capsule,Cipla Ltd,strip of 10 capsules,66.55,false
Pirox DT Tablet,Piroxicam,20mg,Tablet,Cipla Ltd,strip of 10 tablet dt,78.1,false
Pirox Gel,Piroxicam,0.5% w/w,Gel,Cipla Ltd,tube of 30 gm Gel,74.25,false
Pirox Gel,Piroxicam,0.5% w/w,Gel,Cipla Ltd,tube of 20 gm Gel,41.31,false
Piroxitas-DT Tablet,Piroxicam,20mg,Tablet,Intas Pharmaceuticals Ltd,strip of 10 tablet dt,44.5,false
Pod Plus 200 mg/125 mg Tablet,Cefpodoxime Proxetil + Clavulanic Acid,200mg + 125mg,Tablet,Torrent Pharmaceuticals Ltd,strip of 10 tablets,266.55,true
Pod Plus 50 mg/31.25 mg Dry Syrup,Cefpodoxime Proxetil + Clavulanic Acid,50mg + 31.25mg,Syrup,Torrent Pharmaceuticals Ltd,bottle of 30 ml Dry Syrup,66.5,true
Podocef 100 Dry Syrup,Cefpodoxime Proxetil,100mg,Suspension,Biochem Pharmaceutical Industries,bottle of 30 ml Oral Suspension,161.0,true
Podowal 100 Dry Syrup,Cefpodoxime Proxetil,100mg,Suspension,Wallace Pharmaceuticals Pvt Ltd,bottle of 30 ml Oral Suspension,115.0,true
Polyclav-DS Dry Syrup,Amoxycillin + Clavulanic Acid,400mg/5ml + 57mg/5ml,Suspension,Macleods Pharmaceuticals Pvt Ltd,bottle of 30 ml Oral Suspension,142.5,true
Polypod CV 50mg/31.25mg Tablet DT,Cefpodoxime Proxetil + Clavulanic Acid,50mg + 31.25mg,Tablet,Macleods Pharmaceuticals Pvt Ltd,strip of 6 tablet dt,64.0,true
Povidot 10% Ointment,Povidone Iodine,10% w/w,Ointment,Leeford Healthcare Ltd,tube of 20 gm Ointment,94.0,false
Powercef 1gm Injection,Ceftriaxone,1gm,Injection,Dr Reddy's Laboratories Ltd,vial of 20 ml Injection,54.79,true
Powercort-S 3% Ointment,Clobetasol + Salicylic Acid,0.05% w/w + 3% w/w,Ointment,Glenmark Pharmaceuticals Ltd,tube of 30 gm Ointment,124.0,true
Powercort-S 6% Ointment,Clobetasol + Salicylic Acid,0.05% w/w + 6% w/w,Ointment,Glenmark Pharmaceuticals Ltd,tube of 30 gm Ointment,163.0,true
Powerflam 25mg Injection,Diclofenac,25mg,Injection,Alkem Laboratories Ltd,ampoule of 3 ml Injection,5.38,true
Powerflam 25mg Tablet,Diclofenac,25mg,Tablet,Alkem Laboratories Ltd,strip of 10 tablets,12.5,false
Powerflam 50mg Tablet,Diclofenac,50mg,Tablet,Alkem Laboratories Ltd,strip of 10 tablets,16.03,false
Powerflam 50mg Tablet MR,Diclofenac,50mg,Tablet,Alkem Laboratories Ltd,strip of 10 tablet mr,99.0,false
Powerflam Gel,Diclofenac,1% w/w,Gel,Alkem Laboratories Ltd,tube of 10 gm Gel,40.0,false
Powerflam Injection,Diclofenac,,Injection,Alkem Laboratories Ltd,ampoule of 3 ml Injection,3.42,true
Powerflam Plus Gel,Aceclofenac + Capsaicin Based Rubefacients,1.5% w/w + 0.01% w/w,Gel,Alkem Laboratories Ltd,tube of 30 gm Gel,82.0,false
Powerflam Spray,Diclofenac,1.16% w/v,Spray,Alkem Laboratories Ltd,packet of 60 gm Spray,83.75,false
Powergyl NF Oral Suspension,Ofloxacin + Ornidazole,50mg + 125mg,Suspension,Cipla Ltd,bottle of 30 ml Oral Suspension,66.0,true
Powergyl OZ 100 mg/100 mg Tablet,Metronidazole + Norfloxacin,100mg + 100mg,Tablet,Cipla Ltd,strip of 10 tablets,106.0,true
PP Dom Capsule,Domperidone + Pantoprazole,,Capsule,Allentis Pharmaceuticals Pvt Ltd,strip of 10 capsules,114.0,true
Practin EN Syrup,Cyproheptadine + Tricholine Citrate,2mg/5ml + 275mg/5ml,Syrup,Dr Reddy's Laboratories Ltd,bottle of 200 ml Syrup,148.0,false
Pramipex 0.125 Tablet,Pramipexole,0.125mg,Tablet,Sun Pharmaceutical Industries Ltd,strip of 10 tablets,53.0,true
Pramipex 0.25 Tablet,Pramipexole,0.25mg,Tablet,Sun Pharmaceutical Industries Ltd,strip of 10 tablets,91.0,true
Pramipex 0.5 Tablet,Pramipexole,0.5mg,Tablet,Sun Pharmaceutical Industries Ltd,strip of 10 tablets,155.0,true
Pramipex 1 Tablet,Pramipexole,1mg,Tablet,Sun Pharmaceutical Industries Ltd,strip of 10 tablets,202.0,true
Pramipex 1.25mg Tablet ER,Pramipexole,1.25mg,Tablet,Sun Pharmaceutical Industries Ltd,strip of 10 tablet er,187.0,true
Pramipex ER 0.375 Tablet,Pramipexole,0.375mg,Tablet,Sun Pharmaceutical Industries Ltd,strip of 10 tablet er,99.0,true
Pramipex ER 0.75 Tablet,Pramipexole,0.75mg,Tablet,Sun Pharmaceutical Industries Ltd,strip of 10 tablet er,145.5,true
Pramipex ER 1.5 Tablet,Pramipexole,1.5mg,Tablet,Sun Pharmaceutical Industries Ltd,strip of 10 tablet er,237.0,true
Pramipex ER 3 Tablet,Pramipexole,3mg,Tablet,Sun Pharmaceutical Industries Ltd,strip of 10 tablet er,344.0,true
Pramirol 0.125 Tablet,Pramipexole,0.125mg,Tablet,Intas Pharmaceuticals Ltd,strip of 10 tablets,58.5,true
Pramirol 0.25 Tablet,Pramipexole,0.25mg,Tablet,Intas Pharmaceuticals Ltd,strip of 10 tablets,100.5,true
Pramirol 0.5 Tablet,Pramipexole,0.5mg,Tablet,Intas Pharmaceuticals Ltd,strip of 10 tablets,168.0,true
Pramirol 1 Tablet,Pramipexole,1mg,Tablet,Intas Pharmaceuticals Ltd,strip of 10 tablets,251.0,true
Pramirol 1.5 Tablet,Pramipexole,1.5mg,Tablet,Intas Pharmaceuticals Ltd,strip of 10 tablets,329.0,true
Pramirol SR 0.26 Tablet,Pramipexole,0.26mg,Tablet,Intas Pharmaceuticals Ltd,strip of 10 Tablet pr,110.0,true
Pramirol SR 0.52 Tablet,Pramipexole,0.52mg,Tablet,Intas Pharmaceuticals Ltd,strip of 10 Tablet pr,188.0,true
Pramirol SR 1.05 Tablet,Pramipexole,1.05mg,Tablet,Intas Pharmaceuticals Ltd,strip of 10 Tablet pr,301.0,true
Pramirol SR 2.1 Tablet,Pramipexole,2.1mg,Tablet,Intas Pharmaceuticals Ltd,strip of 10 Tablet pr,466.0,true
Pramirol SR 3.15 Tablet,Pramipexole,3.15mg,Tablet,Intas Pharmaceuticals Ltd,strip of 10 tablet sr,614.0,true
Pratham 100mg Tablet DT,Azithromycin,100mg,Tablet,Alkem Laboratories Ltd,strip of 3 tablet dt,19.05,true
Prazo DSR Capsule,Domperidone + Pantoprazole,10mg + 40mg,Capsule,Hiya Lifesciences Pvt Ltd,strip of 10 capsule sr,98.0,true
Pre Aldonil 150mg/150mg Tablet,Epalrestat + Pregabalin,150mg + 150mg,Tablet,Zydus Cadila,strip of 10 tablets,483.35,true
Pre Aldonil 75 Tablet SR,Epalrestat + Pregabalin,150mg + 75mg,Tablet,Zydus Cadila,strip of 10 tablet sr,439.45,true
Pre Rener 750mcg/75mg Tablet,Methylcobalamin + Pregabalin,750mcg + 75mg,Tablet,Zee Laboratories,strip of 10 tablets,165.0,true
Predace Eye Drop,Prednisolone,1% w/v,Drops,Micro Labs Ltd,packet of 5 ml Eye Drop,10.32,true
Predmet 1% Eye Drop,Prednisolone,1% w/v,Drops,Sun Pharmaceutical Industries Ltd,packet of 10 ml Eye Drop,62.45,true
Predmet 16 Tablet,Methylprednisolone,16mg,Tablet,Sun Pharmaceutical Industries Ltd,strip of 10 tablets,110.8,true
Predmet 24mg Tablet,Methylprednisolone,24mg,Tablet,Sun Pharmaceutical Industries Ltd,strip of 10 tablets,66.0,true
Predmet 4 Tablet,Methylprednisolone,4mg,Tablet,Sun Pharmaceutical Industries Ltd,strip of 10 tablets,54.0,true
Predmet 8 Tablet,Methylprednisolone,8mg,Tablet,Sun Pharmaceutical Industries Ltd,strip of 10 tablets,63.3,true
Predone 20mg Tablet,Prednisolone,20mg,Tablet,Cipla Ltd,strip of 10 tablets,13.19,true
Predone 40mg Tablet,Prednisolone,40mg,Tablet,Cipla Ltd,strip of 10 tablets,27.02,true
Predone Eye Drop,Prednisolone,1% w/v,Drops,Cipla Ltd,packet of 5 ml Eye Drop,29.97,true
Pregaba Forte Capsule,Alpha Lipoic Acid + Folic Acid,100mg + 1.5mg,Capsule,Torrent Pharmaceuticals Ltd,strip of 10 capsules,163.0,false
Pregaba-D 50/20,Pregabalin + Duloxetine,50mg + 20mg,Capsule,Torrent Pharmaceuticals Ltd,strip of 10 capsules,152.75,true
Pregaba-D 75/30 Capsule DR,Pregabalin + Duloxetine,75mg + 30mg,Capsule,Torrent Pharmaceuticals Ltd,strip of 10 Capsule DR,239.0,true
Pregaba-M SR 75 Tablet,Methylcobalamin + Pregabalin,1500mcg + 75mg,Tablet,Torrent Pharmaceuticals Ltd,strip of 15 tablet sr,287.8,true
Pregabanyl 300mg Capsule,Pregabalin,300mg,Capsule,Leeford Healthcare Ltd,strip of 10 capsules,250.0,true
Pregabanyl-ET Tablet PR,Pregabalin + Etoricoxib,75mg + 60mg,Tablet,Leeford Healthcare Ltd,strip of 10 Tablet pr,190.0,true
Pregabid 150 Capsule,Pregabalin,150mg,Capsule,Intas Pharmaceuticals Ltd,strip of 10 capsules,312.0,true
Pregabid 300mg Capsule,Pregabalin,300mg,Capsule,Intas Pharmaceuticals Ltd,strip of 10 capsules,240.0,true
Pregabid 50 Capsule,Pregabalin,50mg,Capsule,Intas Pharmaceuticals Ltd,strip of 10 capsules,117.0,true
Pregabid 75 Capsule,Pregabalin,75mg,Capsule,Intas Pharmaceuticals Ltd,strip of 15 capsules,215.0,true
Pregabid CR 165 Tablet,Pregabalin,165mg,Tablet,Intas Pharmaceuticals Ltd,strip of 10 tablet er,327.0,true
Pregabid CR 82.5 Tablet ER,Pregabalin,82.5mg,Tablet,Intas Pharmaceuticals Ltd,strip of 10 tablet er,191.0,true
Pregabid D 75/20 Capsule DR,Pregabalin + Duloxetine,75mg + 20mg,Capsule,Intas Pharmaceuticals Ltd,strip of 10 Capsule DR,199.0,true
Pregabid Forte 500mcg/50mg Tablet,Methylcobalamin + Pregabalin,500mcg + 50mg,Tablet,Intas Pharmaceuticals Ltd,strip of 10 tablets,69.9,true
Pregabid Forte 75 Capsule,Pregabalin + Methylcobalamin,75mg + 750mcg,Capsule,Intas Pharmaceuticals Ltd,strip of 10 capsules,207.0,true
Pregabid Forte 750mcg/150mg Capsule,Methylcobalamin + Pregabalin,750mcg + 150mg,Capsule,Intas Pharmaceuticals Ltd,strip of 10 capsules,176.84,true
Pregabid Forte Capsule,Alpha Lipoic Acid + Folic Acid,100mg + 1.5mg,Capsule,Intas Pharmaceuticals Ltd,strip of 10 capsules,159.0,false
Pregabid M 100mg Tablet,Pregabalin,100mg,Tablet,Intas Pharmaceuticals Ltd,strip of 10 tablets,137.0,true
Pregabid M OD 100 Tablet SR,Methylcobalamin + Pregabalin,1500mcg + 100mg,Tablet,Intas Pharmaceuticals Ltd,strip of 10 tablet sr,193.0,true
Pregabid ME 150 Capsule,Methylcobalamin + Pregabalin,750mcg + 150mg,Capsule,Intas Pharmaceuticals Ltd,strip of 10 capsules,295.0,true
Pregabid ME 75 Capsule,Methylcobalamin + Pregabalin,750mcg + 75mg,Capsule,Intas Pharmaceuticals Ltd,strip of 15 capsules,273.0,true
Pregabid MNT Tablet,Pregabalin + Nortriptyline,75mg + 10mg,Tablet,Intas Pharmaceuticals Ltd,strip of 10 tablets,256.0,true
Pregabid NT 50mg/10mg Tablet,Pregabalin + Nortriptyline,50mg + 10mg,Tablet,Intas Pharmaceuticals Ltd,strip of 10 tablets,140.0,true
Pregabid NT Tablet,Pregabalin + Nortriptyline,75mg + 10mg,Tablet,Intas Pharmaceuticals Ltd,strip of 15 tablets,329.0,true
Pregabid OD 100 Tablet SR,Pregabalin,100mg,Tablet,Intas Pharmaceuticals Ltd,strip of 10 tablet sr,182.0,true
Pregabid OD 150 Tablet,Pregabalin,150mg,Tablet,Intas Pharmaceuticals Ltd,strip of 10 tablet sr,305.0,true
Pregabid-D 50 Capsule,Pregabalin + Duloxetine,50mg + 10mg,Capsule,Intas Pharmaceuticals Ltd,strip of 10 capsules,89.0,true
Pregabid-D 50/20 Capsule DR,Pregabalin + Duloxetine,50mg + 20mg,Capsule,Intas Pharmaceuticals Ltd,strip of 10 Capsule DR,139.0,true
Pregabid-D 75 Capsule,Pregabalin + Duloxetine,75mg + 20mg,Capsule,Intas Pharmaceuticals Ltd,strip of 10 capsules,199.0,true
Pregabid-D 75/30 Capsule DR,Pregabalin + Duloxetine,75mg + 30mg,Capsule,Intas Pharmaceuticals Ltd,strip of 10 Capsule DR,239.0,true
Pregader-Ntm Tablet SR,Pregabalin + Nortriptyline,75mcg + 10mg,Tablet,Elder Pharmaceuticals Ltd,strip of 10 tablet sr,180.0,true
Pregadoc-M 750mcg/150mg Tablet SR,Methylcobalamin + Pregabalin,750mcg + 150mg,Tablet,Lupin Ltd,strip of 10 tablet sr,170.0,true
Pregalin 100mg Capsule,Pregabalin,100mg,Capsule,Torrent Pharmaceuticals Ltd,strip of 10 capsules,162.5,true
Pregalin 150 Capsule,Pregabalin,150mg,Capsule,Torrent Pharmaceuticals Ltd,strip of 10 capsules,332.0,true
Pregalin 200mg Capsule,Pregabalin,200mg,Capsule,Torrent Pharmaceuticals Ltd,strip of 10 capsules,196.0,true
Pregalin 300mg Capsule,Pregabalin,300mg,Capsule,Torrent Pharmaceuticals Ltd,strip of 10 capsules,240.0,true
Pregalin 50 Capsule,Pregabalin,50mg,Capsule,Torrent Pharmaceuticals Ltd,strip of 10 capsules,107.8,true
Pregalin 75 Capsule,Pregabalin,75mg,Capsule,Torrent Pharmaceuticals Ltd,strip of 15 capsules,278.65,true
Pregalin D 50mg/20mg Capsule,Pregabalin + Duloxetine,50mg + 20mg,Capsule,Torrent Pharmaceuticals Ltd,strip of 10 capsules,139.0,true
Pregalin D 75/20 Capsule,Pregabalin + Duloxetine,75mg + 20mg,Capsule,Torrent Pharmaceuticals Ltd,strip of 10 capsules,218.7,true
Pregalin D 75/30 Capsule,Pregabalin + Duloxetine,75mg + 30mg,Capsule,Torrent Pharmaceuticals Ltd,strip of 10 capsules,239.0,true
Pregalin Forte Capsule,Pregabalin + Methylcobalamin,75mg + 750mcg,Capsule,Torrent Pharmaceuticals Ltd,strip of 10 capsules,137.0,true
Pregalin M 150 Capsule,Methylcobalamin + Pregabalin,750mcg + 150mg,Capsule,Torrent Pharmaceuticals Ltd,strip of 10 capsules,303.1,true
Pregalin M 75 Capsule,Methylcobalamin + Pregabalin,750mcg + 75mg,Capsule,Torrent Pharmaceuticals Ltd,strip of 15 capsules,296.6,true
Pregalin M SR 150 Tablet,Methylcobalamin + Pregabalin,1500mcg + 150mg,Tablet,Torrent Pharmaceuticals Ltd,strip of 10 tablet sr,251.1,true
Pregalin M SR 75 Tablet,Methylcobalamin + Pregabalin,1500mcg + 75mg,Tablet,Torrent Pharmaceuticals Ltd,strip of 15 tablet sr,287.8,true
Pregalin NT 75mg/10mg Tablet,Pregabalin + Nortriptyline,75mg + 10mg,Tablet,Torrent Pharmaceuticals Ltd,strip of 10 tablets,188.05,true
Pregalin SR 150 Tablet,Pregabalin,150mg,Tablet,Torrent Pharmaceuticals Ltd,strip of 10 tablet sr,302.35,true
Pregalin SR 75 Tablet,Pregabalin,75mg,Tablet,Torrent Pharmaceuticals Ltd,strip of 10 tablet sr,185.65,true
Pregalin X 75 Capsule,Methylcobalamin + Pregabalin,750mcg + 75mg,Capsule,Torrent Pharmaceuticals Ltd,strip of 10 capsules,158.75,true
Pregalin X SR 75 Tablet,Methylcobalamin + Pregabalin,1500mcg + 75mg,Tablet,Torrent Pharmaceuticals Ltd,strip of 15 tablet sr,261.8,true
Preganerve M 750mcg/75mg Tablet,Methylcobalamin + Pregabalin,750mcg + 75mg,Tablet,East West Pharma,strip of 10 tablets,149.0,true
Preganerve M Forte 1500mcg/150mg Tablet SR,Methylcobalamin + Pregabalin,1500mcg + 150mg,Tablet,East West Pharma,strip of 10 tablet sr,160.4,true
Preganza 50mg Capsule,Pregabalin,50mg,Capsule,Emcure Pharmaceuticals Ltd,strip of 10 capsules,60.45,true
Pregarol 500mcg/75mg Tablet SR,Methylcobalamin + Pregabalin,500mcg + 75mg,Tablet,East West Pharma,strip of 15 tablet sr,95.0,true
Pregastar M OD 750mcg/150mg Tablet,Methylcobalamin + Pregabalin,750mcg + 150mg,Tablet,Lupin Ltd,strip of 10 tablets,235.25,true
Pregastar M OD 750mcg/75mg Tablet,Methylcobalamin + Pregabalin,750mcg + 75mg,Tablet,Lupin Ltd,strip of 10 tablets,207.2,true
Pregastar Plus Capsule,Alpha Lipoic Acid + Folic Acid,100mg + 1.5mg,Capsule,Lupin Ltd,strip of 15 capsules,306.0,false
Pregastar Plus SR 75 Tablet,Pregabalin + Methylcobalamin,75mg + 1500mcg,Tablet,Lupin Ltd,strip of 15 tablet sr,262.5,true
Pregastar Plus SR 75 Tablet,Pregabalin + Methylcobalamin,75mg + 1500mcg,Tablet,Lupin Ltd,strip of 10 tablet sr,131.7,true
Pregeb 150 Capsule,Pregabalin,150mg,Capsule,Torrent Pharmaceuticals Ltd,strip of 10 capsules,332.0,true
Pregeb 75 Capsule,Pregabalin,75mg,Capsule,Torrent Pharmaceuticals Ltd,strip of 10 capsules,185.7,true
Pregeb D 50/20 Capsule,Pregabalin + Duloxetine,50mg + 20mg,Capsule,Torrent Pharmaceuticals Ltd,strip of 10 capsules,139.0,true
Pregeb D 75/20 Capsule,Pregabalin + Duloxetine,75mg + 20mg,Capsule,Torrent Pharmaceuticals Ltd,strip of 10 capsules,218.7,true
Pregeb D 75/30 Capsule,Pregabalin + Duloxetine,75mg + 30mg,Capsule,Torrent Pharmaceuticals Ltd,strip of 10 capsules,239.0,true
Pregeb Forte 75 Capsule,Alpha Lipoic Acid + Folic Acid,100mg + 1.5mg,Capsule,Torrent Pharmaceuticals Ltd,strip of 10 capsules,219.35,false
Pregeb M 150 Capsule,Methylcobalamin + Pregabalin,750mcg + 150mg,Capsule,Torrent Pharmaceuticals Ltd,strip of 10 capsules,303.1,true
Pregeb M OD 150 Tablet,Methylcobalamin + Pregabalin,1500mcg + 150mg,Tablet,Torrent Pharmaceuticals Ltd,strip of 10 tablet sr,287.05,true
Pregeb M OD 75 Tablet SR,Methylcobalamin + Pregabalin,1500mcg + 75mg,Tablet,Torrent Pharmaceuticals Ltd,strip of 15 tablet sr,278.65,true
Pregeb NT 75mg/10mg Tablet,Pregabalin + Nortriptyline,75mg + 10mg,Tablet,Torrent Pharmaceuticals Ltd,strip of 10 tablets,188.05,true
Pregeb OD 150 Tablet SR,Pregabalin,150mg,Tablet,Torrent Pharmaceuticals Ltd,strip of 10 tablet sr,302.35,true
Pregeb OD 75 Tablet,Pregabalin,75mg,Tablet,Torrent Pharmaceuticals Ltd,strip of 10 tablet sr,185.65,true
Pregvom 10 mg/10 mg Tablet,Doxylamine + Vitamin B6 (Pyridoxine),10mg + 10mg,Tablet,Intas Pharmaceuticals Ltd,strip of 10 tablets,5.87,false
Pregvom Plus 10mg/10mg/5mg Tablet,Doxylamine + Vitamin B6 (Pyridoxine),10mg + 10mg,Tablet,Intas Pharmaceuticals Ltd,strip of 10 tablets,8.25,false
Preva RS 10 Capsule,Rosuvastatin + Clopidogrel,10mg + 75mg,Capsule,Intas Pharmaceuticals Ltd,strip of 10 capsules,186.0,true
Preva RS 5mg/75mg Capsule,Rosuvastatin + Clopidogrel,5mg + 75mg,Capsule,Intas Pharmaceuticals Ltd,strip of 10 capsules,111.18,true
Preva Tablet,Clopidogrel,75mg,Tablet,Intas Pharmaceuticals Ltd,strip of 15 tablets,81.65,true
Preva-AS 150 Tablet,Aspirin + Clopidogrel,150mg + 75mg,Tablet,Intas Pharmaceuticals Ltd,strip of 15 tablets,78.0,true
Preva-AS 75 Tablet,Aspirin + Clopidogrel,75mg + 75mg,Tablet,Intas Pharmaceuticals Ltd,strip of 15 tablets,76.5,true
Prexaron 250mg Injection,Citicoline,250mg,Injection,Intas Pharmaceuticals Ltd,vial of 4 ml Injection,207.0,true
Prexaron 250mg Injection,Citicoline,250mg,Injection,Intas Pharmaceuticals Ltd,vial of 2 ml Injection,116.0,true
Prexaron 500 Tablet,Citicoline,500mg,Tablet,Intas Pharmaceuticals Ltd,strip of 10 tablets,719.0,false
Prexaron Plus Tablet,Citicoline + Piracetam,500mg + 800mg,Tablet,Intas Pharmaceuticals Ltd,strip of 10 tablets,816.0,true
Prexaron Syrup Sugar Free,Citicoline,500mg/5ml,Syrup,Intas Pharmaceuticals Ltd,bottle of 60 ml Syrup,749.0,false
Primacort Plus Cream,Acyclovir,5% w/w,Cream,Macleods Pharmaceuticals Pvt Ltd,tube of 5 gm Cream,66.67,true
Primosul Cold Tablet,Chlorpheniramine Maleate + Paracetamol,,Tablet,Torrent Pharmaceuticals Ltd,strip of 10 tablets,32.37,false
Prodep 10 Capsule,Fluoxetine,10mg,Capsule,Sun Pharmaceutical Industries Ltd,strip of 10 capsules,36.9,true
Prodep 20mg/5ml Suspension,Fluoxetine,20mg/5ml,Suspension,Sun Pharmaceutical Industries Ltd,bottle of 60 ml Suspension,37.28,true
Prodep 40 Capsule,Fluoxetine,40mg,Capsule,Sun Pharmaceutical Industries Ltd,strip of 10 capsules,35.49,true
Prodep 60 Capsule,Fluoxetine,60mg,Capsule,Sun Pharmaceutical Industries Ltd,strip of 10 capsules,121.65,true
Prodep Capsule,Fluoxetine,20mg,Capsule,Sun Pharmaceutical Industries Ltd,strip of 10 capsules,45.25,true
Prodep LA 90mg Tablet,Fluoxetine,90mg,Tablet,Sun Pharmaceutical Industries Ltd,strip of 4 tablets,59.2,true
Profenac Eye Drop,Diclofenac,1% w/v,Drops,Cipla Ltd,packet of 5 ml Eye Drop,15.48,false
Prolomet AM 25 Tablet PR,Amlodipine + Metoprolol Succinate,5mg + 25mg,Tablet,Sun Pharmaceutical Industries Ltd,strip of 10 Tablet pr,107.0,true
Prolomet AM 50 Tablet PR,Amlodipine + Metoprolol Succinate,5mg + 50mg,Tablet,Sun Pharmaceutical Industries Ltd,strip of 10 Tablet pr,136.0,true
Prolomet H Tablet,Metoprolol Succinate + Hydrochlorothiazide,50mg + 12.5mg,Tablet,Sun Pharmaceutical Industries Ltd,strip of 10 tablets,102.97,true
Prolomet R 25 Tablet ER,Metoprolol Succinate + Ramipril,25mg + 2.5mg,Tablet,Sun Pharmaceutical Industries Ltd,strip of 10 tablet er,171.0,true
Prolomet R 50 Tablet ER,Metoprolol Succinate + Ramipril,50mg + 5mg,Tablet,Sun Pharmaceutical Industries Ltd,strip of 10 tablet er,258.0,true
Prolomet T 25 Tablet ER,Telmisartan + Metoprolol Succinate,40mg + 23.75mg,Tablet,Sun Pharmaceutical Industries Ltd,strip of 10 tablet er,130.0,true
Prolomet T 50 Tablet ER,Telmisartan + Metoprolol Succinate,40mg + 50mg,Tablet,Sun Pharmaceutical Industries Ltd,strip of 10 tablet er,155.0,true
Prolomet XL 100 Tablet,Metoprolol Succinate,95mg,Tablet,Sun Pharmaceutical Industries Ltd,strip of 10 tablet er,170.0,true
Prolomet XL 12.5 Tablet,Metoprolol Succinate,11.8mg,Tablet,Sun Pharmaceutical Industries Ltd,strip of 10 tablet er,44.5,true
Prolomet XL 25 Tablet,Metoprolol Succinate,23.75mg,Tablet,Sun Pharmaceutical Industries Ltd,strip of 10 tablet er,50.05,true
Prolomet XL 50 Tablet,Metoprolol Succinate,47.5mg,Tablet,Sun Pharmaceutical Industries Ltd,strip of 10 tablet er,71.65,true
Promet 10mg Tablet,Metoclopramide,10mg,Tablet,Lupin Ltd,strip of 10 tablets,250.98,false
Pronim 50mg Tablet,Nimesulide,50mg,Tablet,Torrent Pharmaceuticals Ltd,strip of 10 tablets,33.8,false
Prostagen SR 300 Tablet,Progesterone,300mg,Tablet,Torrent Pharmaceuticals Ltd,strip of 10 tablet sr,396.25,true
Prostagen Vaginal gel,Progesterone,,Gel,Torrent Pharmaceuticals Ltd,tube of 1 Vaginal gel,155.0,true
Protera D 30mg/20mg Capsule,Domperidone + Pantoprazole,30mg + 20mg,Capsule,Lupin Ltd,strip of 10 capsules,71.42,true
Protera D Capsule,Domperidone + Pantoprazole,30mg + 40mg,Capsule,Lupin Ltd,strip of 15 capsules,194.2,true
Protera-I Capsule SR,Pantoprazole + Itopride,40mg + 150mg,Capsule,Lupin Ltd,strip of 10 capsule sr,325.8,true
Protera-L Capsule SR,Levosulpiride + Pantoprazole,75mg + 40mg,Capsule,Lupin Ltd,strip of 10 capsule sr,325.8,true
Prothiaden 50 Tablet,Dosulepin,50mg,Tablet,Abbott,strip of 15 tablets,318.57,false
Prothiaden 75 Tablet,Dosulepin,75mg,Tablet,Abbott,strip of 15 tablets,306.52,false
Prothiaden Tablet,Dosulepin,25mg,Tablet,Abbott,strip of 15 tablets,147.07,false
Protopan-D Tablet,Domperidone + Pantoprazole,20mg + 40mg,Tablet,East West Pharma,strip of 10 tablets,60.9,true
Provanol 10 Tablet,Propranolol,10mg,Tablet,Intas Pharmaceuticals Ltd,strip of 10 tablets,14.56,true
Provanol 20 Tablet,Propranolol,20mg,Tablet,Intas Pharmaceuticals Ltd,strip of 10 tablets,29.5,true
Provanol 40mg Tablet,Propranolol,40mg,Tablet,Intas Pharmaceuticals Ltd,strip of 10 tablets,34.27,true
Provanol Forte 0.25mg/20mg Tablet,Clonazepam + Propranolol,0.25mg + 20mg,Tablet,Intas Pharmaceuticals Ltd,strip of 10 tablets,69.5,true
Provanol Forte 0.5mg/20mg Tablet,Clonazepam + Propranolol,0.5mg + 20mg,Tablet,Intas Pharmaceuticals Ltd,strip of 10 tablets,63.5,true
Provanol Plus 10 Tablet,Propranolol + Flunarizine,40mg + 10mg,Tablet,Intas Pharmaceuticals Ltd,strip of 10 tablets,156.0,true
Provanol Plus 5 Tablet SR,Propranolol + Flunarizine,40mg + 5mg,Tablet,Intas Pharmaceuticals Ltd,strip of 10 tablet sr,111.0,true
Provanol SR 40 Tablet,Propranolol,40mg,Tablet,Intas Pharmaceuticals Ltd,strip of 10 tablet sr,51.0,true
Provanol SR 60 Tablet,Propranolol,60mg,Tablet,Intas Pharmaceuticals Ltd,strip of 10 tablet sr,78.5,true
Provanol SR 80 Tablet,Propranolol,80mg,Tablet,Intas Pharmaceuticals Ltd,strip of 10 tablet sr,87.5,true
Proxym ER Tablet,Etodolac,300mg,Tablet,Emcure Pharmaceuticals Ltd,strip of 10 Tablet pr,284.4,false
Proxym ER Tablet,Etodolac,300mg,Tablet,Emcure Pharmaceuticals Ltd,strip of 15 Tablet pr,426.6,false
Prulastin 40mg Tablet,Bilastine,40mg,Tablet,Alkem Laboratories Ltd,strip of 10 tablets,200.0,false
Prulastin Tablet,Bilastine,20mg,Tablet,Alkem Laboratories Ltd,strip of 10 tablets,133.0,false
Prulastin-M Oral Suspension,Bilastine + Montelukast,10mg/5ml + 4mg/5ml,Suspension,Alkem Laboratories Ltd,bottle of 60 ml Oral Suspension,125.0,true
Prulastin-M Tablet,Bilastine + Montelukast,20mg + 10mg,Tablet,Alkem Laboratories Ltd,strip of 10 tablets,172.0,true
PUC 125 Suspension,Paracetamol,125mg/5ml,Suspension,Alkem Laboratories Ltd,bottle of 60 ml Oral Suspension,22.35,false
PUC 125mg Drop,Paracetamol,125mg,Drops,Alkem Laboratories Ltd,packet of 15 ml Drop,27.04,false
PUC Oral Drops,Paracetamol,100mg/ml,Drops,Alkem Laboratories Ltd,bottle of 15 ml Oral Drops,30.07,false
Pulmocef 125mg Tablet,Cefuroxime,125mg,Tablet,Micro Labs Ltd,strip of 10 tablets,74.0,true
Pulmocef 125mg Tablet,Cefuroxime,125mg,Tablet,Micro Labs Ltd,strip of 4 tablets,46.0,true
Pulmocef 1500mg Injection,Cefuroxime,1500mg,Injection,Micro Labs Ltd,vial of 10 ml Injection,306.0,true
Pulmocef 750mg Injection,Cefuroxime,750mg,Injection,Micro Labs Ltd,vial of 3 ml Injection,153.0,true
Pulmocef CV 250mg/62.50mg Tablet,Cefuroxime + Clavulanic Acid,250mg + 62.50mg,Tablet,Micro Labs Ltd,strip of 10 tablets,382.0,true
Pulmocef LZ Tablet,Cefuroxime + Linezolid,500mg + 600mg,Tablet,Micro Labs Ltd,strip of 10 tablets,545.0,true
Pulmocef-CV 500 Tablet,Cefuroxime + Clavulanic Acid,500mg + 125mg,Tablet,Micro Labs Ltd,strip of 10 tablets,486.0,true
Pulmosil 10mg Oral Suspension,Sildenafil,10mg,Suspension,Sun Pharmaceutical Industries Ltd,bottle of 10 ml Oral Suspension,1200.0,true
Puradine 5% Ointment,Povidone Iodine,5% w/w,Ointment,Leeford Healthcare Ltd,tube of 15 gm Ointment,30.0,false
Pyrakem 125mg/5ml Suspension,Paracetamol,125mg/5ml,Suspension,Alkem Laboratories Ltd,bottle of 60 ml Suspension,12.5,false
Pyrakem Drop,Paracetamol,150mg,Suspension,Alkem Laboratories Ltd,packet of 15 ml Oral Suspension,28.0,false
Pyrakem Infusion,Paracetamol,1000mg,Injection,Alkem Laboratories Ltd,vial of 100 ml Infusion,363.0,true
Pyrakem Injection,Paracetamol,150mg/ml,Injection,Alkem Laboratories Ltd,vial of 2 ml Injection,7.2,true
Pyricool 100mg/ml Drop,Paracetamol,100mg/ml,Drops,Alkem Laboratories Ltd,packet of 15 ml Drop,32.0,false
Pyricool 500mg Tablet,Paracetamol,500mg,Tablet,Alkem Laboratories Ltd,strip of 15 tablets,15.03,false
Pyricool Plus Suspension,Paracetamol,,Suspension,Alkem Laboratories Ltd,bottle of 60 ml Suspension,12.62,false
Pyzina 1000 Tablet,Pyrazinamide,1000mg,Tablet,Lupin Ltd,strip of 10 tablets,109.75,true
Pyzina 500 Tablet,Pyrazinamide,500mg,Tablet,Lupin Ltd,strip of 10 tablets,49.24,true
Pyzina 750 Tablet,Pyrazinamide,750mg,Tablet,Lupin Ltd,strip of 10 tablets,74.81,true
Pyzina Kid Tablet,Pyrazinamide,300mg,Tablet,Lupin Ltd,strip of 10 tablets,55.75,true
Q Gat 400mg Tablet,Gatifloxacin,400mg,Tablet,Cipla Ltd,strip of 5 tablets,45.78,true
Q Gat Eye/Ear Drops,Gatifloxacin,,Drops,Cipla Ltd,packet of 10 ml Eye/Ear Drops,44.0,true
Q Pril 20mg Tablet,Quinapril,20mg,Tablet,Macleods Pharmaceuticals Pvt Ltd,strip of 10 tablets,112.0,false
Q Pril 5mg Tablet,Quinapril,5mg,Tablet,Macleods Pharmaceuticals Pvt Ltd,strip of 10 tablets,38.5,false
Q Pril H 10mg/25mg Tablet,Enalapril + Hydrochlorothiazide,10mg + 25mg,Tablet,Macleods Pharmaceuticals Pvt Ltd,strip of 10 tablets,69.1,true
Q Tax O 50mg Suspension,Cefpodoxime Proxetil,50mg,Suspension,Emcure Pharmaceuticals Ltd,bottle of 30 ml Suspension,94.28,true
Q-Mind 100 Tablet,Quetiapine,100mg,Tablet,Torrent Pharmaceuticals Ltd,strip of 10 tablets,86.1,true
Q-Mind 25 Tablet,Quetiapine,25mg,Tablet,Torrent Pharmaceuticals Ltd,strip of 10 tablets,45.7,true
Q-Mind 50 Tablet,Quetiapine,50mg,Tablet,Torrent Pharmaceuticals Ltd,strip of 10 tablets,80.7,true
Q-Mind SR 100 Tablet,Quetiapine,100mg,Tablet,Torrent Pharmaceuticals Ltd,strip of 10 tablet sr,102.45,true
Q-Mind SR 200 Tablet,Quetiapine,200mg,Tablet,Torrent Pharmaceuticals Ltd,strip of 10 Tablet pr,201.1,true
Q-Mind SR 300 Tablet,Quetiapine,300mg,Tablet,Torrent Pharmaceuticals Ltd,strip of 10 tablet sr,271.0,true
Q-Mind SR 400 Tablet,Quetiapine,400mg,Tablet,Torrent Pharmaceuticals Ltd,strip of 10 tablet sr,317.55,true
Q-Mind SR 50 Tablet,Quetiapine,50mg,Tablet,Torrent Pharmaceuticals Ltd,strip of 10 tablet sr,74.15,true
Q-Pin 25 Tablet,Quetiapine,25mg,Tablet,Alkem Laboratories Ltd,strip of 10 tablets,52.5,true
Q-Pin 400mg Tablet SR,Quetiapine,400mg,Tablet,Alkem Laboratories Ltd,strip of 10 tablet sr,312.0,true
Qceph 500mg Capsule,Cefadroxil,500mg,Capsule,Emcure Pharmaceuticals Ltd,strip of 10 capsules,98.34,true
Quadriderm RF Cream,Beclometasone + Neomycin,0.025% w/w + 0.5% w/w,Cream,Abbott,tube of 10 gm Cream,151.0,false
Quel 400mg Tablet SR,Quetiapine,400mg,Tablet,Ipca Laboratories Ltd,strip of 10 tablet sr,337.85,true
Quikhale FB 200 Capsule,Formoterol + Budesonide,6mcg + 200mcg,Capsule,Intas Pharmaceuticals Ltd,strip of 30 capsules,187.82,true
Quikhale FB 200 Powder for Inhalation,Formoterol + Budesonide,6mcg + 200mcg,Capsule,Intas Pharmaceuticals Ltd,packet of 120 MDI Capsule,360.19,true
Quikhale FB 400 Capsule,Formoterol + Budesonide,6mcg + 400mcg,Capsule,Intas Pharmaceuticals Ltd,strip of 30 capsules,239.9,true
Quikhale SF 50 mcg/500 mcg Capsule,Salmeterol + Fluticasone Propionate,50mcg + 500mcg,Capsule,Intas Pharmaceuticals Ltd,strip of 30 capsules,409.0,true
Quikhale SF 50mcg/250mcg Capsule,Salmeterol + Fluticasone Propionate,50mcg + 250mcg,Capsule,Intas Pharmaceuticals Ltd,strip of 30 capsules,401.0,true
Quikhale T 18mcg Capsule,Tiotropium,18mcg,Capsule,Intas Pharmaceuticals Ltd,strip of 30 capsules,308.07,true
Quinomac 100mg Suspension,Quinine,100mg,Suspension,Macleods Pharmaceuticals Pvt Ltd,bottle of 60 ml Suspension,44.73,false
Quinomac 100mg Tablet,Quinine,100mg,Tablet,Macleods Pharmaceuticals Pvt Ltd,strip of 10 tablets,22.31,false
Quinomac 300mg Tablet,Quinine,300mg,Tablet,Macleods Pharmaceuticals Pvt Ltd,strip of 10 tablets,52.01,false
Quintor 0.3% Eye Drop,Ciprofloxacin,0.3% w/v,Drops,Torrent Pharmaceuticals Ltd,bottle of 5 ml Eye Drop,11.2,true
Quintor 2mg Infusion,Ciprofloxacin,2mg,Injection,Torrent Pharmaceuticals Ltd,bottle of 100 ml Infusion,18.48,true
Quintor OD 1000mg Tablet,Ciprofloxacin,1000mg,Tablet,Torrent Pharmaceuticals Ltd,strip of 5 tablets,76.5,true
Quintor TZ 500mg/600mg Tablet,Ciprofloxacin + Tinidazole,500mg + 600mg,Tablet,Torrent Pharmaceuticals Ltd,strip of 10 tablets,76.4,true
Qurazit 250mg Capsule,Azithromycin,250mg,Capsule,Marion Biotech,strip of 6 capsules,69.0,true
Qurazit 500mg Capsule,Azithromycin,500mg,Capsule,Marion Biotech,strip of 3 capsules,66.0,true
Qutan 100 Tablet,Quetiapine,100mg,Tablet,Intas Pharmaceuticals Ltd,strip of 10 tablets,110.0,true
Qutan 200 Tablet,Quetiapine,200mg,Tablet,Intas Pharmaceuticals Ltd,strip of 10 tablets,178.0,true
Qutan 25 Tablet,Quetiapine,25mg,Tablet,Intas Pharmaceuticals Ltd,strip of 10 tablets,55.0,true
Qutan 300 Tablet,Quetiapine,300mg,Tablet,Intas Pharmaceuticals Ltd,strip of 10 tablets,277.0,true
Qutan 50 Tablet,Quetiapine,50mg,Tablet,Intas Pharmaceuticals Ltd,strip of 10 tablets,82.5,true
Qutan SR 200 Tablet,Quetiapine,200mg,Tablet,Intas Pharmaceuticals Ltd,strip of 10 Tablet pr,208.0,true
Qutan SR 300 Tablet,Quetiapine,300mg,Tablet,Intas Pharmaceuticals Ltd,strip of 10 Tablet pr,295.0,true
Qutan SR 400 Tablet,Quetiapine,400mg,Tablet,Intas Pharmaceuticals Ltd,strip of 10 Tablet pr,390.0,true
Qutipin 100 Tablet,Quetiapine,100mg,Tablet,Sun Pharmaceutical Industries Ltd,strip of 10 tablets,97.0,true
Qutipin 200 Tablet,Quetiapine,200mg,Tablet,Sun Pharmaceutical Industries Ltd,strip of 10 tablets,166.0,true
Qutipin 25 Tablet,Quetiapine,25mg,Tablet,Sun Pharmaceutical Industries Ltd,strip of 10 tablets,63.0,true
Qutipin 300 Tablet,Quetiapine,300mg,Tablet,Sun Pharmaceutical Industries Ltd,strip of 10 tablets,239.0,true
Qutipin 50 Tablet,Quetiapine,50mg,Tablet,Sun Pharmaceutical Industries Ltd,strip of 10 tablets,80.0,true
Qutipin SR 100 Tablet,Quetiapine,100mg,Tablet,Sun Pharmaceutical Industries Ltd,strip of 10 Tablet pr,102.0,true
Qutipin SR 200 Tablet,Quetiapine,200mg,Tablet,Sun Pharmaceutical Industries Ltd,strip of 10 Tablet pr,173.0,true
Qutipin SR 300 Tablet,Quetiapine,300mg,Tablet,Sun Pharmaceutical Industries Ltd,strip of 10 Tablet pr,235.0,true
Qutipin SR 400 Tablet,Quetiapine,400mg,Tablet,Sun Pharmaceutical Industries Ltd,strip of 10 Tablet pr,306.0,true
Qutipin SR 50 Tablet,Quetiapine,50mg,Tablet,Sun Pharmaceutical Industries Ltd,strip of 10 tablet sr,80.0,true
R Loc D 10mg/150mg Tablet,Domperidone + Ranitidine,10mg + 150mg,Tablet,Zydus Cadila,strip of 15 tablets,19.95,true
R Loc Forte 300mg Tablet,Ranitidine,300mg,Tablet,Zydus Cadila,strip of 15 tablets,24.75,false
R Off 100mg Oral Suspension,Ofloxacin,100mg,Suspension,Renascent,bottle of 60 ml Oral Suspension,54.0,true
R Par Suspension,Aceclofenac + Paracetamol,100mg + 500mg,Suspension,Ravian Pharmaceuticals Ltd,bottle of 60 ml Suspension,25.78,false
R Pril 2.5mg Capsule,Ramipril,2.5mg,Capsule,Biochem Pharmaceutical Industries,strip of 10 capsules,59.28,true
R-Cap-DSR Capsule,Domperidone + Rabeprazole,30mg + 30mg,Capsule,Cappeline Pharmaceuticals Pvt Ltd,strip of 10 capsule sr,88.0,true
R-Cin 300 Capsule,Rifampicin,300mg,Capsule,Lupin Ltd,strip of 10 capsules,47.24,true
R-Cin 450 Capsule,Rifampicin,450mg,Capsule,Lupin Ltd,strip of 10 capsules,61.32,true
R-Cin 600 Capsule,Rifampicin,600mg,Capsule,Lupin Ltd,strip of 3 capsules,25.47,true
R-Cin Capsule,Rifampicin,150mg,Capsule,Lupin Ltd,strip of 10 capsules,23.52,true
R-Cin Suspension,Rifampicin,100mg/5ml,Suspension,Lupin Ltd,bottle of 200 ml Oral Suspension,95.38,true
R-Cinex 100 mg/100 mg Tablet,Rifampicin + Isoniazid,100mg + 100mg,Tablet,Lupin Ltd,strip of 10 tablets,27.9,true
R-Cinex 100mg/50mg Tablet,Rifampicin + Isoniazid,100mg + 50mg,Tablet,Lupin Ltd,strip of 10 tablets,46.25,true
R-Cinex 600 Tablet,Rifampicin + Isoniazid,600mg + 300mg,Tablet,Lupin Ltd,strip of 3 tablets,40.0,true
R-Cinex Capsule,Rifampicin + Isoniazid,450mg + 300mg,Capsule,Lupin Ltd,strip of 10 capsules,103.6,true
R-Cinex E Tablet,Rifampicin + Isoniazid,450mg + 300mg,Tablet,Lupin Ltd,strip of 6 tablets,101.0,true
R-Cinex EZ Tablet,Isoniazid + Rifampicin,150mg + 225mg,Tablet,Lupin Ltd,strip of 6 tablets,74.6,true
R-Cinex Kid Tablet DT,Rifampicin + Isoniazid,100mg + 100mg,Tablet,Lupin Ltd,strip of 10 tablet dt,21.1,true
R-Cinex Suspension,Rifampicin + Isoniazid,,Suspension,Lupin Ltd,bottle of 100 ml Suspension,54.76,true
R-Cinex Z Kid Tablet,Isoniazid + Pyrazinamide,100mg + 50mg,Tablet,Lupin Ltd,strip of 10 tablets,42.35,true
R-Cinex Z Tablet,Isoniazid + Pyrazinamide,150mg + 750mg,Tablet,Lupin Ltd,strip of 2 tablets,16.7,true
R-Loc 150 Tablet,Ranitidine,150mg,Tablet,Zydus Cadila,strip of 30 tablets,40.93,false
R-PD Capsule,Domperidone + Rabeprazole,10mg + 20mg,Capsule,Nexbio Life Sciences,strip of 10 capsules,65.0,true
R-Ppi 20mg Tablet,Rabeprazole,20mg,Tablet,Abbott,strip of 10 tablets,37.0,true
R2-ASP 150 Tablet,Rosuvastatin + Aspirin,10mg + 150mg,Tablet,Abbott,strip of 10 tablets,60.0,true
R2-F 10 Tablet,Fenofibrate + Rosuvastatin,145mg + 10mg,Tablet,Abbott,strip of 10 tablets,310.17,true
R2-F 5 Tablet,Fenofibrate + Rosuvastatin,145mg + 5mg,Tablet,Abbott,strip of 10 tablets,193.77,true
RA Mex 10mg Tablet,Methotrexate,10mg,Tablet,Sun Pharmaceutical Industries Ltd,strip of 10 tablets,150.0,true
RA Mex 15mg Tablet,Methotrexate,15mg,Tablet,Sun Pharmaceutical Industries Ltd,strip of 10 tablets,185.0,true
RA Mex 5mg Tablet,Methotrexate,5mg,Tablet,Sun Pharmaceutical Industries Ltd,strip of 10 tablets,70.0,true
RA Mex 7.5mg Tablet,Methotrexate,7.5mg,Tablet,Sun Pharmaceutical Industries Ltd,strip of 10 tablets,118.0,true
RA Quin 200mg Tablet,Hydroxychloroquine,200mg,Tablet,Sun Pharmaceutical Industries Ltd,strip of 10 tablets,67.5,true
RA Quin 400mg Tablet,Hydroxychloroquine,400mg,Tablet,Sun Pharmaceutical Industries Ltd,strip of 10 tablets,115.0,true
Rabalkem-DSR Capsule,Domperidone + Rabeprazole,10mg + 20mg,Capsule,Alkem Laboratories Ltd,strip of 10 capsule sr,137.0,true
Rabe And Dom Capsule IR,Domperidone + Rabeprazole,10mg + 20mg,Capsule,HAB Pharma,strip of 10 capsule ir,67.0,true
Rabecer D 20mg/20mg Tablet,Domperidone + Rabeprazole,20mg + 20mg,Tablet,Cipla Ltd,strip of 10 tablets,74.75,true
Rabekind-Plus Tablet SR,Levosulpiride + Rabeprazole,75mg + 20mg,Tablet,Mankind Pharma Ltd,strip of 10 tablet sr,188.0,true
Rabeloc RD 30mg/40mg Capsule,Domperidone + Rabeprazole,30mg + 40mg,Capsule,Cadila Pharmaceuticals Ltd,strip of 10 capsules,94.75,true
Rabemac 20mg Injection,Rabeprazole,20mg,Injection,Macleods Pharmaceuticals Pvt Ltd,vial of 10 ml Injection,50.87,true
Rabemac Itr 20 mg/150 mg Tablet,Rabeprazole + Itopride,20mg + 150mg,Tablet,Macleods Pharmaceuticals Pvt Ltd,strip of 10 tablets,96.68,true
Rabemac Mps Syrup,Aluminium Hydroxide + Simethicone,250mg/5ml + 50mg/5ml,Syrup,Macleods Pharmaceuticals Pvt Ltd,bottle of 200 ml Syrup,88.0,false
Rabemed D 30 mg/20 mg Tablet,Domperidone + Rabeprazole,30mg + 20mg,Tablet,Torrent Pharmaceuticals Ltd,strip of 10 tablets,57.41,true
Rabepraz D 10mg/20mg Tablet,Domperidone + Rabeprazole,10mg + 20mg,Tablet,Ikon Remedies Pvt Ltd,strip of 10 tablets,64.5,true
Rabepraz DM 30mg/20mg Tablet,Domperidone + Rabeprazole,30mg + 20mg,Tablet,Ikon Remedies Pvt Ltd,strip of 10 tablets,79.5,true
Rabesec AP 200mg/20mg Capsule SR,Aceclofenac + Rabeprazole,200mg + 20mg,Capsule,Cipla Ltd,strip of 10 capsule sr,150.0,true
Rabesec-D Tablet,Domperidone + Rabeprazole,10mg + 20mg,Tablet,Cipla Ltd,strip of 10 tablets,112.0,true
Rabezac L 75mg/20mg Tablet SR,Levosulpiride + Rabeprazole,75mg + 20mg,Tablet,Sun Pharmaceutical Industries Ltd,strip of 10 tablet sr,160.0,true
Rabicip-IV Injection,Rabeprazole,20mg,Injection,Cipla Ltd,vial of 2.5 ml Injection,126.01,true
Rabicor DSR Capsule,Domperidone + Rabeprazole,10mg + 10mg,Capsule,Corona Remedies Pvt Ltd,strip of 10 capsule sr,68.75,true
Rabiloz D 10 mg/20 mg Capsule,Domperidone + Rabeprazole,10mg + 20mg,Capsule,Torrent Pharmaceuticals Ltd,strip of 10 capsules,63.32,true
Rabimed D 30mg/20mg Tablet,Domperidone + Rabeprazole,30mg + 20mg,Tablet,Medley Pharmaceuticals,strip of 10 tablets,60.0,true
Rabin-DXR Capsule SR,Domperidone + Rabeprazole,20mg + 20mg,Capsule,Invision Medi Sciences Pvt Ltd,strip of 10 capsule sr,67.02,true
Rabium 10 Tablet,Rabeprazole,10mg,Tablet,Intas Pharmaceuticals Ltd,strip of 10 tablets,24.0,true
Rabium 40 Tablet,Rabeprazole,40mg,Tablet,Intas Pharmaceuticals Ltd,strip of 10 tablets,193.0,true
Rabium Plus Capsule PR,Rabeprazole + Itopride,20mg + 150mg,Capsule,Intas Pharmaceuticals Ltd,strip of 10 capsule pr,273.0,true
Rabiwok D 20mg/20mg Tablet,Domperidone + Rabeprazole,20mg + 20mg,Tablet,Wockhardt Ltd,strip of 10 tablets,85.3,true
Rabizena D 10mg/20mg Tablet,Domperidone + Rabeprazole,10mg + 20mg,Tablet,Elder Pharmaceuticals Ltd,strip of 10 tablets,90.0,true
Rablet 10 Tablet,Rabeprazole,10mg,Tablet,Lupin Ltd,strip of 15 tablets,109.5,true
Rablet 20 Tablet,Rabeprazole,20mg,Tablet,Lupin Ltd,strip of 15 tablets,172.6,true
Rablet 40 Tablet,Rabeprazole,40mg,Tablet,Lupin Ltd,strip of 15 tablets,317.3,true
Rablet D 40 Capsule SR,Domperidone + Rabeprazole,30mg + 40mg,Capsule,Lupin Ltd,strip of 10 capsule sr,211.5,true
Rablet D Capsule SR,Domperidone + Rabeprazole,30mg + 20mg,Capsule,Lupin Ltd,strip of 15 capsule sr,274.5,true
Rablet D Capsule SR,Domperidone + Rabeprazole,30mg + 20mg,Capsule,Lupin Ltd,strip of 10 capsule sr,183.0,true
Rablet IT Capsule PR,Rabeprazole + Itopride,20mg + 150mg,Capsule,Lupin Ltd,strip of 10 capsule pr,269.5,true
Rablet IV Injection,Rabeprazole,20mg,Injection,Lupin Ltd,vial of 1 Injection,137.3,true
Rablet L 75mg/40mg Capsule PR,Levosulpiride + Rabeprazole,75mg + 40mg,Capsule,Lupin Ltd,strip of 10 capsule pr,304.3,true
Rablet L Capsule PR,Levosulpiride + Rabeprazole,75mg + 20mg,Capsule,Lupin Ltd,strip of 10 capsule pr,260.1,true
Rablet Z 20mg/75mg Capsule,Rabeprazole + Zinc Carnosine,20mg + 75mg,Capsule,Lupin Ltd,strip of 10 capsules,99.6,true
Rabozec D 30 mg/20 mg Tablet,Domperidone + Rabeprazole,30mg + 20mg,Tablet,Micro Labs Ltd,strip of 10 tablets,70.0,true
Race A 5 mg/2.5 mg Capsule,Amlodipine + Ramipril,5mg + 2.5mg,Capsule,Alkem Laboratories Ltd,strip of 10 capsules,67.37,true
Race H 2.5mg/12.5mg Tablet,Ramipril + Hydrochlorothiazide,2.5mg + 12.5mg,Tablet,Alkem Laboratories Ltd,strip of 10 tablets,82.5,true
Raciper 20 Tablet,Esomeprazole,20mg,Tablet,Sun Pharmaceutical Industries Ltd,strip of 15 tablets,85.0,true
Raciper 30mg Tablet,Esomeprazole,30mg,Tablet,Sun Pharmaceutical Industries Ltd,strip of 30 tablets,102.0,true
Raciper 40 Tablet,Esomeprazole,40mg,Tablet,Sun Pharmaceutical Industries Ltd,strip of 15 tablets,139.0,true
Raciper 40mg Tablet,Esomeprazole,40mg,Tablet,Sun Pharmaceutical Industries Ltd,strip of 10 tablets,107.0,true
Raciper D 20 Capsule SR,Domperidone + Esomeprazole,30mg + 20mg,Capsule,Sun Pharmaceutical Industries Ltd,strip of 10 capsule sr,64.0,true
Raciper D 40 Capsule SR,Domperidone + Esomeprazole,30mg + 40mg,Capsule,Sun Pharmaceutical Industries Ltd,strip of 15 capsule sr,238.0,true
Raciper IT 40 mg/150 mg Capsule,Esomeprazole + Itopride,40mg + 150mg,Capsule,Sun Pharmaceutical Industries Ltd,strip of 10 capsules,104.4,true
Raciper IV Injection,Esomeprazole,40mg,Injection,Sun Pharmaceutical Industries Ltd,vial of 5 ml Injection,94.5,true
Raciper Plus Capsule SR,Levosulpiride + Esomeprazole,75mg + 40mg,Capsule,Sun Pharmaceutical Industries Ltd,strip of 10 capsule sr,254.0,true
Radizole D 10 mg/20 mg Tablet,Domperidone + Omeprazole,10mg + 20mg,Tablet,Alembic Pharmaceuticals Ltd,strip of 10 tablets,66.07,true
Rafilon RD Tablet,Domperidone + Omeprazole,10mg + 20mg,Tablet,Alkem Laboratories Ltd,strip of 10 tablets,51.0,true
Ramcor 10 Capsule,Ramipril,10mg,Capsule,Ipca Laboratories Ltd,strip of 10 capsules,223.65,true
Ramey 1.25mg Capsule,Ramipril,1.25mg,Capsule,Zydus Cadila,strip of 10 capsules,29.0,true
Ramey 2.5mg Capsule,Ramipril,2.5mg,Capsule,Zydus Cadila,strip of 10 capsules,49.9,true
Ramey 5mg Capsule,Ramipril,5mg,Capsule,Zydus Cadila,strip of 10 capsules,82.5,true
Ramipres 1.25 Tablet,Ramipril,1.25mg,Tablet,Cipla Ltd,strip of 10 tablets,57.09,true
Ramipres 10 Tablet,Ramipril,10mg,Tablet,Cipla Ltd,strip of 10 tablets,214.95,true
Ramipres 2.5 Tablet,Ramipril,2.5mg,Tablet,Cipla Ltd,strip of 10 tablets,61.75,true
Ramipres 5 Tablet,Ramipril,5mg,Tablet,Cipla Ltd,strip of 10 tablets,97.44,true
Ramipres-H Tablet,Ramipril + Hydrochlorothiazide,2.5mg + 12.5mg,Tablet,Cipla Ltd,strip of 10 tablets,121.78,true
Ramiril 1.25mg Capsule,Ramipril,1.25mg,Capsule,Micro Labs Ltd,strip of 10 capsules,24.6,true
Ramiril 10mg Capsule,Ramipril,10mg,Capsule,Micro Labs Ltd,strip of 10 capsules,87.07,true
Ramiril 2.5mg Capsule,Ramipril,2.5mg,Capsule,Micro Labs Ltd,strip of 10 capsules,69.96,true
Ramiril 5mg Capsule,Ramipril,5mg,Capsule,Micro Labs Ltd,strip of 10 capsules,81.96,true
Ramiril H 5mg/12.5mg Capsule,Ramipril + Hydrochlorothiazide,5mg + 12.5mg,Capsule,Micro Labs Ltd,strip of 10 capsules,62.86,true
Ramistar 1.25 Tablet,Ramipril,1.25mg,Tablet,Lupin Ltd,strip of 15 tablets,101.9,true
Ramistar 10 Tablet,Ramipril,10mg,Tablet,Lupin Ltd,strip of 15 tablets,373.4,true
Ramistar 2.5 Tablet,Ramipril,2.5mg,Tablet,Lupin Ltd,strip of 15 tablets,91.72,true
Ramistar 5 Tablet,Ramipril,5mg,Tablet,Lupin Ltd,strip of 15 tablets,145.43,true
Ramistar-A 2.5 Tablet,Amlodipine + Ramipril,5mg + 2.5mg,Tablet,Lupin Ltd,strip of 10 tablets,77.3,true
Ramistar-AM 2.5 Tablet,Amlodipine + Ramipril,5mg + 2.5mg,Tablet,Lupin Ltd,strip of 15 tablets,140.15,true
Ramistar-AM 5 Tablet,Amlodipine + Ramipril,5mg + 5mg,Tablet,Lupin Ltd,strip of 15 tablets,244.5,true
Ramistar-H 10 Tablet,Ramipril + Hydrochlorothiazide,10mg + 12.5mg,Tablet,Lupin Ltd,strip of 15 tablets,358.0,true
Ramistar-H 2.5 Tablet,Ramipril + Hydrochlorothiazide,2.5mg + 12.5mg,Tablet,Lupin Ltd,strip of 15 tablets,195.15,true
Ramistar-H 5 Tablet,Ramipril + Hydrochlorothiazide,5mg + 12.5mg,Tablet,Lupin Ltd,strip of 15 tablets,292.95,true
Ramistar-M 25mg/2.5mg Tablet XL,Metoprolol Succinate + Ramipril,25mg + 2.5mg,Tablet,Lupin Ltd,strip of 10 tablet xl,184.7,true
Ramistar-M XL 50 Tablet,Metoprolol Succinate + Ramipril,50mg + 5mg,Tablet,Lupin Ltd,strip of 10 tablet er,313.3,true
Ranci T 20mg/40mg Tablet,Cilnidipine + Telmisartan,20mg + 40mg,Tablet,Sun Pharmaceutical Industries Ltd,strip of 10 tablets,128.0,true
Ranci Trio 20 Tablet,Telmisartan + Cilnidipine,40mg + 20mg,Tablet,Sun Pharmaceutical Industries Ltd,strip of 10 tablets,140.0,true
Rancold 5 mg/500 mg/60 mg Tablet,Chlorpheniramine Maleate + Paracetamol,5mg + 500mg,Tablet,Sun Pharmaceutical Industries Ltd,strip of 10 tablets,11.0,false
Ranidom NF 15mg/10mg Tablet,Domperidone + Omeprazole,15mg + 10mg,Tablet,Mankind Pharma Ltd,strip of 20 tablets,81.32,true
Ranidom ON 2mg Injection,Ondansetron,2mg,Injection,Mankind Pharma Ltd,vial of 2 ml Injection,11.87,true
Ranidom PD 75mg/5ml Syrup,Ranitidine,75mg/5ml,Syrup,Mankind Pharma Ltd,bottle of 100 ml Syrup,83.07,false
Ranidom Suspension,Domperidone + Magaldrate,10mg + 540mg,Suspension,Mankind Pharma Ltd,bottle of 170 ml Suspension,99.0,true
Ranidom Tablet,Domperidone + Omeprazole,15mg + 10mg,Tablet,Mankind Pharma Ltd,strip of 20 tablets,73.93,true
Ranidom- RD Tablet,Domperidone + Esomeprazole,15mg + 20mg,Tablet,Mankind Pharma Ltd,strip of 10 tablets,49.9,true
Ranidom-MPS Oral Suspension Cardamom Sugar Free,Magaldrate + Simethicone,400mg/5ml + 60mg/5ml,Suspension,Mankind Pharma Ltd,bottle of 170 ml Oral Suspension,108.9,false
Ranidom-O Oral Suspension Orange Sugar Free,Magaldrate + Simethicone,540mg + 20mg,Suspension,Mankind Pharma Ltd,bottle of 200 ml Oral Suspension,155.0,false
Ranidom-O Tablet,Domperidone + Esomeprazole,10mg + 20mg,Tablet,Mankind Pharma Ltd,strip of 10 tablets,53.14,true
Ranitas DC 10 mg/150 mg Tablet,Dicyclomine + Ranitidine,10mg + 150mg,Tablet,Intas Pharmaceuticals Ltd,strip of 10 tablets,5.77,false
Ranitas DM 10 mg/150 mg Tablet,Domperidone + Ranitidine,10mg + 150mg,Tablet,Intas Pharmaceuticals Ltd,strip of 10 tablets,5.93,true
Ranitin 300 Tablet,Ranitidine,300mg,Tablet,Torrent Pharmaceuticals Ltd,strip of 20 tablets,34.7,false
Ranitin 300 Tablet,Ranitidine,300mg,Tablet,Torrent Pharmaceuticals Ltd,strip of 10 tablets,17.35,false
Ranolaz 500 Tablet ER,Ranolazine,500mg,Tablet,Torrent Pharmaceuticals Ltd,strip of 15 tablet er,249.6,true
Ranolaz 500mg Tablet SR,Ranolazine,500mg,Tablet,Torrent Pharmaceuticals Ltd,strip of 10 tablet sr,166.4,true
Ranolaz OD Tablet ER,Ranolazine,1000mg,Tablet,Torrent Pharmaceuticals Ltd,strip of 10 tablet er,272.4,true
Ranolaz Tablet SR,Ranolazine,500mg,Tablet,Torrent Pharmaceuticals Ltd,strip of 15 tablet sr,249.6,true
Ranozex 1000mg Tablet ER,Ranolazine,1000mg,Tablet,Sun Pharmaceutical Industries Ltd,strip of 10 tablet er,170.0,true
Ranozex 1gm Tablet ER,Ranolazine,1000mg,Tablet,Sun Pharmaceutical Industries Ltd,strip of 10 tablet er,170.0,true
Ranozex Tablet ER,Ranolazine,500mg,Tablet,Sun Pharmaceutical Industries Ltd,strip of 10 tablet er,168.0,true
Ranpon Syrup,Cyproheptadine + Tricholine Citrate,,Syrup,Sun Pharmaceutical Industries Ltd,bottle of 200 ml Syrup,35.0,false
Ransulide Plus Syrup,Nimesulide + Paracetamol,,Syrup,Sun Pharmaceutical Industries Ltd,bottle of 60 ml Syrup,10.1,false
Ransulide Plus Tablet,Nimesulide + Paracetamol,,Tablet,Sun Pharmaceutical Industries Ltd,strip of 10 tablets,5.47,false
Rantac 150 Tablet,Ranitidine,150mg,Tablet,J B Chemicals and Pharmaceuticals Ltd,strip of 30 tablets,40.75,false
Rapeed 10mg Tablet,Rabeprazole,10mg,Tablet,Alkem Laboratories Ltd,strip of 10 tablets,38.02,true
Rapeed 40mg Tablet,Rabeprazole,40mg,Tablet,Alkem Laboratories Ltd,strip of 10 tablets,56.18,true
Rapeed IT 20mg/150mg Capsule,Rabeprazole + Itopride,20mg + 150mg,Capsule,Alkem Laboratories Ltd,strip of 10 capsules,120.0,true
Rapeed L Capsule SR,Levosulpiride + Rabeprazole,75mg + 20mg,Capsule,Alkem Laboratories Ltd,strip of 10 capsule sr,240.5,true
Rapiclav Forte Dry Syrup,Amoxycillin + Clavulanic Acid,400mg + 57mg,Syrup,Ipca Laboratories Ltd,bottle of 30 ml Dry Syrup,129.95,true
Rapitus LS Syrup,Ambroxol + Levosalbutamol,30mg + 1mg,Syrup,Macleods Pharmaceuticals Pvt Ltd,bottle of 100 ml Syrup,95.7,true
Ratio 10mg Tablet,Serratiopeptidase,10mg,Tablet,Intas Pharmaceuticals Ltd,strip of 10 tablets,62.5,false
Ratio D 50mg/10mg Tablet,Diclofenac + Serratiopeptidase,50mg + 10mg,Tablet,Intas Pharmaceuticals Ltd,strip of 10 tablets,102.0,false
Raxit 10mg Tablet,Paroxetine,10mg,Tablet,Sun Pharmaceutical Industries Ltd,strip of 10 tablets,70.0,true
Raxit 20mg Tablet,Paroxetine,20mg,Tablet,Sun Pharmaceutical Industries Ltd,strip of 10 tablets,100.0,true
RAXIT 30MG TABLET,Paroxetine,30mg,Tablet,Sun Pharmaceutical Industries Ltd,strip of 10 tablets,114.89,true
Raxitid 150mg Tablet,Roxithromycin,150mg,Tablet,Sun Pharmaceutical Industries Ltd,strip of 10 tablets,162.0,true
Raxitid 50mg Suspension,Roxithromycin,50mg,Suspension,Sun Pharmaceutical Industries Ltd,bottle of 30 ml Suspension,57.0,true
Razel-F 10 Tablet,Fenofibrate + Rosuvastatin,67mg + 10mg,Tablet,Glenmark Pharmaceuticals Ltd,strip of 15 tablets,424.0,true
Razel-F5 Tablet,Fenofibrate + Rosuvastatin,67mg + 5mg,Tablet,Glenmark Pharmaceuticals Ltd,strip of 15 tablets,266.5,true
Razo Easy Sachet,Rabeprazole,20mg,Powder,Dr Reddy's Laboratories Ltd,sachet of 3 gm Powder for Oral Suspension,22.62,true
Razo IR 20mg/150mg Tablet,Rabeprazole + Itopride,20mg + 150mg,Tablet,Dr Reddy's Laboratories Ltd,strip of 10 tablets,75.0,true
Razo Plus D 10mg/20mg Capsule SR,Domperidone + Rabeprazole,10mg + 20mg,Capsule,Precise Lifescience,strip of 10 capsule sr,73.0,true
RB Care DM 10 mg/20 mg Tablet,Domperidone + Rabeprazole,10mg + 20mg,Tablet,Zee Laboratories,strip of 10 tablets,59.0,true
RB FLEX 400MG TABLET,Pentoxifylline,400mg,Tablet,Torrent Pharmaceuticals Ltd,strip of 10 tablets,27.11,false
RB Pride Tablet,Levosulpiride + Rabeprazole,75mg + 20mg,Tablet,Medley Pharmaceuticals,strip of 10 tablets,188.5,true
Rb-Mox CL Dry Syrup,Amoxycillin + Clavulanic Acid,200mg/5ml + 28.5mg/5ml,Suspension,Bi-Cure Remedies,bottle of 30 ml Oral Suspension,60.48,true
RD 20mg/20mg Capsule SR,Domperidone + Rabeprazole,20mg + 20mg,Capsule,Clox Pharma Pvt Ltd,strip of 10 capsule sr,75.0,true
RE Tride 50mg Tablet,Itopride,50mg,Tablet,Torrent Pharmaceuticals Ltd,strip of 10 tablets,38.0,false
Reactin 100 SR Tablet,Diclofenac,100mg,Tablet,Cipla Ltd,strip of 10 Tablet pr,61.5,false
Reactin 100 SR Tablet,Diclofenac,100mg,Tablet,Cipla Ltd,strip of 15 Tablet pr,101.0,false
Reactin 50 Tablet,Diclofenac,50mg,Tablet,Cipla Ltd,strip of 10 tablets,23.63,false
Reactin 50mg Tablet DT,Diclofenac,50mg,Tablet,Cipla Ltd,strip of 10 tablet dt,23.63,false
Reactin Gel,Diclofenac,,Gel,Cipla Ltd,tube of 30 gm Gel,10.68,false
Reactin Plus Tablet,Diclofenac + Paracetamol,50mg + 325mg,Tablet,Cipla Ltd,strip of 10 tablets,26.0,false
Reactin PM Tablet,Diclofenac + Paracetamol,,Tablet,Cipla Ltd,strip of 10 tablets,4.87,false
Rebozen-D 10mg/20mg Tablet,Domperidone + Rabeprazole,10mg + 20mg,Tablet,Leeford Healthcare Ltd,strip of 10 tablets,68.0,true
Recita LD 0.25mg/5mg Tablet,Clonazepam + Escitalopram Oxalate,0.25mg + 5mg,Tablet,Ipca Laboratories Ltd,strip of 10 tablets,57.0,true
Reclide -XR 60 Tablet,Gliclazide,60mg,Tablet,Dr Reddy's Laboratories Ltd,strip of 15 tablet er,216.75,true
Reclide -XR 60 Tablet,Gliclazide,60mg,Tablet,Dr Reddy's Laboratories Ltd,strip of 14 tablet er,216.75,true
Reclide 40 Tablet,Gliclazide,40mg,Tablet,Dr Reddy's Laboratories Ltd,strip of 15 tablets,65.0,true
Reclide MR 30 Tablet,Gliclazide,30mg,Tablet,Dr Reddy's Laboratories Ltd,strip of 10 tablet mr,89.5,true
Reclide MR 60 Tablet,Gliclazide,60mg,Tablet,Dr Reddy's Laboratories Ltd,strip of 10 tablet mr,135.25,true
Reclide Tablet,Gliclazide,80mg,Tablet,Dr Reddy's Laboratories Ltd,strip of 15 tablets,109.25,true
Reclide XR 120 Tablet,Gliclazide,120mg,Tablet,Dr Reddy's Laboratories Ltd,strip of 15 tablet er,375.0,true
Reclide XR 90 Tablet,Gliclazide,90mg,Tablet,Dr Reddy's Laboratories Ltd,strip of 15 tablet er,270.0,true
Reclimet MR Tablet,Gliclazide + Metformin,80mg + 500mg,Tablet,Dr Reddy's Laboratories Ltd,strip of 15 tablet mr,61.47,true
Reclimet OD 30 Tablet ER,Gliclazide + Metformin,30mg + 500mg,Tablet,Dr Reddy's Laboratories Ltd,strip of 15 tablet mr,129.5,true
Reclimet Tablet,Gliclazide + Metformin,80mg + 500mg,Tablet,Dr Reddy's Laboratories Ltd,strip of 15 tablets,211.52,true
Reclimet-XR Forte Tablet,Gliclazide + Metformin,60mg + 1000mg,Tablet,Dr Reddy's Laboratories Ltd,strip of 15 tablet er,263.0,true
Reclimet-XR Tablet,Gliclazide + Metformin,60mg + 500mg,Tablet,Dr Reddy's Laboratories Ltd,strip of 14 tablet xr,276.0,true
Recobal M Capsule,Methylcobalamin + Pregabalin,75mg,Capsule,Wockhardt Ltd,strip of 10 capsules,89.5,true
Rednisol 8 Tablet,Methylprednisolone,8mg,Tablet,Leeford Healthcare Ltd,strip of 10 tablets,55.85,true
Rednisol S 1000mg Injection,Methylprednisolone,1000mg,Injection,Leeford Healthcare Ltd,vial of 20 ml Injection,780.0,true
Rednisol-A 80 Injection,Methylprednisolone,40mg/ml,Injection,Leeford Healthcare Ltd,vial of 2 ml Injection,118.0,true
Refzil O 250mg Tablet,Cefprozil,250mg,Tablet,Sun Pharmaceutical Industries Ltd,strip of 10 tablets,650.0,true
Refzil O 500mg Tablet,Cefprozil,500mg,Tablet,Sun Pharmaceutical Industries Ltd,strip of 6 tablets,650.0,true
Refzil O 50mg Drop,Cefprozil,50mg,Drops,Sun Pharmaceutical Industries Ltd,packet of 10 ml Drop,160.0,true
Refzil O Oral Suspension,Cefprozil,125mg/5ml,Suspension,Sun Pharmaceutical Industries Ltd,bottle of 30 ml Oral Suspension,172.0,true
Regan 0.5mg Tablet,Repaglinide,0.5mg,Tablet,Sun Pharmaceutical Industries Ltd,strip of 10 tablets,29.0,true
Regan 10mg Tablet,Promethazine,10mg,Tablet,Sun Pharmaceutical Industries Ltd,strip of 10 tablets,9.86,false
Regan 1mg Tablet,Repaglinide,1mg,Tablet,Sun Pharmaceutical Industries Ltd,strip of 10 tablets,48.0,true
Regan 2mg Tablet,Repaglinide,2mg,Tablet,Sun Pharmaceutical Industries Ltd,strip of 10 tablets,80.01,true
Regestrone 5mg Tablet,Norethisterone,5mg,Tablet,Torrent Pharmaceuticals Ltd,strip of 10 tablets,57.3,true
Regestrone CR 10mg Tablet,Norethisterone,10mg,Tablet,Torrent Pharmaceuticals Ltd,strip of 10 tablet cr,204.0,true
Regestrone CR 15mg Tablet,Norethisterone,15mg,Tablet,Torrent Pharmaceuticals Ltd,strip of 5 tablet cr,119.3,true
Rekool 40-D Capsule SR,Domperidone + Rabeprazole,30mg + 40mg,Capsule,Alembic Pharmaceuticals Ltd,strip of 10 capsule sr,181.0,true
Rekool 40-L Tablet SR,Levosulpiride + Rabeprazole,75mg + 40mg,Tablet,Alembic Pharmaceuticals Ltd,strip of 10 tablet sr,314.8,true
Rekool-L 25 Tablet,Levosulpiride + Rabeprazole,25mg + 20mg,Tablet,Alembic Pharmaceuticals Ltd,strip of 15 tablets,291.5,true
Rekool-L 75mg/10mg Tablet SR,Levosulpiride + Rabeprazole,75mg + 10mg,Tablet,Alembic Pharmaceuticals Ltd,strip of 10 tablet sr,271.65,true
Rekool-L Tablet SR,Levosulpiride + Rabeprazole,75mg + 20mg,Tablet,Alembic Pharmaceuticals Ltd,strip of 10 tablet sr,271.65,true
Relanac Plus 50mg/5ml/125mg/5ml Syrup,Aceclofenac + Paracetamol,50mg/5ml + 125mg/5ml,Syrup,Lupin Ltd,bottle of 60 ml Syrup,40.32,false
Relent Cold Oral Drops Orange,Chlorpheniramine Maleate + Phenylephrine,2mg/ml + 5mg/ml,Drops,Dr Reddy's Laboratories Ltd,bottle of 15 ml Oral Drops,68.0,false
Relent-OD Capsule SR,Levocetirizine + Ambroxol,5mg + 75mg,Capsule,Dr Reddy's Laboratories Ltd,strip of 10 capsule sr,93.0,false
Rem CC LM Syrup,Levocetirizine + Montelukast,,Syrup,Karnataka Antibiotics & Pharmaceuticals Ltd,bottle of 30 ml Syrup,35.0,true
Remipex 0.125mg Tablet,Pramipexole,0.125mg,Tablet,Torrent Pharmaceuticals Ltd,strip of 10 tablets,26.35,true
Remipex 0.25mg Tablet,Pramipexole,0.25mg,Tablet,Torrent Pharmaceuticals Ltd,strip of 10 tablets,46.4,true
Remipex 0.5mg Tablet,Pramipexole,0.5mg,Tablet,Torrent Pharmaceuticals Ltd,strip of 10 tablets,75.86,true
Remipex 1.5mg Tablet,Pramipexole,1.5mg,Tablet,Torrent Pharmaceuticals Ltd,strip of 10 tablets,162.56,true
Remipex 1mg Tablet,Pramipexole,1mg,Tablet,Torrent Pharmaceuticals Ltd,strip of 10 tablets,124.33,true
Remtrex 2.5mg Tablet,Methotrexate,2.5mg,Tablet,Alkem Laboratories Ltd,strip of 10 tablets,42.96,true
Remulide Gel,Nimesulide,10mg/gm,Gel,Zydus Cadila,tube of 20 gm Gel,28.26,false
Renvorab 30mg/40mg Tablet,Domperidone + Rabeprazole,30mg + 40mg,Tablet,Leeford Healthcare Ltd,strip of 10 tablets,120.0,true
Renvorab D 30mg/40mg Capsule SR,Domperidone + Rabeprazole,30mg + 40mg,Capsule,Leeford Healthcare Ltd,strip of 10 capsule sr,120.0,true
Repace 100 Tablet,Losartan,100mg,Tablet,Sun Pharmaceutical Industries Ltd,strip of 10 tablets,163.0,true
Repace 25 Tablet,Losartan,25mg,Tablet,Sun Pharmaceutical Industries Ltd,strip of 10 tablets,45.0,true
Repace 50 Tablet,Losartan,50mg,Tablet,Sun Pharmaceutical Industries Ltd,strip of 10 tablets,79.0,true
Repace A Tablet,Losartan + Amlodipine,25mg + 5mg,Tablet,Sun Pharmaceutical Industries Ltd,strip of 10 tablets,89.0,true
Repace AF Tablet,Losartan + Amlodipine,50mg + 5mg,Tablet,Sun Pharmaceutical Industries Ltd,strip of 10 tablets,138.0,true
Repace H Tablet,Losartan + Hydrochlorothiazide,50mg + 12.5mg,Tablet,Sun Pharmaceutical Industries Ltd,strip of 10 tablets,143.0,true
Resner 500mcg Injection,Methylcobalamin,500mcg,Injection,Lupin Ltd,vial of 1 ml Injection,20.28,true
Restyl Forte 0.5 mg/50 mg Tablet,Alprazolam + Sertraline,0.5mg + 50mg,Tablet,Cipla Ltd,strip of 10 tablets,39.25,true
Restyl Plus 0.5 mg/25 mg Tablet,Alprazolam + Sertraline,0.5mg + 25mg,Tablet,Cipla Ltd,strip of 10 tablets,31.3,true
Retoz-MR 8 Tablet,Etoricoxib + Thiocolchicoside,60mg + 8mg,Tablet,Dr Reddy's Laboratories Ltd,strip of 10 tablets,372.5,true
Retrozole AP 100mg/325mg/20mg Capsule,Aceclofenac + Paracetamol,100mg + 325mg,Capsule,Ridhima Biocare,strip of 10 capsules,70.0,false
Revas-AM 2.5 Tablet,Losartan + Amlodipine,25mg + 2.5mg,Tablet,Alembic Pharmaceuticals Ltd,strip of 10 tablets,65.0,true
Revelol-AM 50/5 Tablet PR,Amlodipine + Metoprolol Succinate,5mg + 47.5mg,Tablet,Ipca Laboratories Ltd,strip of 15 Tablet pr,194.0,true
Revodol 100mg Tablet SR,Tramadol,100mg,Tablet,Torrent Pharmaceuticals Ltd,strip of 10 tablet sr,130.0,true
Revodol 37.5mg Tablet,Tramadol,37.5mg,Tablet,Torrent Pharmaceuticals Ltd,strip of 10 tablets,77.96,true
Revodol 50mg Tablet SR,Tramadol,50mg,Tablet,Torrent Pharmaceuticals Ltd,strip of 10 tablet sr,68.25,true
Revodol Plus 325 mg/37.5 mg Tablet,Paracetamol/Acetaminophen + Tramadol,325mg + 37.5mg,Tablet,Torrent Pharmaceuticals Ltd,strip of 10 tablets,51.23,true
Revodol Spas 20 mg/500 mg/37.5 mg Tablet,Dicyclomine + Paracetamol,20mg + 500mg,Tablet,Torrent Pharmaceuticals Ltd,strip of 10 tablets,89.35,false
Revotaz 1000mg/125mg Injection,Piperacillin + Tazobactum,1000mg + 125mg,Injection,Alkem Laboratories Ltd,vial of 5 ml Injection,89.83,true
Revotaz 2000mg/250mg Injection,Piperacillin + Tazobactum,2000mg + 250mg,Injection,Alkem Laboratories Ltd,vial of 10 ml Injection,161.16,true
Revotaz 4000 mg/500 mg Injection,Piperacillin + Tazobactum,4000mg + 500mg,Injection,Alkem Laboratories Ltd,vial of 1 gm Injection,446.94,true
Revotaz Trio 1000 mg/125 mg Injection,Piperacillin + Tazobactum,1000mg + 125mg,Injection,Alkem Laboratories Ltd,vial of 1 Injection,239.63,true
Revotaz Trio 4000mg/500mg Injection,Piperacillin + Tazobactum,4000mg + 500mg,Injection,Alkem Laboratories Ltd,vial of 1 Injection,572.67,true
Rexcof DX Syrup,Chlorpheniramine Maleate + Dextromethorphan Hydrobromide,2mg/5ml + 10mg/5ml,Syrup,Cipla Ltd,bottle of 100 ml Syrup,116.55,false
Rexdase AP 100mg/375mg Tablet,Aceclofenac + Paracetamol,100mg + 375mg,Tablet,Trireme Life Sciences Pvt Ltd,strip of 10 tablets,45.0,false
Rexigut 100mg/5ml Oral Suspension,Rifaximin,100mg/5ml,Suspension,Leeford Healthcare Ltd,bottle of 60 ml Oral Suspension,140.0,true
Rexipra 10 Tablet,Escitalopram Oxalate,10mg,Tablet,Intas Pharmaceuticals Ltd,strip of 10 tablets,100.69,true
Rexipra 15 Tablet,Escitalopram Oxalate,15mg,Tablet,Intas Pharmaceuticals Ltd,strip of 10 tablets,143.5,true
Rexipra 20 Tablet,Escitalopram Oxalate,20mg,Tablet,Intas Pharmaceuticals Ltd,strip of 10 tablets,159.15,true
Rexipra 5 Tablet,Escitalopram Oxalate,5mg,Tablet,Intas Pharmaceuticals Ltd,strip of 10 tablets,56.67,true
Rexipra Forte Tablet,Clonazepam + Escitalopram Oxalate,0.5mg + 10mg,Tablet,Intas Pharmaceuticals Ltd,strip of 10 tablets,164.0,true
Rexipra FX 10 Tablet,Flupenthixol + Escitalopram Oxalate,0.5mg + 10mg,Tablet,Intas Pharmaceuticals Ltd,strip of 10 tablets,104.0,true
Rexipra FX 5 Tablet,Flupenthixol + Escitalopram Oxalate,0.5mg + 5mg,Tablet,Intas Pharmaceuticals Ltd,strip of 10 tablets,65.0,true
Rexipra Lite Tablet,Clonazepam + Escitalopram Oxalate,0.25mg + 5mg,Tablet,Intas Pharmaceuticals Ltd,strip of 15 tablets,162.0,true
Rexipra LS Tablet,Clonazepam + Escitalopram Oxalate,0.25mg + 10mg,Tablet,Intas Pharmaceuticals Ltd,strip of 10 tablets,143.0,true
Rexipra Plus Tablet,Clonazepam + Escitalopram Oxalate,0.5mg + 5mg,Tablet,Intas Pharmaceuticals Ltd,strip of 10 tablets,104.0,true
Rhinorest Plus Oral Suspension,Cetirizine + Paracetamol,2.5mg/5ml + 125mg/5ml,Suspension,Ikon Remedies Pvt Ltd,bottle of 60 ml Oral Suspension,58.95,false
Rhinorest Suspension,Chlorpheniramine Maleate + Phenylephrine,2mg + 5mg,Suspension,Ikon Remedies Pvt Ltd,bottle of 60 ml Suspension,44.95,false
Rhinowell DS Oral Suspension,Chlorpheniramine Maleate + Paracetamol,2mg + 250mg,Suspension,Ridhima Biocare,bottle of 60 ml Oral Suspension,55.0,false
Rhinowell Plus Syrup,Cetirizine + Paracetamol,2.5mg + 250mg,Syrup,Ridhima Biocare,bottle of 60 ml Syrup,55.0,false
Rhinowell Syrup,Cetirizine + Paracetamol,2.5mg + 125mg,Syrup,Ridhima Biocare,bottle of 60 ml Syrup,45.0,false
Rid SP 50mg/10mg Tablet,Diclofenac + Serratiopeptidase,50mg + 10mg,Tablet,Sun Pharmaceutical Industries Ltd,strip of 10 tablets,55.0,false
Rid-AR Kid 2.5mg/4mg Tablet,Levocetirizine + Montelukast,2.5mg + 4mg,Tablet,Cipla Ltd,strip of 10 tablets,107.08,true
Rid-AR Kid Syrup,Levocetirizine + Montelukast,2.5mg/5ml + 4mg/5ml,Syrup,Cipla Ltd,bottle of 30 ml Syrup,67.34,true
Rid-AR Tablet,Levocetirizine + Montelukast,5mg + 10mg,Tablet,Cipla Ltd,strip of 15 tablets,299.47,true
Ridazin 10 Tablet,Thioridazine,10mg,Tablet,Sun Pharmaceutical Industries Ltd,strip of 10 tablets,27.0,false
Ridazin 100mg Tablet,Thioridazine,100mg,Tablet,Sun Pharmaceutical Industries Ltd,strip of 10 tablets,126.87,false
Ridazin 25 Tablet,Thioridazine,25mg,Tablet,Sun Pharmaceutical Industries Ltd,strip of 10 tablets,49.0,false
Ridazin 50 Tablet,Thioridazine,50mg,Tablet,Sun Pharmaceutical Industries Ltd,strip of 10 tablets,64.0,false
Rifagut 400 Tablet,Rifaximin,400mg,Tablet,Sun Pharmaceutical Industries Ltd,strip of 10 tablets,379.0,true
Rifagut 550 Tablet,Rifaximin,550mg,Tablet,Sun Pharmaceutical Industries Ltd,strip of 10 tablets,455.0,true
Rifagut Tablet,Rifaximin,200mg,Tablet,Sun Pharmaceutical Industries Ltd,strip of 10 tablets,197.0,true
Rifakem 200 Tablet,Rifaximin,200mg,Tablet,Alkem Laboratories Ltd,strip of 10 tablets,172.0,true
Rifakem 400 Tablet,Rifaximin,400mg,Tablet,Alkem Laboratories Ltd,strip of 10 tablets,334.0,true
Rifakem 550 Tablet,Rifaximin,550mg,Tablet,Alkem Laboratories Ltd,strip of 10 tablets,399.0,true
RIFAKEM-INH 450MG/300MG CAPSULE,Rifampicin + Isoniazid,450mg + 300mg,Capsule,Alkem Laboratories Ltd,strip of 10 capsules,67.74,true
Rifaset 100mg/5ml Suspension,Rifaximin,100mg/5ml,Suspension,Macleods Pharmaceuticals Pvt Ltd,bottle of 60 ml Suspension,152.8,true
Rifaset 200 Tablet,Rifaximin,200mg,Tablet,Macleods Pharmaceuticals Pvt Ltd,strip of 10 tablets,182.0,true
Rifaset 400 Tablet,Rifaximin,400mg,Tablet,Macleods Pharmaceuticals Pvt Ltd,strip of 10 tablets,347.0,true
Rifaset 550 Tablet,Rifaximin,550mg,Tablet,Macleods Pharmaceuticals Pvt Ltd,strip of 10 tablets,297.0,true
Rikiclav Forte Dry Syrup,Amoxycillin + Clavulanic Acid,400mg + 47mg,Syrup,Biorika Healthcare,bottle of 30 ml Dry Syrup,115.0,true
Riomet OD 1000mg Tablet SR,Metformin,1000mg,Tablet,Sun Pharmaceutical Industries Ltd,strip of 15 tablet sr,67.85,true
Riomet OD 500mg Tablet SR,Metformin,500mg,Tablet,Sun Pharmaceutical Industries Ltd,strip of 15 tablet sr,35.4,true
Riomet OD 850mg Tablet SR,Metformin,850mg,Tablet,Sun Pharmaceutical Industries Ltd,strip of 10 tablet sr,42.0,true
Risdone 1 Tablet,Risperidone,1mg,Tablet,Intas Pharmaceuticals Ltd,strip of 10 tablets,26.16,true
Risdone 2 Tablet,Risperidone,2mg,Tablet,Intas Pharmaceuticals Ltd,strip of 10 tablets,46.59,true
Risdone 3 Tablet,Risperidone,3mg,Tablet,Intas Pharmaceuticals Ltd,strip of 10 tablets,71.0,true
Risdone 4 Tablet,Risperidone,4mg,Tablet,Intas Pharmaceuticals Ltd,strip of 10 tablets,72.75,true
Risdone Liquid,Risperidone,1mg/ml,Solution,Intas Pharmaceuticals Ltd,bottle of 60 ml Oral Solution,149.0,true
Risdone LS Tablet,Risperidone + Trihexyphenidyl,2mg + 2mg,Tablet,Intas Pharmaceuticals Ltd,strip of 10 tablets,77.5,true
Risdone MT 0.5 Tablet MD,Risperidone,0.5mg,Tablet,Intas Pharmaceuticals Ltd,strip of 10 tablet md,30.5,true
Risdone MT 1 Tablet,Risperidone,1mg,Tablet,Intas Pharmaceuticals Ltd,strip of 10 tablets,41.5,true
Risdone MT 2mg Tablet,Risperidone,2mg,Tablet,Intas Pharmaceuticals Ltd,strip of 10 tablets,60.5,true
Risdone-Forte Tablet,Risperidone + Trihexyphenidyl,4mg + 2mg,Tablet,Intas Pharmaceuticals Ltd,strip of 10 tablets,95.5,true
Risdone-Plus Tablet,Risperidone + Trihexyphenidyl,3mg + 2mg,Tablet,Intas Pharmaceuticals Ltd,strip of 10 tablets,71.0,true
Risnia 2mg Tablet,Risperidone,2mg,Tablet,Cipla Ltd,strip of 10 tablets,16.59,true
Risnia 3mg Tablet,Risperidone,3mg,Tablet,Cipla Ltd,strip of 10 tablets,25.84,true
Risnia Forte 4mg/2mg Tablet,Risperidone + Trihexyphenidyl,4mg + 2mg,Tablet,Cipla Ltd,strip of 10 tablets,81.85,true
Risnia MD 1 Tablet,Risperidone,1mg,Tablet,Cipla Ltd,strip of 10 tablet dt,17.84,true
Risnia MD 2 Tablet,Risperidone,2mg,Tablet,Cipla Ltd,strip of 10 tablet dt,30.61,true
Risnia MD 3 Tablet,Risperidone,3mg,Tablet,Cipla Ltd,strip of 10 tablet md,53.84,true
Risnia MD 4 Tablet,Risperidone,4mg,Tablet,Cipla Ltd,strip of 10 tablet md,55.0,true
Risnia Plus Tablet MD,Risperidone + Trihexyphenidyl,3mg + 2mg,Tablet,Cipla Ltd,strip of 10 tablet md,70.99,true
Risnia Syrup,Risperidone,1mg/ml,Solution,Cipla Ltd,bottle of 60 ml Oral Solution,140.36,true
Rispond 4mg Tablet,Risperidone,4mg,Tablet,Micro Labs Ltd,strip of 10 tablets,80.77,true
Rispond Plus-LS Tablet,Risperidone + Trihexyphenidyl,2mg + 2mg,Tablet,Micro Labs Ltd,strip of 10 tablets,59.0,true
Rispond-Plus Tablet,Risperidone + Trihexyphenidyl,3mg + 2mg,Tablet,Micro Labs Ltd,strip of 10 tablets,113.0,true
Rite O Cef CV Dry Syrup,Cefixime + Clavulanic Acid,50mg + 31.25mg,Syrup,Micro Labs Ltd,bottle of 30 ml Dry Syrup,94.0,true
Rite-O-Cef 100mg Dry Syrup,Cefixime,100mg,Syrup,Micro Labs Ltd,bottle of 30 ml Dry Syrup,65.52,true
Ritecef T 250 mg/31.25 mg Injection,Ceftriaxone + Tazobactum,250mg + 31.25mg,Injection,Micro Labs Ltd,vial of 1 Injection,50.05,true
Ritecef T 500mg/62.5mg Injection,Ceftriaxone + Tazobactum,500mg + 62.5mg,Injection,Micro Labs Ltd,vial of 1 Injection,88.67,true
Ritecef-O 100 Dry Syrup,Cefixime,100mg/5ml,Syrup,Micro Labs Ltd,bottle of 30 ml Dry Syrup,74.0,true
Rivaban 10 Tablet,Rivaroxaban,10mg,Tablet,Lupin Ltd,strip of 14 tablets,140.0,true
Rivaban 15 Tablet,Rivaroxaban,15mg,Tablet,Lupin Ltd,strip of 14 tablets,210.0,true
Rivaban 2.5mg Tablet,Rivaroxaban,2.5mg,Tablet,Lupin Ltd,strip of 14 tablets,70.0,true
Rivaban 20 Tablet,Rivaroxaban,20mg,Tablet,Lupin Ltd,strip of 14 tablets,252.0,true
Rivaflo 10 Tablet,Rivaroxaban,10mg,Tablet,Sun Pharmaceutical Industries Ltd,strip of 10 tablets,240.0,true
Rivaflo 15 Tablet,Rivaroxaban,15mg,Tablet,Sun Pharmaceutical Industries Ltd,strip of 10 tablets,283.0,true
Rivaflo 2.5 Tablet,Rivaroxaban,2.5mg,Tablet,Sun Pharmaceutical Industries Ltd,strip of 10 tablets,158.0,true
Rivaflo 20 Tablet,Rivaroxaban,20mg,Tablet,Sun Pharmaceutical Industries Ltd,strip of 10 tablets,311.0,true
Rivera 1.5mg Capsule,Rivastigmine,1.5mg,Capsule,Zydus Cadila,strip of 10 capsules,44.8,false
Rivera 4.5mg Capsule,Rivastigmine,4.5mg,Capsule,Zydus Cadila,strip of 10 capsules,84.8,false
Rixant 10 Tablet,Rivaroxaban,10mg,Tablet,Sun Pharmaceutical Industries Ltd,strip of 10 tablets,220.0,true
Rixant 15 Tablet,Rivaroxaban,15mg,Tablet,Sun Pharmaceutical Industries Ltd,strip of 10 tablets,260.0,true
Rixant 2.5 Tablet,Rivaroxaban,2.5mg,Tablet,Sun Pharmaceutical Industries Ltd,strip of 10 tablets,145.0,true
Rixant 20 Tablet,Rivaroxaban,20mg,Tablet,Sun Pharmaceutical Industries Ltd,strip of 10 tablets,300.0,true
Riz LS 2mg/2mg Tablet,Risperidone + Trihexyphenidyl,2mg + 2mg,Tablet,Alkem Laboratories Ltd,strip of 10 tablets,58.0,true
Rizact 10 MD Tablet,Rizatriptan,10mg,Tablet,Cipla Ltd,strip of 4 tablet md,306.17,false
Rizact 10 Tablet,Rizatriptan,10mg,Tablet,Cipla Ltd,strip of 4 tablets,336.78,false
Rizact 5 MD Tablet,Rizatriptan,5mg,Tablet,Cipla Ltd,strip of 2 tablet md,91.0,false
Rizact 5 Tablet,Rizatriptan,5mg,Tablet,Cipla Ltd,strip of 4 tablets,214.95,false
Rizora 10 Tablet,Rizatriptan,10mg,Tablet,Intas Pharmaceuticals Ltd,strip of 4 tablets,330.0,false
Rizora 5 Tablet,Rizatriptan,5mg,Tablet,Intas Pharmaceuticals Ltd,strip of 4 tablets,211.0,false
Rofact 12.5mg Tablet,Rofecoxib,12.5mg,Tablet,Sun Pharmaceutical Industries Ltd,strip of 10 tablets,26.07,false
Rofact 25mg Tablet,Rofecoxib,25mg,Tablet,Sun Pharmaceutical Industries Ltd,strip of 10 tablets,41.5,false
Rofact 50mg Tablet,Rofecoxib,50mg,Tablet,Sun Pharmaceutical Industries Ltd,strip of 10 tablets,65.0,false
Rofact MR Tablet,Rofecoxib + Tizanidine,50mg,Tablet,Sun Pharmaceutical Industries Ltd,strip of 6 tablets,61.13,true
Rofact RT 50mg Tablet,Rofecoxib,50mg,Tablet,Sun Pharmaceutical Industries Ltd,strip of 10 tablets,65.0,false
Rofex 125mg Dry Syrup,Cefalexin,125mg,Syrup,Abbott,bottle of 30 ml Dry Syrup,34.86,true
Rofex 125mg Tablet DT,Cefalexin,125mg,Tablet,Abbott,strip of 10 tablet dt,13.12,true
Roff 12.5mg Tablet,Rofecoxib,12.5mg,Tablet,Torrent Pharmaceuticals Ltd,strip of 10 tablets,24.57,false
Roff 25mg Tablet,Rofecoxib,25mg,Tablet,Torrent Pharmaceuticals Ltd,strip of 10 tablets,40.0,false
Roff 50mg Tablet,Rofecoxib,50mg,Tablet,Torrent Pharmaceuticals Ltd,strip of 10 tablets,66.56,false
Roff Bcd 25mg Tablet,Rofecoxib,25mg,Tablet,Torrent Pharmaceuticals Ltd,strip of 10 tablets,40.0,false
Rofibax 12.5mg Tablet,Rofecoxib,12.5mg,Tablet,Sun Pharmaceutical Industries Ltd,strip of 10 tablets,25.5,false
Rofibax 25mg Tablet,Rofecoxib,25mg,Tablet,Sun Pharmaceutical Industries Ltd,strip of 10 tablets,41.5,false
Rofibax 50mg Tablet,Rofecoxib,50mg,Tablet,Sun Pharmaceutical Industries Ltd,strip of 10 tablets,65.0,false
Rofibax Plus 25 mg/500 mg Tablet,Rofecoxib + Paracetamol,25mg + 500mg,Tablet,Sun Pharmaceutical Industries Ltd,strip of 10 tablets,34.5,false
Rofica 1% Gel,Rofecoxib,1%,Gel,Micro Labs Ltd,tube of 30 gm Gel,39.0,false
Rofixx 12.5mg Syrup,Rofecoxib,12.5mg,Syrup,Cipla Ltd,bottle of 30 ml Syrup,40.61,false
Rofixx 12.5mg Tablet,Rofecoxib,12.5mg,Tablet,Cipla Ltd,strip of 10 tablets,24.0,false
Roles 10mg Tablet,Rabeprazole,10mg,Tablet,Sun Pharmaceutical Industries Ltd,strip of 10 tablets,43.75,true
Roles 20 Tablet,Rabeprazole,20mg,Tablet,Sun Pharmaceutical Industries Ltd,strip of 15 tablets,152.0,true
Roles 20mg Tablet,Rabeprazole,20mg,Tablet,Sun Pharmaceutical Industries Ltd,strip of 10 tablets,27.0,true
Roles IT 20mg/150mg Capsule,Rabeprazole + Itopride,20mg + 150mg,Capsule,Sun Pharmaceutical Industries Ltd,strip of 10 capsules,142.9,true
Roles IV 20mg Injection,Rabeprazole,20mg,Injection,Sun Pharmaceutical Industries Ltd,vial of 1 Injection,67.34,true
Roles L Capsule,Levosulpiride + Rabeprazole,75mg + 20mg,Capsule,Sun Pharmaceutical Industries Ltd,strip of 10 capsules,248.0,true
Roles-D Capsule SR,Domperidone + Rabeprazole,30mg + 20mg,Capsule,Sun Pharmaceutical Industries Ltd,strip of 10 capsule sr,133.0,true
Roliptin C 10mg/75mg Tablet,Rosuvastatin + Clopidogrel,10mg + 75mg,Tablet,East West Pharma,strip of 10 tablets,156.2,true
Roliten 1mg Tablet,Tolterodine,1mg,Tablet,Sun Pharmaceutical Industries Ltd,strip of 10 tablets,104.0,false
Roliten 2mg Tablet,Tolterodine,2mg,Tablet,Sun Pharmaceutical Industries Ltd,strip of 10 tablets,163.0,false
Roliten OD 2mg Capsule ER,Tolterodine,2mg,Capsule,Sun Pharmaceutical Industries Ltd,strip of 10 capsule er,170.0,false
Roliten OD 4mg Capsule ER,Tolterodine,4mg,Capsule,Sun Pharmaceutical Industries Ltd,strip of 10 capsule er,310.0,false
Rolitrans 1mg Capsule,Tacrolimus,1mg,Capsule,Cipla Ltd,strip of 10 capsules,366.37,true
Rolitrans 2mg Capsule,Tacrolimus,2mg,Capsule,Cipla Ltd,strip of 10 capsules,775.26,true
Rolod Gel,Aceclofenac + Paracetamol,,Gel,Tidal Laboratories Pvt Ltd,tube of 15 gm Gel,25.71,false
Romesec 10mg Tablet,Omeprazole,10mg,Tablet,Sun Pharmaceutical Industries Ltd,strip of 10 tablets,28.07,true
Ronclav DS Syrup,Amoxycillin + Clavulanic Acid,,Syrup,Ronyd Healthcare Pvt Ltd,bottle of 30 ml Syrup,90.0,true
Ronflox Forte 100mg/5ml Suspension,Ofloxacin,100mg/5ml,Suspension,Alkem Laboratories Ltd,bottle of 30 ml Suspension,46.2,true
Ropark 0.25 Tablet,Ropinirole,0.25mg,Tablet,Sun Pharmaceutical Industries Ltd,strip of 10 tablets,71.0,true
Ropark 0.5 Tablet,Ropinirole,0.5mg,Tablet,Sun Pharmaceutical Industries Ltd,strip of 10 tablets,102.0,true
Ropark 1 Tablet,Ropinirole,1mg,Tablet,Sun Pharmaceutical Industries Ltd,strip of 10 tablets,160.0,true
Ropark 2 Tablet,Ropinirole,2mg,Tablet,Sun Pharmaceutical Industries Ltd,strip of 10 tablets,227.0,true
Ropark 6mg Tablet XL,Ropinirole,6mg,Tablet,Sun Pharmaceutical Industries Ltd,strip of 10 tablet xl,88.88,true
Ropark XL 1 Tablet,Ropinirole,1mg,Tablet,Sun Pharmaceutical Industries Ltd,strip of 10 Tablet pr,165.0,true
Ropark XL 2 Tablet,Ropinirole,2mg,Tablet,Sun Pharmaceutical Industries Ltd,strip of 10 tablet er,248.0,true
Ropark XL 4 Tablet,Ropinirole,4mg,Tablet,Sun Pharmaceutical Industries Ltd,strip of 10 Tablet pr,319.0,true
Ropitor 0.25mg Tablet,Ropinirole,0.25mg,Tablet,Torrent Pharmaceuticals Ltd,strip of 10 tablets,16.0,true
Ropitor 0.5mg Tablet,Ropinirole,0.5mg,Tablet,Torrent Pharmaceuticals Ltd,strip of 10 tablets,59.58,true
Ropitor 1mg Tablet,Ropinirole,1mg,Tablet,Torrent Pharmaceuticals Ltd,strip of 10 tablets,60.5,true
Ropitor 2mg Tablet,Ropinirole,2mg,Tablet,Torrent Pharmaceuticals Ltd,strip of 10 tablets,76.18,true
Ropraz LS 75mg/20mg Tablet,Levosulpiride + Rabeprazole,75mg + 20mg,Tablet,Sun Pharmaceutical Industries Ltd,strip of 10 tablets,39.0,true
Roscillin 100mg Drop,Ampicillin,100mg,Drops,Sun Pharmaceutical Industries Ltd,packet of 10 ml Drop,37.8,true
Roscillin 125mg Dry Syrup,Ampicillin,125mg,Syrup,Sun Pharmaceutical Industries Ltd,bottle of 30 ml Dry Syrup,23.95,true
Roscillin 125mg Tablet DT,Ampicillin,125mg,Tablet,Sun Pharmaceutical Industries Ltd,strip of 15 tablet dt,50.5,true
Roscillin 250mg Capsule,Ampicillin,250mg,Capsule,Sun Pharmaceutical Industries Ltd,strip of 8 capsules,36.0,true
Roscillin 250mg Syrup,Ampicillin,250mg,Syrup,Sun Pharmaceutical Industries Ltd,bottle of 30 ml Syrup,37.95,true
Roscillin 500mg Capsule,Ampicillin,500mg,Capsule,Sun Pharmaceutical Industries Ltd,strip of 8 capsules,69.0,true
Roscillin Amx 250mg Capsule,Amoxycillin,250mg,Capsule,Sun Pharmaceutical Industries Ltd,strip of 10 capsules,22.08,true
Roscillin Amx 500mg Capsule,Amoxycillin,500mg,Capsule,Sun Pharmaceutical Industries Ltd,strip of 10 capsules,41.05,true
ROSCILOX 125MG/125MG SUSPENSION,Ampicillin + Cloxacillin,125mg + 125mg,Suspension,Sun Pharmaceutical Industries Ltd,bottle of 40 ml Suspension,14.62,true
ROSCILOX 125MG/125MG TABLET DT,Ampicillin + Cloxacillin,125mg + 125mg,Tablet,Sun Pharmaceutical Industries Ltd,strip of 10 tablet dt,20.3,true
ROSCILOX 250MG/250MG CAPSULE,Ampicillin + Cloxacillin,250mg + 250mg,Capsule,Sun Pharmaceutical Industries Ltd,strip of 10 capsules,29.14,true
Rosmi CV 10mg/75mg Tablet,Rosuvastatin + Clopidogrel,10mg + 75mg,Tablet,Cadila Pharmaceuticals Ltd,strip of 10 tablets,149.74,true
Rosukem CV 10 Capsule,Rosuvastatin + Clopidogrel,10mg + 75mg,Capsule,Alkem Laboratories Ltd,strip of 10 capsules,176.0,true
Rosukem-A 10mg/150mg Capsule,Rosuvastatin + Aspirin,10mg + 150mg,Capsule,Alkem Laboratories Ltd,strip of 10 capsules,84.5,true
Rosukem-F 67mg/5mg Tablet,Fenofibrate + Rosuvastatin,67mg + 5mg,Tablet,Alkem Laboratories Ltd,strip of 10 tablets,70.0,true
Rosukem-F Tablet,Fenofibrate + Rosuvastatin,145mg + 10mg,Tablet,Alkem Laboratories Ltd,strip of 10 tablets,224.0,true
Rosuline Gold 150mg/10mg/75mg Capsule,Aspirin + Rosuvastatin,150mg + 10mg,Capsule,Johnlee Pharmaceuticals Pvt Ltd,strip of 15 capsules,205.0,true
Rosuline Gold 150mg/20mg/75mg Capsule,Aspirin + Rosuvastatin,150mg + 20mg,Capsule,Johnlee Pharmaceuticals Pvt Ltd,strip of 15 capsules,330.0,true
Rosulip 40 Tablet,Rosuvastatin,40mg,Tablet,Cipla Ltd,strip of 10 tablets,531.06,true
Rosulip CV 10 Capsule,Rosuvastatin + Clopidogrel,10mg + 75mg,Capsule,Cipla Ltd,strip of 10 capsules,186.34,true
Rosulip CV 20 Capsule,Rosuvastatin + Clopidogrel,20mg + 75mg,Capsule,Cipla Ltd,strip of 10 capsules,222.24,true
Rosulip Gold 10 Capsule,Aspirin + Rosuvastatin,75mg + 10mg,Capsule,Cipla Ltd,strip of 10 capsules,171.86,true
Rosulip Gold 20 Capsule,Aspirin + Rosuvastatin,75mg + 20mg,Capsule,Cipla Ltd,strip of 10 capsules,242.29,true
Rosulip-ASP 150 Capsule,Rosuvastatin + Aspirin,10mg + 150mg,Capsule,Cipla Ltd,strip of 15 capsules,119.79,true
Rosulip-ASP 75 Capsule,Rosuvastatin + Aspirin,10mg + 75mg,Capsule,Cipla Ltd,strip of 15 capsules,132.49,true
Rosulip-F 10 Tablet,Fenofibrate + Rosuvastatin,145mg + 10mg,Tablet,Cipla Ltd,strip of 10 tablets,275.24,true
Rosulip-F 5 Tablet,Fenofibrate + Rosuvastatin,145mg + 5mg,Tablet,Cipla Ltd,strip of 10 tablets,171.69,true
Rosumac ASP 150 Tablet,Rosuvastatin + Aspirin,10mg + 150mg,Tablet,Macleods Pharmaceuticals Pvt Ltd,strip of 10 tablets,62.5,true
Rosumac ASP 20mg/75mg Capsule,Rosuvastatin + Aspirin,20mg + 75mg,Capsule,Macleods Pharmaceuticals Pvt Ltd,strip of 10 capsules,75.4,true
Rosumac Asp Forte 20mg/150mg Capsule,Rosuvastatin + Aspirin,20mg + 150mg,Capsule,Macleods Pharmaceuticals Pvt Ltd,strip of 10 capsules,97.0,true
Rosumac CV 20 Capsule,Rosuvastatin + Clopidogrel,20mg + 75mg,Capsule,Macleods Pharmaceuticals Pvt Ltd,strip of 10 capsules,249.0,true
Rosumac CV 20mg/75mg Tablet,Rosuvastatin + Clopidogrel,20mg + 75mg,Tablet,Macleods Pharmaceuticals Pvt Ltd,strip of 10 tablets,249.0,true
Rosumac F 5 Tablet,Fenofibrate + Rosuvastatin,67mg + 5mg,Tablet,Macleods Pharmaceuticals Pvt Ltd,strip of 10 tablets,156.0,true
Rosumac F 67mg/10mg Tablet,Fenofibrate + Rosuvastatin,67mg + 10mg,Tablet,Macleods Pharmaceuticals Pvt Ltd,strip of 10 tablets,256.5,true
Rosumac Gold Forte 150mg/10mg/75mg Capsule,Aspirin + Rosuvastatin,150mg + 10mg,Capsule,Macleods Pharmaceuticals Pvt Ltd,strip of 10 capsules,200.0,true
Rosumac Gold Forte 20mg Capsule,Aspirin + Rosuvastatin,150mg + 20mg,Capsule,Macleods Pharmaceuticals Pvt Ltd,strip of 10 capsules,319.0,true
Rosuvas 10 Sprinkle Capsule,Rosuvastatin,10mg,Capsule,Sun Pharmaceutical Industries Ltd,bottle of 30 capsules,480.0,true
Rosuvas 10 Tablet,Rosuvastatin,10mg,Tablet,Sun Pharmaceutical Industries Ltd,strip of 15 tablets,292.0,true
Rosuvas 10mg Tablet,Rosuvastatin,10mg,Tablet,Sun Pharmaceutical Industries Ltd,bottle of 30 tablets,480.0,true
Rosuvas 20 Tablet,Rosuvastatin,20mg,Tablet,Sun Pharmaceutical Industries Ltd,strip of 10 tablets,380.0,true
Rosuvas 20 Tablet,Rosuvastatin,20mg,Tablet,Sun Pharmaceutical Industries Ltd,bottle of 90 tablets,1980.0,true
Rosuvas 40 Tablet,Rosuvastatin,40mg,Tablet,Sun Pharmaceutical Industries Ltd,strip of 10 tablets,590.0,true
Rosuvas 5 Tablet,Rosuvastatin,5mg,Tablet,Sun Pharmaceutical Industries Ltd,strip of 15 tablets,165.0,true
Rosuvas 5mg Tablet,Rosuvastatin,5mg,Tablet,Sun Pharmaceutical Industries Ltd,strip of 10 tablets,142.0,true
Rosuvas CV 10 Tablet,Rosuvastatin + Clopidogrel,10mg + 75mg,Tablet,Sun Pharmaceutical Industries Ltd,strip of 10 tablets,167.0,true
Rosuvas CV 20mg/75mg Tablet,Rosuvastatin + Clopidogrel,20mg + 75mg,Tablet,Sun Pharmaceutical Industries Ltd,strip of 10 tablets,205.0,true
Rosuvas D 10 Tablet,Rosuvastatin + Vitamin D3,10mg + 1000IU,Tablet,Sun Pharmaceutical Industries Ltd,strip of 15 tablets,300.0,true
Rosuvas D 5 Tablet,Rosuvastatin + Vitamin D3,5mg + 1000IU,Tablet,Sun Pharmaceutical Industries Ltd,strip of 15 tablets,124.0,true
Rosuvas F 10 Tablet,Fenofibrate + Rosuvastatin,160mg + 10mg,Tablet,Sun Pharmaceutical Industries Ltd,strip of 15 tablets,387.0,true
Rosuvas F 20 Tablet,Fenofibrate + Rosuvastatin,160mg + 20mg,Tablet,Sun Pharmaceutical Industries Ltd,strip of 10 tablets,395.0,true
Rosuvas F 5 Tablet,Fenofibrate + Rosuvastatin,160mg + 5mg,Tablet,Sun Pharmaceutical Industries Ltd,strip of 15 tablets,226.0,true
Rox 150mg Tablet,Piroxicam,150mg,Tablet,Micro Labs Ltd,strip of 10 tablets,52.0,false
Roxee 150mg Tablet,Roxithromycin,150mg,Tablet,Cipla Ltd,strip of 10 tablets,107.72,true
Roxee 50mg Suspension,Roxithromycin,50mg,Suspension,Cipla Ltd,bottle of 30 ml Suspension,30.26,true
Roxee 50mg Tablet DT,Roxithromycin,50mg,Tablet,Cipla Ltd,strip of 10 tablet dt,45.0,true
Roxee M 150 mg/30 mg Tablet,Roxithromycin + Ambroxol,150mg + 30mg,Tablet,Cipla Ltd,strip of 10 tablets,73.0,true
Roxetomin 50mg Suspension,Roxithromycin,50mg,Suspension,Sun Pharmaceutical Industries Ltd,bottle of 30 ml Suspension,38.0,true
Roxid 100mg Syrup,Roxithromycin,100mg,Syrup,Alembic Pharmaceuticals Ltd,bottle of 30 ml Syrup,162.85,true
Roxid 150 Tablet,Roxithromycin,150mg,Tablet,Alembic Pharmaceuticals Ltd,strip of 10 tablets,193.05,true
Roxid 25mg Drop,Roxithromycin,25mg,Drops,Alembic Pharmaceuticals Ltd,packet of 10 ml Drop,86.6,true
Roxid 300 Tablet,Roxithromycin,300mg,Tablet,Alembic Pharmaceuticals Ltd,strip of 10 tablets,337.25,true
Roxid 50mg Tablet,Roxithromycin,50mg,Tablet,Alembic Pharmaceuticals Ltd,strip of 10 tablets,66.7,true
Roxid 75mg Tablet DT,Roxithromycin,75mg,Tablet,Alembic Pharmaceuticals Ltd,strip of 10 tablet dt,93.3,true
Roxid Kid 50mg Tablet,Roxithromycin,50mg,Tablet,Alembic Pharmaceuticals Ltd,strip of 10 tablets,79.9,true
Roxikem 50mg Suspension,Roxithromycin,50mg,Suspension,Alkem Laboratories Ltd,bottle of 30 ml Suspension,17.5,true
Roxithro 150mg Tablet,Roxithromycin,150mg,Tablet,Sun Pharmaceutical Industries Ltd,strip of 10 tablets,111.0,true
Roxithro Kid 50mg Tablet,Roxithromycin,50mg,Tablet,Sun Pharmaceutical Industries Ltd,strip of 10 tablets,48.5,true
Roxithro Syrup,Roxithromycin,,Syrup,Sun Pharmaceutical Industries Ltd,bottle of 30 ml Syrup,18.12,true
Rozavel 10 Sprinkle,Rosuvastatin,10mg,Capsule,Sun Pharmaceutical Industries Ltd,bottle of 30 capsules,480.0,true
Rozavel 10 Tablet,Rosuvastatin,10mg,Tablet,Sun Pharmaceutical Industries Ltd,strip of 10 tablets,194.0,true
Rozavel 2.5mg Tablet,Rosuvastatin,2.5mg,Tablet,Sun Pharmaceutical Industries Ltd,strip of 10 tablets,75.23,true
Rozavel 20 Tablet,Rosuvastatin,20mg,Tablet,Sun Pharmaceutical Industries Ltd,strip of 10 tablets,362.0,true
Rozavel 20 Tablet,Rosuvastatin,20mg,Tablet,Sun Pharmaceutical Industries Ltd,bottle of 90 tablets,1980.0,true
Rozavel 40 Tablet,Rosuvastatin,40mg,Tablet,Sun Pharmaceutical Industries Ltd,strip of 10 tablets,575.0,true
Rozavel 5 Tablet,Rosuvastatin,5mg,Tablet,Sun Pharmaceutical Industries Ltd,strip of 10 tablets,108.0,true
Rozavel A 150 Capsule,Rosuvastatin + Aspirin,10mg + 150mg,Capsule,Sun Pharmaceutical Industries Ltd,strip of 10 capsules,101.0,true
Rozavel A Capsule,Rosuvastatin + Aspirin,10mg + 75mg,Capsule,Sun Pharmaceutical Industries Ltd,strip of 10 capsules,90.0,true
Rozavel A Forte Capsule,Rosuvastatin + Aspirin,20mg + 75mg,Capsule,Sun Pharmaceutical Industries Ltd,strip of 10 capsules,93.29,true
Rozavel EZ Tablet,Rosuvastatin + Ezetimibe,10mg + 10mg,Tablet,Sun Pharmaceutical Industries Ltd,strip of 10 tablets,224.0,true
Rozavel F 145mg/5mg Tablet,Fenofibrate + Rosuvastatin,145mg + 5mg,Tablet,Sun Pharmaceutical Industries Ltd,strip of 10 tablets,104.0,true
Rozavel F 20 Tablet,Fenofibrate + Rosuvastatin,160mg + 20mg,Tablet,Sun Pharmaceutical Industries Ltd,strip of 10 tablets,395.0,true
Rozavel F 5 Tablet,Fenofibrate + Rosuvastatin,160mg + 5mg,Tablet,Sun Pharmaceutical Industries Ltd,strip of 10 tablets,151.0,true
Rozavel F Tablet,Fenofibrate + Rosuvastatin,160mg + 10mg,Tablet,Sun Pharmaceutical Industries Ltd,strip of 10 tablets,245.0,true
Rozidal 4mg Tablet,Risperidone,4mg,Tablet,Sun Pharmaceutical Industries Ltd,strip of 10 tablets,35.2,true
Rozucor ASP 10 Capsule,Rosuvastatin + Aspirin,10mg + 75mg,Capsule,Torrent Pharmaceuticals Ltd,strip of 10 capsules,98.55,true
Rozucor ASP 20 Capsule,Rosuvastatin + Aspirin,20mg + 75mg,Capsule,Torrent Pharmaceuticals Ltd,strip of 10 capsules,139.7,true
Rozucor ASP 20/150 Capsule,Rosuvastatin + Aspirin,20mg + 150mg,Capsule,Torrent Pharmaceuticals Ltd,strip of 10 capsules,139.7,true
Rozucor D 10 Tablet,Rosuvastatin + Vitamin D3,10mg + 1000IU,Tablet,Torrent Pharmaceuticals Ltd,strip of 10 tablets,181.1,true
Rozucor D 20 mg/1000 IU Tablet,Rosuvastatin + Vitamin D3,20mg + 1000IU,Tablet,Torrent Pharmaceuticals Ltd,strip of 10 tablets,280.0,true
Rozucor EZ Tablet,Rosuvastatin + Ezetimibe,10mg + 10mg,Tablet,Torrent Pharmaceuticals Ltd,strip of 10 tablets,218.7,true
Rozucor F 10 Tablet,Fenofibrate + Rosuvastatin,160mg + 10mg,Tablet,Torrent Pharmaceuticals Ltd,strip of 10 tablets,211.0,true
Rozucor F 20 Tablet,Fenofibrate + Rosuvastatin,160mg + 20mg,Tablet,Torrent Pharmaceuticals Ltd,strip of 10 tablets,452.9,true
Rozucor F 5 Tablet,Fenofibrate + Rosuvastatin,160mg + 5mg,Tablet,Torrent Pharmaceuticals Ltd,strip of 10 tablets,154.65,true
Rozucor Gold 10 Capsule,Aspirin + Rosuvastatin,75mg + 10mg,Capsule,Torrent Pharmaceuticals Ltd,strip of 10 capsules,173.7,true
Rozucor Gold 20 Capsule,Aspirin + Rosuvastatin,75mg + 20mg,Capsule,Torrent Pharmaceuticals Ltd,strip of 10 capsules,293.5,true
Rozustat 10 D Tablet,Rosuvastatin + Vitamin D3,10mg + 1000IU,Tablet,Macleods Pharmaceuticals Pvt Ltd,strip of 10 tablets,176.0,true
Rozustat F 5 Tablet,Fenofibrate + Rosuvastatin,67mg + 5mg,Tablet,Macleods Pharmaceuticals Pvt Ltd,strip of 10 tablets,142.0,true
Rozustat F 67mg/20mg Tablet,Fenofibrate + Rosuvastatin,67mg + 20mg,Tablet,Macleods Pharmaceuticals Pvt Ltd,strip of 10 tablets,233.2,true
Rozustat F Tablet,Fenofibrate + Rosuvastatin,67mg + 10mg,Tablet,Macleods Pharmaceuticals Pvt Ltd,strip of 10 tablets,256.5,true
RT Cef 125mg Suspension,Cefadroxil,125mg,Suspension,Alkem Laboratories Ltd,bottle of 30 ml Suspension,17.5,true
RT Cef 125mg Tablet,Cefadroxil,125mg,Tablet,Alkem Laboratories Ltd,strip of 10 tablets,20.43,true
RT Cef 250mg Tablet,Cefadroxil,250mg,Tablet,Alkem Laboratories Ltd,strip of 10 tablets,40.35,true
RT Cef 500mg Tablet,Cefadroxil,500mg,Tablet,Alkem Laboratories Ltd,strip of 6 tablets,45.65,true
S Amlodipine Tablet,Amlodipine,,Tablet,Aristo Pharmaceuticals Pvt Ltd,strip of 10 tablets,27.25,true
S Citadep 10 Tablet,Escitalopram Oxalate,10mg,Tablet,Cipla Ltd,strip of 10 tablets,98.27,true
S Citadep 20 Tablet,Escitalopram Oxalate,20mg,Tablet,Cipla Ltd,strip of 10 tablets,159.15,true
S Citadep 5 Tablet,Escitalopram Oxalate,5mg,Tablet,Cipla Ltd,strip of 10 tablets,44.92,true
S Citadep Forte Tablet,Clonazepam + Escitalopram Oxalate,0.5mg + 10mg,Tablet,Cipla Ltd,strip of 10 tablets,119.79,true
S Citadep LS Tablet,Clonazepam + Escitalopram Oxalate,0.25mg + 10mg,Tablet,Cipla Ltd,strip of 10 tablets,116.76,true
S Citadep Plus Tablet,Clonazepam + Escitalopram Oxalate,0.5mg + 5mg,Tablet,Cipla Ltd,strip of 10 tablets,73.2,true
S Oflo 100mg Oral Suspension,Ofloxacin,100mg,Suspension,Saivay Medilinks,bottle of 60 ml Oral Suspension,65.0,true
S-Amlong 2.5 Tablet,Amlodipine,2.5mg,Tablet,Micro Labs Ltd,strip of 10 tablets,61.0,true
S-Amlong 5 Tablet,S-Amlodipine,5mg,Tablet,Micro Labs Ltd,strip of 10 tablets,103.0,true
S-Amlosafe 1.25mg Tablet,Amlodipine,1.25mg,Tablet,Aristo Pharmaceuticals Pvt Ltd,strip of 10 tablets,10.2,true
S-Amlosafe AT 2.5/50 Tablet,Amlodipine + Atenolol,2.5mg + 50mg,Tablet,Aristo Pharmaceuticals Pvt Ltd,strip of 10 tablets,54.5,true
S-Clear Cream,Ozenoxacin,1% w/w,Cream,Alkem Laboratories Ltd,tube of 10 gm Cream,225.0,false
S-Clear Cream,Ozenoxacin,1% w/w,Cream,Alkem Laboratories Ltd,tube of 5 gm Cream,135.0,false
S-Numlo 2.5 Tablet,S-Amlodipine,2.5mg,Tablet,Emcure Pharmaceuticals Ltd,strip of 15 tablets,100.2,true
S-Numlo 5 Tablet,S-Amlodipine,5mg,Tablet,Emcure Pharmaceuticals Ltd,strip of 15 tablets,156.2,true
Safepodox Dry Syrup,Cefpodoxime Proxetil,,Syrup,Abbott,bottle of 30 ml Dry Syrup,72.5,true
Safex 200mg Capsule,Cefixime,200mg,Capsule,Thrift Pharmaceuticals,strip of 10 capsules,109.37,true
Safexim Dry Syrup,Cefixime,50mg,Suspension,Abbott,bottle of 30 ml Oral Suspension,48.59,true
Safezone SB 1000mg/500mg Injection,Cefoperazone + Sulbactam,1000mg + 500mg,Injection,Abbott,vial of 1 Injection,351.68,true
Safezone SB 500 mg/500 mg Injection,Cefoperazone + Sulbactam,500mg + 500mg,Injection,Abbott,vial of 1 Injection,290.0,true
Salbair-B Forte 200mcg/200mcg Transcaps,Salbutamol + Beclometasone,200mcg + 200mcg,Capsule,Lupin Ltd,bottle of 30 capsules,119.5,true
Salbid 2mg Tablet,Salbutamol,2mg,Tablet,Micro Labs Ltd,strip of 10 tablets,1.39,true
Salphyllin M Oral Suspension,Levocetirizine + Montelukast,2.5mg + 4mg,Suspension,Lincoln Pharmaceuticals Ltd,bottle of 60 ml Oral Suspension,67.0,true
Sampill AT 2.5mg/50mg Tablet,Amlodipine + Atenolol,2.5mg + 50mg,Tablet,Torrent Pharmaceuticals Ltd,strip of 10 tablets,49.0,true
Sartel 20 Tablet,Telmisartan,20mg,Tablet,Intas Pharmaceuticals Ltd,strip of 10 tablets,42.0,true
Sartel 20 Tablet,Telmisartan,20mg,Tablet,Intas Pharmaceuticals Ltd,strip of 15 tablets,68.04,true
Sartel 40 Tablet,Telmisartan,40mg,Tablet,Intas Pharmaceuticals Ltd,strip of 15 tablets,122.98,true
Sartel 40mg Tablet,Telmisartan,40mg,Tablet,Intas Pharmaceuticals Ltd,strip of 10 tablets,100.0,true
Sartel 80 Tablet,Telmisartan,80mg,Tablet,Intas Pharmaceuticals Ltd,strip of 15 tablets,187.32,true
Sartel 80 Tablet,Telmisartan,80mg,Tablet,Intas Pharmaceuticals Ltd,strip of 10 tablets,165.0,true
Sartel AM 80 Tablet,Telmisartan + Amlodipine,80mg + 5mg,Tablet,Intas Pharmaceuticals Ltd,strip of 10 tablets,194.5,true
Sartel AM Tablet,Telmisartan + Amlodipine,40mg + 5mg,Tablet,Intas Pharmaceuticals Ltd,strip of 15 tablets,226.0,true
Sartel H 40 Tablet,Telmisartan + Hydrochlorothiazide,40mg + 12.5mg,Tablet,Intas Pharmaceuticals Ltd,strip of 15 tablets,250.0,true
Sartel H 40 Tablet,Telmisartan + Hydrochlorothiazide,40mg + 12.5mg,Tablet,Intas Pharmaceuticals Ltd,strip of 10 tablets,140.0,true
Sartel H 80 Tablet,Telmisartan + Hydrochlorothiazide,80mg + 12.5mg,Tablet,Intas Pharmaceuticals Ltd,strip of 15 tablets,321.5,true
Sartel R 40mg/2.5mg Tablet,Telmisartan + Ramipril,40mg + 2.5mg,Tablet,Intas Pharmaceuticals Ltd,strip of 10 tablets,180.0,true
Sartel R 40mg/5mg Tablet,Telmisartan + Ramipril,40mg + 5mg,Tablet,Intas Pharmaceuticals Ltd,strip of 10 tablets,96.0,true
Sartel Trio Tablet,Telmisartan + Cilnidipine,40mg + 10mg,Tablet,Intas Pharmaceuticals Ltd,strip of 10 tablets,177.0,true
Sartel-Beta 25 Tablet ER,Telmisartan + Metoprolol Succinate,40mg + 25mg,Tablet,Intas Pharmaceuticals Ltd,strip of 15 tablet er,247.0,true
Sartel-Beta 50 Tablet ER,Telmisartan + Metoprolol Succinate,40mg + 50mg,Tablet,Intas Pharmaceuticals Ltd,strip of 15 tablet er,301.0,true
Sartel-C 40 Tablet,Telmisartan + Chlorthalidone,40mg + 12.5mg,Tablet,Intas Pharmaceuticals Ltd,strip of 10 tablets,169.0,true
Sartel-C 80 Tablet,Telmisartan + Chlorthalidone,80mg + 12.5mg,Tablet,Intas Pharmaceuticals Ltd,strip of 10 tablets,209.0,true
Sartel-LN 40 Tablet,Cilnidipine + Telmisartan,10mg + 40mg,Tablet,Intas Pharmaceuticals Ltd,strip of 10 tablets,135.0,true
Sartel-LN 80 Tablet,Cilnidipine + Telmisartan,10mg + 80mg,Tablet,Intas Pharmaceuticals Ltd,strip of 10 tablets,130.0,true
SB Tron 2mg Oral Drops,Ondansetron,2mg,Drops,SBS Biosciences,bottle of 30 ml Oral Drops,37.0,true
Scrabic Cream,Permethrin,5% w/w,Cream,Leeford Healthcare Ltd,tube of 30 gm Cream,58.46,false
Sebifin Cream,Terbinafine,1% w/w,Cream,Sun Pharmaceutical Industries Ltd,tube of 30 gm Cream,232.0,true
Sebifin Dusting Powder,Terbinafine,1% w/w,Powder,Sun Pharmaceutical Industries Ltd,bottle of 30 gm Dusting Powder,110.0,true
Sebifin Plus Cream,Mometasone + Terbinafine,0.1% w/w + 1% w/w,Cream,Sun Pharmaceutical Industries Ltd,tube of 15 gm Cream,253.8,true
Sebifin Tablet,Terbinafine,250mg,Tablet,Sun Pharmaceutical Industries Ltd,strip of 15 tablets,433.0,true
Secef 200mg Capsule,Cefixime,200mg,Capsule,Novartis India Ltd,strip of 10 capsules,100.0,true
Sectocef 25mg Oral Drops,Cefixime,25mg,Drops,Ridhima Biocare,bottle of 10 ml Oral Drops,55.0,true
Sectocef LB Dry Syrup,Cefixime + Lactobacillus,50mg + 60Million spores,Syrup,Ridhima Biocare,bottle of 30 ml Dry Syrup,85.0,true
Sectocef O Dry Syrup,Cefixime + Ofloxacin,50mg + 50mg,Syrup,Ridhima Biocare,bottle of 60 ml Dry Syrup,85.0,true
Sefdin 125mg Tablet,Cefdinir,125mg,Tablet,Torrent Pharmaceuticals Ltd,strip of 10 tablets,187.23,true
Sefdin 125mg Tablet DT,Cefdinir,125mg,Tablet,Torrent Pharmaceuticals Ltd,strip of 10 tablet dt,120.9,true
Sefdin Capsule,Cefdinir,300mg,Capsule,Torrent Pharmaceuticals Ltd,strip of 10 capsules,519.15,true
Sefdin Dry Syrup,Cefdinir,125mg/5ml,Suspension,Torrent Pharmaceuticals Ltd,bottle of 30 ml Oral Suspension,111.0,true
Sefdin LB Tablet,Cefdinir + Lactobacillus,300mg + 60Million spores,Tablet,Torrent Pharmaceuticals Ltd,strip of 6 tablets,163.61,true
Selzic -OD 300mg Tablet ER,Oxcarbazepine,300mg,Tablet,Sun Pharmaceutical Industries Ltd,strip of 10 tablet er,148.64,true
Selzic 450mg Tablet,Oxcarbazepine,450mg,Tablet,Sun Pharmaceutical Industries Ltd,strip of 10 tablets,183.0,true
Selzic 600 Tablet,Oxcarbazepine,600mg,Tablet,Sun Pharmaceutical Industries Ltd,strip of 10 tablets,212.28,true
Selzic-OD 900mg Tablet ER,Oxcarbazepine,900mg,Tablet,Sun Pharmaceutical Industries Ltd,strip of 10 tablet er,344.05,true
Semi Daonil 2.5mg Tablet,Glibenclamide,2.5mg,Tablet,Emcure Pharmaceuticals Ltd,strip of 10 tablets,7.38,true
Semi Reclimet 40mg/500mg Tablet,Gliclazide + Metformin,40mg + 500mg,Tablet,Dr Reddy's Laboratories Ltd,strip of 10 tablets,73.0,true
Semi-Glycigon Tablet,Gliclazide,40mg,Tablet,Aristo Pharmaceuticals Pvt Ltd,strip of 10 tablets,47.85,true
Sensiclav 125 mg/25 mg Injection,Amoxycillin + Clavulanic Acid,125mg + 25mg,Injection,Macleods Pharmaceuticals Pvt Ltd,vial of 1 Injection,52.75,true
Sensiclav 125 mg/31.25 mg Syrup,Amoxycillin + Clavulanic Acid,125mg + 31.25mg,Syrup,Macleods Pharmaceuticals Pvt Ltd,bottle of 30 ml Syrup,62.52,true
Sensiclav 250mg/50mg Injection,Amoxycillin + Clavulanic Acid,250mg + 50mg,Injection,Macleods Pharmaceuticals Pvt Ltd,vial of 1 Injection,63.0,true
Sensiclav 80 mg/11.4 mg Drop,Amoxycillin + Clavulanic Acid,80mg + 11.4mg,Drops,Macleods Pharmaceuticals Pvt Ltd,packet of 10 ml Drop,96.8,true
Senval Chrono 200mg Tablet,Sodium Valproate + Valproic Acid,133mg + 58mg,Tablet,Sun Pharmaceutical Industries Ltd,strip of 10 tablets,50.0,true
Senval Chrono 500mg Tablet,Sodium Valproate + Valproic Acid,335mg + 145mg,Tablet,Sun Pharmaceutical Industries Ltd,strip of 10 tablets,83.51,true
Serflam D Tablet,Diclofenac + Serratiopeptidase,50mg + 15mg,Tablet,Alkem Laboratories Ltd,strip of 10 tablets,50.03,false
Seroace Forte Tablet,Serratiopeptidase,,Tablet,Elder Pharmaceuticals Ltd,strip of 10 tablets,95.0,false
Seroflo 100 Rotacaps,Salmeterol + Fluticasone Propionate,50mcg + 100mcg,Capsule,Cipla Ltd,packet of 30 capsules,238.97,true
Serta 100 Tablet,Sertraline,100mg,Tablet,Torrent Pharmaceuticals Ltd,strip of 15 tablets,312.4,true
Serta 25 Tablet,Sertraline,25mg,Tablet,Torrent Pharmaceuticals Ltd,strip of 15 tablets,100.0,true
Serta 50 Tablet,Sertraline,50mg,Tablet,Torrent Pharmaceuticals Ltd,strip of 15 tablets,184.2,true
Sertaspor Cream,Sertaconazole,2% w/w,Cream,Intas Pharmaceuticals Ltd,tube of 30 gm Cream,274.0,false
Sertaspor Cream,Sertaconazole,2% w/w,Cream,Intas Pharmaceuticals Ltd,tube of 15 gm Cream,128.0,false
Sertaspor Cream,Sertaconazole,2% w/w,Cream,Intas Pharmaceuticals Ltd,tube of 50 gm Cream,382.0,false
Sertima 100 Tablet,Sertraline,100mg,Tablet,Intas Pharmaceuticals Ltd,strip of 10 tablets,147.5,true
Sertima 25mg Tablet,Sertraline,25mg,Tablet,Intas Pharmaceuticals Ltd,strip of 10 tablets,60.5,true
Sertima 50 Tablet,Sertraline,50mg,Tablet,Intas Pharmaceuticals Ltd,strip of 10 tablets,105.0,true
Setride 20mg Tablet,Cetirizine,20mg,Tablet,Wockhardt Ltd,bottle of 100 tablets,3.03,false
Setride Cold Tablet,Cetirizine + Paracetamol,5mg + 325mg,Tablet,Wockhardt Ltd,strip of 10 tablets,7.5,false
Shinepath AC Syrup,Aceclofenac + Paracetamol,50mg/5ml + 125mg/5ml,Syrup,Shine Remedies,bottle of 60 ml Syrup,48.0,false
Signoflam TH 8mg/100mg/325mg Tablet,Thiocolchicoside + Aceclofenac,8mg + 100mg,Tablet,Lupin Ltd,strip of 10 tablets,269.0,true
Signoflam-TH 4 Tablet,Thiocolchicoside + Aceclofenac,4mg + 100mg,Tablet,Lupin Ltd,strip of 10 tablets,174.85,true
Signoflam-TH 8 Tablet,Thiocolchicoside + Aceclofenac,8mg + 100mg,Tablet,Lupin Ltd,strip of 10 tablets,269.0,true
Silodal 4 Capsule,Silodosin,4mg,Capsule,Sun Pharmaceutical Industries Ltd,strip of 10 capsules,199.0,true
Silodal 8 Capsule,Silodosin,8mg,Capsule,Sun Pharmaceutical Industries Ltd,strip of 10 capsules,278.0,true
Silodal-D 8 Capsule,Silodosin + Dutasteride,8mg + 0.5mg,Capsule,Sun Pharmaceutical Industries Ltd,strip of 10 capsules,449.0,true
Silodal-D4 Capsule,Silodosin + Dutasteride,4mg + 0.5mg,Capsule,Sun Pharmaceutical Industries Ltd,strip of 10 capsules,290.0,true
Silodal-D4 Tablet Combipack,Silodosin + Dutasteride,4mg + 0.5mg,Tablet,Sun Pharmaceutical Industries Ltd,box of 20 tablet combipack,290.0,true
Silofast 4 Capsule,Silodosin,4mg,Capsule,Cipla Ltd,strip of 15 capsules,316.23,true
Silofast 8 Capsule,Silodosin,8mg,Capsule,Cipla Ltd,strip of 15 capsules,519.09,true
Silofast 8 Capsule,Silodosin,8mg,Capsule,Cipla Ltd,bottle of 30 capsules,850.0,true
Silotime 4 Tablet,Silodosin,4mg,Tablet,Intas Pharmaceuticals Ltd,strip of 10 tablets,160.5,true
Silotime 8 Capsule,Silodosin,8mg,Capsule,Intas Pharmaceuticals Ltd,strip of 10 capsules,320.0,true
Silotime 8 Tablet,Silodosin,8mg,Tablet,Intas Pharmaceuticals Ltd,strip of 10 tablets,320.0,true
Silotime-D Capsule,Silodosin + Dutasteride,8mg + 0.5mg,Capsule,Intas Pharmaceuticals Ltd,strip of 10 capsules,456.0,true
Silver Sulfadiazine Cream,Silver Sulfadiazine,,Cream,Sun Pharmaceutical Industries Ltd,tube of 500 gm Cream,201.0,false
Simcard 10mg Tablet,Simvastatin,10mg,Tablet,Cipla Ltd,strip of 10 tablets,98.75,true
Simcard 20mg Tablet,Simvastatin,20mg,Tablet,Cipla Ltd,strip of 10 tablets,173.25,true
Simcard 5mg Tablet,Simvastatin,5mg,Tablet,Cipla Ltd,strip of 10 tablets,61.85,true
Simvotin 10 Tablet,Simvastatin,10mg,Tablet,Sun Pharmaceutical Industries Ltd,strip of 10 tablets,157.0,true
Simvotin 20 Tablet,Simvastatin,20mg,Tablet,Sun Pharmaceutical Industries Ltd,strip of 10 tablets,259.0,true
Simvotin 40 Tablet,Simvastatin,40mg,Tablet,Sun Pharmaceutical Industries Ltd,strip of 10 tablets,300.0,true
Simvotin 5 Tablet,Simvastatin,5mg,Tablet,Sun Pharmaceutical Industries Ltd,strip of 10 tablets,78.0,true
Simvotin EZ 10 mg/10 mg Tablet,Simvastatin + Ezetimibe,10mg + 10mg,Tablet,Sun Pharmaceutical Industries Ltd,strip of 10 tablets,142.0,true
Simvotin EZ 20 mg/10 mg Tablet,Simvastatin + Ezetimibe,20mg + 10mg,Tablet,Sun Pharmaceutical Industries Ltd,strip of 10 tablets,257.0,true
Sinarest Ccf Tablet,Paracetamol + Phenylephrine,500mg + 10mg,Tablet,Centaur Pharmaceuticals Pvt Ltd,strip of 10 tablets,52.59,false
Sinarest FX 120mg Tablet,Fexofenadine,120mg,Tablet,Centaur Pharmaceuticals Pvt Ltd,strip of 10 tablets,120.0,false
Sinarest Fxp Tablet,Fexofenadine + Phenylephrine,60mg + 10mg,Tablet,Centaur Pharmaceuticals Pvt Ltd,strip of 10 tablets,118.36,false
Sinarest Levo New Tablet,Levocetirizine + Ambroxol,5mg + 60mg,Tablet,Centaur Pharmaceuticals Pvt Ltd,strip of 10 tablets,106.19,false
Sinarest Linctus,Chlorpheniramine Maleate + Dextromethorphan Hydrobromide,2mg + 10mg,Other,Centaur Pharmaceuticals Pvt Ltd,bottle of 100 ml Linctus,82.82,false
Sinarest LP New Tablet,Levocetirizine + Phenylephrine,2.5mg + 10mg,Tablet,Centaur Pharmaceuticals Pvt Ltd,strip of 10 tablets,115.53,false
Sinarest LP Suspension,Levocetirizine + Paracetamol,1.25mg + 250mg,Suspension,Centaur Pharmaceuticals Pvt Ltd,bottle of 60 ml Suspension,71.9,false
Sinarest New Nasal Spray,Oxymetazoline,0.05% w/v,Solution,Centaur Pharmaceuticals Pvt Ltd,bottle of 10 ml Nasal Solution,106.04,false
Sinarest New Tablet,Chlorpheniramine Maleate + Paracetamol,2mg + 500mg,Tablet,Centaur Pharmaceuticals Pvt Ltd,strip of 15 tablets,99.98,false
Sinarest Paediatric Drops,Chlorpheniramine Maleate + Paracetamol,1mg + 125mg,Drops,Centaur Pharmaceuticals Pvt Ltd,packet of 15 ml Oral Drops,94.79,false
Sinarest PD Syrup,Chlorpheniramine Maleate + Paracetamol,1mg/5ml + 125mg/5ml,Syrup,Centaur Pharmaceuticals Pvt Ltd,bottle of 60 ml Syrup,67.39,false
Sinarest Plus Oral Suspension,Chlorpheniramine Maleate + Paracetamol,2mg/5ml + 250mg/5ml,Suspension,Centaur Pharmaceuticals Pvt Ltd,bottle of 75 ml Oral Suspension,122.75,false
Sinarest Syrup,Chlorpheniramine Maleate + Phenylephrine,1mg + 5mg,Syrup,Centaur Pharmaceuticals Pvt Ltd,bottle of 75 ml Syrup,121.7,false
Sinarest-AF New Drop (Paediatric),Chlorpheniramine Maleate + Phenylephrine,2mg/ml + 5mg/ml,Drops,Centaur Pharmaceuticals Pvt Ltd,bottle of 15 ml Oral Drops,92.36,false
Sinarest-AF New Syrup,Chlorpheniramine Maleate + Phenylephrine,2mg/5ml + 5mg/5ml,Syrup,Centaur Pharmaceuticals Pvt Ltd,bottle of 60 ml Syrup,118.0,false
Sinarest-AF New Syrup,Chlorpheniramine Maleate + Phenylephrine,2mg/5ml + 5mg/5ml,Syrup,Centaur Pharmaceuticals Pvt Ltd,bottle of 75 ml Syrup,118.0,false
Sinarest-AF Paediatric Drops,Chlorpheniramine Maleate + Phenylephrine,1mg/ml + 2.5mg/ml,Drops,Centaur Pharmaceuticals Pvt Ltd,bottle of 15 ml Oral Drops,92.36,false
Sinarest-AF Plus Syrup,Chlorpheniramine Maleate + Phenylephrine,2mg/5ml + 5mg/5ml,Syrup,Centaur Pharmaceuticals Pvt Ltd,bottle of 60 ml Syrup,67.0,false
Sitacip 100mg Tablet,Sitagliptin,100mg,Tablet,Cipla Ltd,strip of 10 tablets,139.0,true
Sitacip 50mg Tablet,Sitagliptin,50mg,Tablet,Cipla Ltd,strip of 10 tablets,119.0,true
Sitacip D 10mg/100mg Tablet,Dapagliflozin + Sitagliptin,10mg + 100mg,Tablet,Cipla Ltd,strip of 10 tablets,170.0,true
Sitacip D 5mg/50mg Tablet,Dapagliflozin + Sitagliptin,5mg + 50mg,Tablet,Cipla Ltd,strip of 10 tablets,100.0,true
Sitacip M 100/1000 Tablet ER,Sitagliptin + Metformin,100mg + 1000mg,Tablet,Cipla Ltd,strip of 10 tablet er,159.0,true
Sitacip M 100mg/500mg Tablet ER,Sitagliptin + Metformin,100mg + 500mg,Tablet,Cipla Ltd,strip of 10 tablet er,179.0,true
Sitacip M 50/1000 Tablet ER,Sitagliptin + Metformin,50mg + 1000mg,Tablet,Cipla Ltd,strip of 10 tablet er,189.0,true
Sitacip M 50mg/500mg Tablet ER,Sitagliptin + Metformin,50mg + 500mg,Tablet,Cipla Ltd,strip of 10 tablet er,109.0,true
Sitapride 25mg Tablet,Sitagliptin,25mg,Tablet,Micro Labs Ltd,strip of 15 tablets,119.0,true
Sitara 100 Tablet,Sitagliptin,100mg,Tablet,Intas Pharmaceuticals Ltd,strip of 10 tablets,135.0,true
Sitara 50 Tablet,Sitagliptin,50mg,Tablet,Intas Pharmaceuticals Ltd,strip of 10 tablets,90.0,true
Sitara-D 100/10 Tablet,Dapagliflozin + Sitagliptin,10mg + 100mg,Tablet,Intas Pharmaceuticals Ltd,strip of 10 tablets,180.0,true
Sitara-D 10mg/50mg Tablet,Dapagliflozin + Sitagliptin,10mg + 50mg,Tablet,Intas Pharmaceuticals Ltd,strip of 10 tablets,150.0,true
Sitara-D 50/5 Tablet,Dapagliflozin + Sitagliptin,5mg + 50mg,Tablet,Intas Pharmaceuticals Ltd,strip of 10 tablets,126.0,true
Sitara-M 100/1000 Tablet ER,Sitagliptin + Metformin,100mg + 1000mg,Tablet,Intas Pharmaceuticals Ltd,strip of 10 tablet er,149.0,true
Sitara-M 100/500 Tablet ER,Sitagliptin + Metformin,100mg + 500mg,Tablet,Intas Pharmaceuticals Ltd,strip of 10 tablet er,145.0,true
Sitara-M 50/1000 Tablet ER,Sitagliptin + Metformin,50mg + 1000mg,Tablet,Intas Pharmaceuticals Ltd,strip of 10 tablet er,105.0,true
Sitara-M 50/500 Tablet ER,Sitagliptin + Metformin,50mg + 500mg,Tablet,Intas Pharmaceuticals Ltd,strip of 10 tablet er,99.0,true
Sitara-M IR 50/500 Tablet,Sitagliptin + Metformin,50mg + 500mg,Tablet,Intas Pharmaceuticals Ltd,strip of 10 tablets,95.0,true
Sitaxa 100 Tablet,Sitagliptin,100mg,Tablet,Torrent Pharmaceuticals Ltd,strip of 15 tablets,223.5,true
Sitaxa 50mg Tablet,Sitagliptin,50mg,Tablet,Torrent Pharmaceuticals Ltd,strip of 15 tablets,178.5,true
Sitaxa D 10mg/100mg Tablet,Dapagliflozin + Sitagliptin,10mg + 100mg,Tablet,Torrent Pharmaceuticals Ltd,strip of 10 tablets,220.0,true
Sitaxa D 50+5 Tablet,Dapagliflozin + Sitagliptin,5mg + 50mg,Tablet,Torrent Pharmaceuticals Ltd,strip of 10 tablets,165.0,true
Sitaxa M 50/1000 Tablet,Sitagliptin + Metformin,50mg + 1000mg,Tablet,Torrent Pharmaceuticals Ltd,strip of 15 tablets,208.5,true
Sitaxa M 50mg/1000mg Tablet,Sitagliptin + Metformin,50mg + 1000mg,Tablet,Torrent Pharmaceuticals Ltd,strip of 10 tablets,385.0,true
Sitaxa M 50mg/500mg Tablet,Sitagliptin + Metformin,50mg + 500mg,Tablet,Torrent Pharmaceuticals Ltd,strip of 15 tablets,193.5,true
Sitaxa M 50mg/850mg Tablet,Sitagliptin + Metformin,50mg + 850mg,Tablet,Torrent Pharmaceuticals Ltd,strip of 15 tablets,208.5,true
Sitaxa M XR 100+1000 Tablet,Sitagliptin + Metformin,100mg + 1000mg,Tablet,Torrent Pharmaceuticals Ltd,strip of 10 tablet er,169.0,true
Sitaxa M XR 100+500 Tablet,Sitagliptin + Metformin,100mg + 500mg,Tablet,Torrent Pharmaceuticals Ltd,strip of 10 tablet er,159.0,true
Sitaxa M XR 50+500 Tablet,Sitagliptin + Metformin,50mg + 500mg,Tablet,Torrent Pharmaceuticals Ltd,strip of 10 tablet er,129.0,true
Sizodon 1 Tablet,Risperidone,1mg,Tablet,Sun Pharmaceutical Industries Ltd,strip of 10 tablets,33.8,true
Sizodon 2 Tablet,Risperidone,2mg,Tablet,Sun Pharmaceutical Industries Ltd,strip of 10 tablets,52.3,true
Sizodon 3 Tablet,Risperidone,3mg,Tablet,Sun Pharmaceutical Industries Ltd,strip of 10 tablets,73.5,true
Sizodon 4 Tablet,Risperidone,4mg,Tablet,Sun Pharmaceutical Industries Ltd,strip of 10 tablets,89.3,true
Sizodon Forte Tablet,Risperidone + Trihexyphenidyl,4mg + 2mg,Tablet,Sun Pharmaceutical Industries Ltd,strip of 10 tablets,109.0,true
Sizodon LS Tablet,Risperidone + Trihexyphenidyl,2mg + 2mg,Tablet,Sun Pharmaceutical Industries Ltd,strip of 10 tablets,71.5,true
Sizodon MD 0.5 Tablet,Risperidone,0.5mg,Tablet,Sun Pharmaceutical Industries Ltd,strip of 10 disintegrating strips,32.0,true
Sizodon MD 1 Tablet,Risperidone,1mg,Tablet,Sun Pharmaceutical Industries Ltd,strip of 10 tablet md,36.35,true
Sizodon Oral Solution,Risperidone,1mg/ml,Solution,Sun Pharmaceutical Industries Ltd,bottle of 60 ml Oral Solution,143.1,true
Sizodon Plus Tablet,Risperidone + Trihexyphenidyl,3mg + 2mg,Tablet,Sun Pharmaceutical Industries Ltd,strip of 10 tablets,97.0,true
Sizopin 100mg Tablet,Clozapine,100mg,Tablet,Sun Pharmaceutical Industries Ltd,strip of 10 tablets,96.25,true
Sizopin 200 Tablet,Clozapine,200mg,Tablet,Sun Pharmaceutical Industries Ltd,strip of 10 tablets,220.0,true
Sizopin 25 Tablet,Clozapine,25mg,Tablet,Sun Pharmaceutical Industries Ltd,strip of 10 tablets,31.18,true
Sizopin 50 Tablet,Clozapine,50mg,Tablet,Sun Pharmaceutical Industries Ltd,strip of 10 tablets,59.7,true
Skifi 100mg Dry Syrup,Cefixime,100mg/5ml,Syrup,Sun Pharmaceutical Industries Ltd,bottle of 30 ml Dry Syrup,51.5,true
Skifi 50mg Dry Syrup,Cefixime,50mg/5ml,Syrup,Sun Pharmaceutical Industries Ltd,bottle of 30 ml Dry Syrup,35.0,true
Skifi 50mg Tablet DT,Cefixime,50mg,Tablet,Sun Pharmaceutical Industries Ltd,strip of 10 tablet dt,25.0,true
Skifi AZ 200mg/500mg Tablet,Cefixime + Azithromycin,200mg + 500mg,Tablet,Sun Pharmaceutical Industries Ltd,strip of 10 tablets,219.0,true
Skizoril 100mg Tablet,Clozapine,100mg,Tablet,Intas Pharmaceuticals Ltd,strip of 10 tablets,96.32,true
Skizoril 200 Tablet,Clozapine,200mg,Tablet,Intas Pharmaceuticals Ltd,strip of 10 tablets,208.0,true
Skizoril 25mg Tablet,Clozapine,25mg,Tablet,Intas Pharmaceuticals Ltd,strip of 10 tablets,31.25,true
Skizoril 50mg Tablet,Clozapine,50mg,Tablet,Intas Pharmaceuticals Ltd,strip of 10 tablets,59.81,true
Skizoril MD 100 Tablet,Clozapine,100mg,Tablet,Intas Pharmaceuticals Ltd,strip of 10 tablet md,96.32,true
Skizoril MD 200 Tablet,Clozapine,200mg,Tablet,Intas Pharmaceuticals Ltd,strip of 10 tablet md,190.0,true
Skizoril MD 50 Tablet,Clozapine,50mg,Tablet,Intas Pharmaceuticals Ltd,strip of 10 tablet md,59.81,true
Sms 25mg Tablet XL,Metoprolol Succinate,23.75mg,Tablet,Torrent Pharmaceuticals Ltd,strip of 10 tablet xl,49.0,true
Sms 50mg Tablet XL,Metoprolol Succinate,47.5mg,Tablet,Torrent Pharmaceuticals Ltd,strip of 10 tablet xl,67.0,true
Sneez Bye Cold NF 5mg/60mg Tablet,Cetirizine + Ambroxol,5mg + 60mg,Tablet,Zydus Cadila,strip of 10 tablets,30.0,false
Sneez Bye Syrup,Phenylpropanolamine + Dexchlorpheniramine,,Syrup,Zydus Cadila,bottle of 60 ml Syrup,48.0,false
Sneez Bye Tablet,Paracetamol + Phenylpropanolamine,,Tablet,Zydus Cadila,strip of 10 tablets,4.5,false
Sneezy Active Tablet,Caffeine + Chlorpheniramine Maleate,16mg + 2mg,Tablet,Cadila Pharmaceuticals Ltd,strip of 10 tablets,25.25,false
Soha 0.1% Eye Drop,Sodium Hyaluronate,0.1% w/v,Drops,Sun Pharmaceutical Industries Ltd,bottle of 10 ml Eye Drop,405.0,false
Soha 0.1% Eye Drop,Sodium Hyaluronate,0.1% w/v,Drops,Sun Pharmaceutical Industries Ltd,bottle of 5 ml Eye Drop,249.0,false
Soha Liquigel,Sodium Hyaluronate,0.18% w/v,Drops,Sun Pharmaceutical Industries Ltd,bottle of 5 ml Eye Drop,299.0,false
Soha Liquigel,Sodium Hyaluronate,0.18% w/v,Drops,Sun Pharmaceutical Industries Ltd,bottle of 10 ml Eye Drop,466.0,false
Solo Ging Tablet,Estradiol,,Tablet,Elder Pharmaceuticals Ltd,strip of 250 tablets,125.0,true
Solo Syrup,Aceclofenac + Paracetamol,50mg + 125mg,Syrup,Daksh Pharma Pvt Ltd,bottle of 60 ml Syrup,38.0,false
Soltus 100 Tablet,Amisulpride,100mg,Tablet,Intas Pharmaceuticals Ltd,strip of 10 tablets,164.0,true
Soltus 200 Tablet,Amisulpride,200mg,Tablet,Intas Pharmaceuticals Ltd,strip of 10 tablets,317.0,true
Soltus 300 Tablet,Amisulpride,300mg,Tablet,Intas Pharmaceuticals Ltd,strip of 10 tablets,369.0,true
Soltus 400 Tablet,Amisulpride,400mg,Tablet,Intas Pharmaceuticals Ltd,strip of 10 tablets,518.0,true
Soltus 50 Tablet,Amisulpride,50mg,Tablet,Intas Pharmaceuticals Ltd,strip of 10 tablets,101.0,true
Soltus OD 100 Tablet SR,Amisulpride,100mg,Tablet,Intas Pharmaceuticals Ltd,strip of 10 tablet sr,161.0,true
Soltus OD 200 Tablet SR,Amisulpride,200mg,Tablet,Intas Pharmaceuticals Ltd,strip of 10 tablet sr,277.0,true
Soltus OD 300mg Tablet,Amisulpride,300mg,Tablet,Intas Pharmaceuticals Ltd,strip of 10 tablets,386.0,true
Solvin 30mg/4mg Tablet,Chlorpheniramine Maleate + Dextromethorphan Hydrobromide,30mg + 4mg,Tablet,Ipca Laboratories Ltd,strip of 15 tablets,70.75,false
Solvin Cold AF Oral Drops,Chlorpheniramine Maleate + Phenylephrine,1mg/ml + 2.5mg/ml,Drops,Ipca Laboratories Ltd,packet of 15 ml Oral Drops,77.3,false
Solvin Cold DS Syrup,Chlorpheniramine Maleate + Paracetamol,2mg + 250mg,Syrup,Ipca Laboratories Ltd,bottle of 60 ml Syrup,83.1,false
Solvin Cold Syrup,Chlorpheniramine Maleate + Paracetamol,2mg + 125mg,Syrup,Ipca Laboratories Ltd,bottle of 60 ml Syrup,70.65,false
Solvin Cold Tablet,Chlorpheniramine Maleate + Paracetamol,2mg + 500mg,Tablet,Ipca Laboratories Ltd,strip of 10 tablets,56.15,false
Solvin Cough Tablet,Chlorpheniramine Maleate + Dextromethorphan Hydrobromide,2mg + 10mg,Tablet,Ipca Laboratories Ltd,strip of 10 tablets,74.95,false
Solzam 5mg Tablet,Clobazam,5mg,Tablet,Sun Pharmaceutical Industries Ltd,strip of 10 tablets,55.26,false
Somago 20 mg/500 mg Tablet,Dicyclomine + Paracetamol,20mg + 500mg,Tablet,Zydus Cadila,strip of 10 tablets,15.0,false
Somago Spas 10mg/250mg Tablet,Dicyclomine + Mefenamic Acid,10mg + 250mg,Tablet,Zydus Cadila,strip of 10 tablets,25.0,false
Somazina 1000mg Tablet,Citicoline,1000mg,Tablet,Elder Pharmaceuticals Ltd,strip of 10 tablets,429.0,false
Sompraz 20 Tablet,Esomeprazole,20mg,Tablet,Sun Pharmaceutical Industries Ltd,strip of 15 tablets,109.0,true
Sompraz 40 Tablet,Esomeprazole,40mg,Tablet,Sun Pharmaceutical Industries Ltd,strip of 15 tablets,139.0,true
Sompraz 40mg Injection,Esomeprazole,40mg,Injection,Sun Pharmaceutical Industries Ltd,vial of 1 Injection,95.5,true
Sompraz D 20 Capsule SR,Domperidone + Esomeprazole,30mg + 20mg,Capsule,Sun Pharmaceutical Industries Ltd,strip of 15 capsule sr,158.0,true
Sompraz D 40 Capsule SR,Domperidone + Esomeprazole,30mg + 40mg,Capsule,Sun Pharmaceutical Industries Ltd,strip of 15 capsule sr,230.0,true
Sompraz IT Capsule SR,Esomeprazole + Itopride,40mg + 150mg,Capsule,Sun Pharmaceutical Industries Ltd,strip of 10 capsule sr,230.0,true
Sompraz L Capsule SR,Levosulpiride + Esomeprazole,75mg + 40mg,Capsule,Sun Pharmaceutical Industries Ltd,strip of 10 capsule sr,274.0,true
Sorbitrate Insta Tablet,Nitroglycerin,0.5mg,Tablet,Abbott,strip of 30 tablets,59.43,true
Sotret 10mg Capsule,Isotretinoin,10mg,Capsule,Sun Pharmaceutical Industries Ltd,strip of 10 soft gelatin capsules,219.0,true
Sotret 20mg Capsule,Isotretinoin,20mg,Capsule,Sun Pharmaceutical Industries Ltd,strip of 10 capsules,316.0,true
Sotret 30mg Capsule,Isotretinoin,30mg,Capsule,Sun Pharmaceutical Industries Ltd,strip of 10 capsules,345.0,true
Sotret 40mg Capsule,Isotretinoin,40mg,Capsule,Sun Pharmaceutical Industries Ltd,strip of 10 soft gelatin capsules,261.58,true
Sotret Gel,Isotretinoin,0.05% w/w,Gel,Sun Pharmaceutical Industries Ltd,tube of 30 gm Gel,238.0,true
Sotret NF 16mg Capsule,Isotretinoin,16mg,Capsule,Sun Pharmaceutical Industries Ltd,strip of 10 soft gelatin capsules,340.0,true
Sotret NF 24mg Capsule,Isotretinoin,24mg,Capsule,Sun Pharmaceutical Industries Ltd,strip of 10 soft gelatin capsules,380.0,true
Sotret NF 8mg Capsule,Isotretinoin,8mg,Capsule,Sun Pharmaceutical Industries Ltd,strip of 10 soft gelatin capsules,230.0,true
Spar Eye Drop,Sparfloxacin,0.3% w/v,Drops,Cipla Ltd,packet of 5 ml Eye Drop,25.25,false
Sparflin 200mg Tablet,Sparfloxacin,200mg,Tablet,Lupin Ltd,strip of 6 tablets,61.55,false
Sparflin 400mg Tablet,Sparfloxacin,400mg,Tablet,Lupin Ltd,strip of 6 tablets,35.0,false
Sparflin Tablet,Sparfloxacin,,Tablet,Lupin Ltd,strip of 10 tablets,100.0,false
Sparkle 100mg Tablet,Sparfloxacin,100mg,Tablet,Alkem Laboratories Ltd,strip of 6 tablets,52.5,false
Sparkle 200mg Tablet,Sparfloxacin,200mg,Tablet,Alkem Laboratories Ltd,strip of 6 tablets,36.31,false
Sparkle 400mg Tablet,Sparfloxacin,400mg,Tablet,Alkem Laboratories Ltd,strip of 6 tablets,92.32,false
Spasfiz 10 mg/40 mg Drop,Dicyclomine + Dimethicone,10mg + 40mg,Drops,Sun Pharmaceutical Industries Ltd,packet of 10 ml Drop,25.0,false
Spasfiz Plus 10 mg/250 mg Tablet,Dicyclomine + Mefenamic Acid,10mg + 250mg,Tablet,Sun Pharmaceutical Industries Ltd,strip of 10 tablets,7.5,false
Spasmed 20 mg/500 mg Tablet,Dicyclomine + Paracetamol,20mg + 500mg,Tablet,Zydus Cadila,strip of 10 tablets,23.41,false
Spasmindon N Tablet,Drotaverine + Mefenamic Acid,80mg + 250mg,Tablet,Zydus Cadila,strip of 10 tablets,87.6,false
Spasmo-Proxyvon Plus Capsule,Dicyclomine + Paracetamol,10mg + 325mg,Capsule,Wockhardt Ltd,strip of 8 capsules,46.0,false
Spasmokem 10 mg/40 mg Drop,Dicyclomine + Dimethicone,10mg + 40mg,Drops,Alkem Laboratories Ltd,packet of 10 ml Drop,15.0,false
Spasmokem 20 mg/500 mg Tablet,Dicyclomine + Paracetamol,20mg + 500mg,Tablet,Alkem Laboratories Ltd,strip of 10 tablets,5.37,false
Spasmokem G 20 mg/500 mg Tablet,Dicyclomine + Paracetamol,20mg + 500mg,Tablet,Alkem Laboratories Ltd,strip of 10 tablets,6.01,false
Spasmokem Tablet,Dicyclomine + Paracetamol,,Tablet,Alkem Laboratories Ltd,strip of 10 tablets,4.56,false
Spasmokem-G NF Tablet,Dicyclomine + Paracetamol,20mg + 325mg,Tablet,Alkem Laboratories Ltd,strip of 10 tablets,19.0,false
Spasmokem-NF Tablet,Dicyclomine + Paracetamol,20mg + 325mg,Tablet,Alkem Laboratories Ltd,strip of 10 tablets,19.0,false
Spasmonil 20mg/325mg Tablet,Dicyclomine + Paracetamol,20mg + 325mg,Tablet,Cipla Ltd,strip of 10 tablets,26.4,false
Spasmonil Drop,Dicyclomine + Dimethicone,10mg + 40mg,Drops,Cipla Ltd,packet of 10 ml Drop,39.5,false
Spasmonil Forte Syrup,Mefenamic Acid + Paracetamol,,Syrup,Cipla Ltd,bottle of 60 ml Syrup,15.6,false
Spasmonil Forte Tablet,Mefenamic Acid + Paracetamol,500mg + 450mg,Tablet,Cipla Ltd,strip of 10 tablets,17.5,false
Spasmonil Plus Tablet,Dicyclomine + Mefenamic Acid,10mg + 250mg,Tablet,Cipla Ltd,strip of 10 tablets,27.0,false
Spenzo 0.5 Tablet,Flupenthixol,0.5mg,Tablet,Intas Pharmaceuticals Ltd,strip of 10 tablets,45.0,false
Spenzo 1mg Tablet,Flupenthixol,1mg,Tablet,Intas Pharmaceuticals Ltd,strip of 10 tablets,66.5,false
Spenzo 3 Tablet,Flupenthixol,3mg,Tablet,Intas Pharmaceuticals Ltd,strip of 10 tablets,132.0,false
Sporidex 100mg Paediatric Drops,Cefalexin,100mg,Suspension,Sun Pharmaceutical Industries Ltd,bottle of 10 ml Oral Suspension,96.0,true
Sporidex 125 Tablet DT,Cefalexin,125mg,Tablet,Sun Pharmaceutical Industries Ltd,strip of 10 tablet dt,90.0,true
Sporidex 250 Capsule,Cefalexin,250mg,Capsule,Sun Pharmaceutical Industries Ltd,strip of 10 capsules,95.0,true
Sporidex 500 Capsule,Cefalexin,500mg,Capsule,Sun Pharmaceutical Industries Ltd,strip of 10 capsules,210.0,true
Sporidex AF 375 Tablet ER,Cefalexin,375mg,Tablet,Sun Pharmaceutical Industries Ltd,strip of 10 tablet er,230.0,true
Sporidex AF 750 Tablet ER,Cefalexin,750mg,Tablet,Sun Pharmaceutical Industries Ltd,strip of 10 tablet er,380.0,true
Sporidex DS 250mg Tablet,Cefalexin,250mg,Tablet,Sun Pharmaceutical Industries Ltd,strip of 10 tablets,173.0,true
Sporidex Kid 125mg Tablet,Cefalexin,125mg,Tablet,Sun Pharmaceutical Industries Ltd,strip of 10 tablets,68.5,true
Sporidex Kid 250mg Tablet,Cefalexin,250mg,Tablet,Sun Pharmaceutical Industries Ltd,strip of 10 tablets,120.5,true
Sporidex Oral Suspension,Cefalexin,125mg,Suspension,Sun Pharmaceutical Industries Ltd,bottle of 30 ml Oral Suspension,50.0,true
Sporidex Redimix Drop Orange,Cefalexin,100mg,Drops,Sun Pharmaceutical Industries Ltd,packet of 10 ml Drop,105.0,true
Sporidex Redimix Oral Suspension,Cefalexin,250mg/5ml,Suspension,Sun Pharmaceutical Industries Ltd,bottle of 30 ml Oral Suspension,116.0,true
Sporidex Redimix Oral Suspension,Cefalexin,250mg/5ml,Suspension,Sun Pharmaceutical Industries Ltd,bottle of 60 ml Oral Suspension,119.0,true
Sporidex Redimix Suspension,Cefalexin,125mg,Suspension,Sun Pharmaceutical Industries Ltd,bottle of 30 ml Redimix Suspension,50.0,true
Sporidex Syrup,Cefalexin,250mg/5ml,Syrup,Sun Pharmaceutical Industries Ltd,bottle of 30 ml Syrup,71.0,true
Sporidex-CV 375 Tablet ER,Cefalexin + Clavulanic Acid,375mg + 125mg,Tablet,Sun Pharmaceutical Industries Ltd,strip of 10 tablet er,240.0,true
Sporidex-CV 750 Tablet ER,Cefalexin + Clavulanic Acid,750mg + 125mg,Tablet,Sun Pharmaceutical Industries Ltd,strip of 10 tablet er,425.0,true
Stafcure 1.5gm Injection,Cefuroxime,1.5gm,Injection,Macleods Pharmaceuticals Pvt Ltd,vial of 10 ml Injection,248.0,true
Stafcure LZ Tablet,Cefuroxime + Linezolid,500mg + 600mg,Tablet,Macleods Pharmaceuticals Pvt Ltd,strip of 10 tablets,547.0,true
Stalix 100 Tablet,Sitagliptin,100mg,Tablet,Torrent Pharmaceuticals Ltd,strip of 15 tablets,223.5,true
Stalix 25 Tablet,Sitagliptin,25mg,Tablet,Torrent Pharmaceuticals Ltd,strip of 15 tablets,163.5,true
Stalix 50 Tablet,Sitagliptin,50mg,Tablet,Torrent Pharmaceuticals Ltd,strip of 15 tablets,178.5,true
Stalix D (10+100) Tablet,Dapagliflozin + Sitagliptin,10mg + 100mg,Tablet,Torrent Pharmaceuticals Ltd,strip of 10 tablets,220.0,true
Stalix M 50+850 Tablet,Sitagliptin + Metformin,50mg + 850mg,Tablet,Torrent Pharmaceuticals Ltd,strip of 15 tablets,208.5,true
Stalix M XR 100+1000 Tablet,Sitagliptin + Metformin,100mg + 1000mg,Tablet,Torrent Pharmaceuticals Ltd,strip of 10 tablet er,169.0,true
Stalopam 40mg Tablet,Escitalopram Oxalate,40mg,Tablet,Lupin Ltd,strip of 10 tablets,78.95,true
Staminic Plus Oral Suspension,Chlorpheniramine Maleate + Paracetamol,2mg/5ml + 125mg/5ml,Suspension,Intas Pharmaceuticals Ltd,bottle of 60 ml Oral Suspension,42.0,false
Stancef O Syrup,Cefixime,125mg,Syrup,Sun Pharmaceutical Industries Ltd,bottle of 30 ml Syrup,25.0,true
Starcad 12.5 mg Tablet,Amlodipine + Atorvastatin,2.5mg + 10mg,Tablet,Lupin Ltd,strip of 10 tablets,86.4,true
Starcad CT 50 mg/12.5 mg Tablet,Metoprolol Succinate + Chlorthalidone,50mg + 12.5mg,Tablet,Lupin Ltd,strip of 10 tablets,110.0,true
Starcad-Beta 12.5 Tablet ER,Metoprolol Succinate,11.8mg,Tablet,Lupin Ltd,strip of 10 tablet er,109.6,true
Starcad-Beta 25 Tablet ER,S-Metoprolol Succinate,23.75mg,Tablet,Lupin Ltd,strip of 10 tablet er,154.25,true
Starcad-Beta 50 Tablet ER,S-Metoprolol Succinate,47.5mg,Tablet,Lupin Ltd,strip of 10 tablet er,202.5,true
Starpress 3D 12.5mg/25mg/40mg Tablet,Chlorthalidone + Metoprolol Succinate,12.5mg + 25mg,Tablet,Lupin Ltd,strip of 10 tablets,121.85,true
Starpress 3D 12.5mg/50mg/40mg Tablet,Chlorthalidone + Metoprolol Succinate,12.5mg + 50mg,Tablet,Lupin Ltd,strip of 10 tablets,133.5,true
Starpress 3D 6.25mg/25mg/40mg Tablet,Chlorthalidone + Metoprolol Succinate,6.25mg + 25mg,Tablet,Lupin Ltd,strip of 10 tablets,110.43,true
Starpress 3D 6.25mg/50mg/40mg Tablet,Chlorthalidone + Metoprolol Succinate,6.25mg + 50mg,Tablet,Lupin Ltd,strip of 10 tablets,121.07,true
Starpress D 25mg/12.5mg Tablet XL,Metoprolol Succinate + Chlorthalidone,25mg + 12.5mg,Tablet,Lupin Ltd,strip of 10 tablet xl,71.0,true
Starpress D 50mg/12.5mg Tablet XL,Metoprolol Succinate + Chlorthalidone,50mg + 12.5mg,Tablet,Lupin Ltd,strip of 10 tablet xl,80.0,true
Starpress MN 25mg/5mg Capsule XL,Metoprolol Succinate + Isosorbide Mononitrate,25mg + 5mg,Capsule,Lupin Ltd,strip of 10 capsule xl,65.0,true
Starpress R XL 25 Tablet,Metoprolol Succinate + Ramipril,25mg + 2.5mg,Tablet,Lupin Ltd,strip of 10 tablet er,184.6,true
Starpress R XL 50 Tablet,Metoprolol Succinate + Ramipril,50mg + 5mg,Tablet,Lupin Ltd,strip of 10 tablet er,313.0,true
Starpress XL 100 Tablet,Metoprolol Succinate,95mg,Tablet,Lupin Ltd,strip of 10 Tablet pr,149.3,true
Starpress XL 12.5 Tablet,Metoprolol Succinate,11.8mg,Tablet,Lupin Ltd,strip of 10 Tablet pr,48.0,true
Starpress XL 50 Tablet,Metoprolol Succinate,50mg,Tablet,Lupin Ltd,strip of 15 Tablet pr,107.16,true
Starpress-AM XL 25 Tablet,Amlodipine + Metoprolol Succinate,5mg + 25mg,Tablet,Lupin Ltd,strip of 10 Tablet pr,80.25,true
Starpress-H 25 XL Tablet,Metoprolol Succinate + Hydrochlorothiazide,25mg + 12.5mg,Tablet,Lupin Ltd,strip of 10 tablet ir,78.25,true
Starpress-H 50 XL Tablet,Metoprolol Succinate + Hydrochlorothiazide,50mg + 12.5mg,Tablet,Lupin Ltd,strip of 10 tablet ir,129.35,true
Stator Asp 150 Capsule,Atorvastatin + Aspirin,10mg + 150mg,Capsule,Abbott,strip of 15 capsules,61.02,true
Statpure-F 10 Tablet,Fenofibrate + Rosuvastatin,145mg + 10mg,Tablet,Mankind Pharma Ltd,strip of 10 tablets,229.8,true
Statpure-F 20 Tablet,Fenofibrate + Rosuvastatin,145mg + 20mg,Tablet,Mankind Pharma Ltd,strip of 10 tablets,300.0,true
Statum 1% Ointment,Clotrimazole,1% w/w,Ointment,Sun Pharmaceutical Industries Ltd,tube of 15 gm Ointment,27.5,false
StayHappi Cefpodoxime Proxetil 50mg Dry Syrup,Cefpodoxime Proxetil,50mg/5ml,Syrup,Sarvagunaushdhi Pvt Ltd,bottle of 30 ml Dry Syrup,26.67,true
StayHappi Domperidone+Omeprazole 10mg/15mg Tablet,Domperidone + Omeprazole,10mg + 15mg,Tablet,Sarvagunaushdhi Pvt Ltd,strip of 20 tablets,30.0,true
StayHappi Domperidone+Rabeprazole 30mg/40mg Capsule,Domperidone + Rabeprazole,30mg + 40mg,Capsule,Sarvagunaushdhi Pvt Ltd,strip of 10 capsules,60.0,true
StayHappi Glimepiride+Metformin 3mg/850mg Tablet,Glimepiride + Metformin,3mg + 850mg,Tablet,Sarvagunaushdhi Pvt Ltd,strip of 10 tablets,45.0,true
StayHappi Montelukast+Fexofenadine 4mg/60mg Syrup,Montelukast + Fexofenadine,4mg/5ml + 60mg/5ml,Syrup,Sarvagunaushdhi Pvt Ltd,bottle of 60 ml Syrup,70.0,true
StayHappi Ofloxacin 50mg Syrup,Ofloxacin,50mg/5ml,Syrup,Sarvagunaushdhi Pvt Ltd,bottle of 60 ml Syrup,40.0,true
StayHappi Ondansetron 2mg Syrup,Ondansetron,2mg/5ml,Syrup,Sarvagunaushdhi Pvt Ltd,bottle of 30 ml Syrup,14.44,true
StayHappi Paracetamol 250mg Syrup,Paracetamol,250mg/5ml,Syrup,Sarvagunaushdhi Pvt Ltd,bottle of 60 ml Syrup,21.11,false
Stimufol 2.5mg Tablet,Letrozole,2.5mg,Tablet,Intas Pharmaceuticals Ltd,strip of 5 tablets,183.82,true
Storax Plus Tablet,Citicoline + Methylcobalamin,500mg + 750mcg,Tablet,Intas Pharmaceuticals Ltd,strip of 10 tablets,663.0,false
Storax PR Tablet,Citicoline + Piracetam,500mg + 800mg,Tablet,Intas Pharmaceuticals Ltd,strip of 10 tablets,816.0,true
Storax Syrup,Citicoline,500mg/5ml,Syrup,Intas Pharmaceuticals Ltd,bottle of 60 ml Syrup,817.0,false
Storvas 10 CP Tablet,Atorvastatin,10mg,Tablet,Sun Pharmaceutical Industries Ltd,strip of 30 tablets,167.23,true
Storvas 10 Tablet,Atorvastatin,10mg,Tablet,Sun Pharmaceutical Industries Ltd,strip of 15 tablets,102.25,true
Storvas 20 Tablet,Atorvastatin,20mg,Tablet,Sun Pharmaceutical Industries Ltd,bottle of 90 tablets,894.81,true
Storvas 20 Tablet,Atorvastatin,20mg,Tablet,Sun Pharmaceutical Industries Ltd,strip of 15 tablets,247.75,true
Storvas 40 Tablet,Atorvastatin,40mg,Tablet,Sun Pharmaceutical Industries Ltd,strip of 10 tablets,239.9,true
Storvas 40 Tablet,Atorvastatin,40mg,Tablet,Sun Pharmaceutical Industries Ltd,bottle of 90 tablets,1299.53,true
Storvas 5 Tablet,Atorvastatin,5mg,Tablet,Sun Pharmaceutical Industries Ltd,strip of 15 tablets,105.0,true
Storvas 80 Tablet,Atorvastatin,80mg,Tablet,Sun Pharmaceutical Industries Ltd,strip of 10 tablets,466.0,true
Storvas Amf 5mg/10mg Tablet,Amlodipine + Atorvastatin,5mg + 10mg,Tablet,Sun Pharmaceutical Industries Ltd,strip of 10 tablets,72.15,true
Storvas CP 20mg Tablet,Atorvastatin,20mg,Tablet,Sun Pharmaceutical Industries Ltd,strip of 30 tablets,405.21,true
Storvas CV 10 Capsule,Atorvastatin + Clopidogrel,10mg + 75mg,Capsule,Sun Pharmaceutical Industries Ltd,strip of 10 capsules,170.0,true
Storvas CV 20 Capsule,Atorvastatin + Clopidogrel,20mg + 75mg,Capsule,Sun Pharmaceutical Industries Ltd,strip of 10 capsules,246.0,true
Storvas D 10 Tablet,Atorvastatin + Vitamin D3,10mg + 1000IU,Tablet,Sun Pharmaceutical Industries Ltd,strip of 10 tablets,117.0,true
Storvas D 20 Tablet,Atorvastatin + Vitamin D3,20mg + 1000IU,Tablet,Sun Pharmaceutical Industries Ltd,strip of 10 tablets,180.0,true
Storvas EZ 10 Tablet,Atorvastatin + Ezetimibe,10mg + 10mg,Tablet,Sun Pharmaceutical Industries Ltd,strip of 10 tablets,239.0,true
Storvas EZ 20 Tablet,Atorvastatin + Ezetimibe,20mg + 10mg,Tablet,Sun Pharmaceutical Industries Ltd,strip of 10 tablets,237.5,true
Storvas Trio 75mg/20mg/75mg Tablet,Aspirin + Atorvastatin,75mg + 20mg,Tablet,Sun Pharmaceutical Industries Ltd,strip of 10 tablets,77.5,true
Stresnil Plus 0.25mg/5mg Tablet,Clonazepam + Escitalopram Oxalate,0.25mg + 5mg,Tablet,Aristo Pharmaceuticals Pvt Ltd,strip of 10 tablets,65.0,true
Strocit 500 Tablet,Citicoline,500mg,Tablet,Sun Pharmaceutical Industries Ltd,strip of 10 tablets,699.0,false
Strocit Injection,Citicoline,250mg/ml,Injection,Sun Pharmaceutical Industries Ltd,vial of 4 ml Injection,283.0,true
Strocit Injection,Citicoline,250mg/ml,Injection,Sun Pharmaceutical Industries Ltd,vial of 2 ml Injection,156.0,true
Strocit Oral Drops,Citicoline,100mg/ml,Drops,Sun Pharmaceutical Industries Ltd,packet of 30 ml Oral Drops,375.0,false
Strocit Plus Tablet,Citicoline + Piracetam,500mg + 800mg,Tablet,Sun Pharmaceutical Industries Ltd,strip of 10 tablets,799.0,true
Strocoz Syrup,Citicoline,500mg/5ml,Syrup,Emcure Pharmaceuticals Ltd,bottle of 60 ml Syrup,713.35,false
Strolin 250mg Injection,Citicoline,250mg,Injection,Torrent Pharmaceuticals Ltd,vial of 2 ml Injection,88.0,true
Strolin 500mg Syrup,Citicoline,500mg/5ml,Syrup,Torrent Pharmaceuticals Ltd,bottle of 60 ml Syrup,534.0,false
Strolin OD 1000mg Tablet,Citicoline,1000mg,Tablet,Torrent Pharmaceuticals Ltd,strip of 10 tablets,779.0,false
Strolin P 400 Tablet,Citicoline + Piracetam,500mg + 400mg,Tablet,Torrent Pharmaceuticals Ltd,strip of 10 tablets,718.7,true
Strolin P 800 Tablet,Citicoline + Piracetam,500mg + 800mg,Tablet,Torrent Pharmaceuticals Ltd,strip of 10 tablets,805.9,true
Strolin Tablet,Citicoline,500mg,Tablet,Torrent Pharmaceuticals Ltd,strip of 10 tablets,676.2,false
Strox Eye Drop,Ciprofloxacin,,Drops,Alembic Pharmaceuticals Ltd,packet of 10 ml Eye Drop,6.93,true
Strox TZ 250 mg/300 mg Tablet,Ciprofloxacin + Tinidazole,250mg + 300mg,Tablet,Alembic Pharmaceuticals Ltd,strip of 10 tablets,35.97,true
Strozagel 40mg Tablet,Ozagrel,40mg,Tablet,Sun Pharmaceutical Industries Ltd,strip of 10 tablets,174.28,false
Strozagel 80mg Tablet,Ozagrel,80mg,Tablet,Sun Pharmaceutical Industries Ltd,strip of 10 tablets,350.0,false
Sucra Relcer O Oral Suspension,Sucralfate + Oxetacaine,1000mg + 20mg,Suspension,Glenmark Pharmaceuticals Ltd,bottle of 200 ml Oral Suspension,246.5,true
Sucrace-O Suspension,Sucralfate + Oxetacaine,500mg/5ml + 10mg/5ml,Suspension,Zydus Cadila,bottle of 200 ml Oral Suspension,285.35,true
Sucragel Suspension,Sucralfate,500mg/5ml,Suspension,Intas Pharmaceuticals Ltd,bottle of 100 ml Suspension,71.17,true
Sucratas Syrup,Sucralfate,1000mg,Syrup,Intas Pharmaceuticals Ltd,bottle of 100 ml Syrup,66.9,true
Sucratas-O Oral Suspension,Sucralfate + Oxetacaine,1gm/5ml + 10mg,Suspension,Intas Pharmaceuticals Ltd,bottle of 200 ml Oral Suspension,270.0,true
Sucratas-O Oral Suspension,Sucralfate + Oxetacaine,1gm/5ml + 10mg,Suspension,Intas Pharmaceuticals Ltd,bottle of 100 ml Oral Suspension,168.0,true
Sugamet MC 1000 Tablet PR,Metformin + Methylcobalamin,1000mg + 750mcg,Tablet,Zydus Cadila,strip of 10 Tablet pr,154.6,true
Sugamet MC 500 Tablet SR,Metformin + Methylcobalamin,500mg + 750mcg,Tablet,Zydus Cadila,strip of 10 tablet sr,125.55,true
Sugamet MC G 2 mg Tablet,Metformin + Glimepiride,500mg + 2mg,Tablet,Zydus Cadila,strip of 10 tablets,78.2,true
Suhagra 100 Tablet,Sildenafil,100mg,Tablet,Cipla Ltd,strip of 4 tablets,192.0,true
Suhagra 25 Tablet,Sildenafil,25mg,Tablet,Cipla Ltd,strip of 4 tablets,106.0,true
Suhagra 50 Tablet,Sildenafil,50mg,Tablet,Cipla Ltd,strip of 4 tablets,121.0,true
Suhagra Force 50mg/30mg Tablet,Sildenafil + Dapoxetine,50mg + 30mg,Tablet,Cipla Ltd,strip of 4 tablets,199.0,true
Sulpitac 100 Tablet,Amisulpride,100mg,Tablet,Sun Pharmaceutical Industries Ltd,strip of 10 tablets,162.0,true
Sulpitac 200 Tablet,Amisulpride,200mg,Tablet,Sun Pharmaceutical Industries Ltd,strip of 10 tablets,305.0,true
Sulpitac 300 Tablet,Amisulpride,300mg,Tablet,Sun Pharmaceutical Industries Ltd,strip of 10 tablets,350.0,true
Sulpitac 400 Tablet,Amisulpride,400mg,Tablet,Sun Pharmaceutical Industries Ltd,strip of 10 tablets,500.0,true
Sulpitac 50 Tablet,Amisulpride,50mg,Tablet,Sun Pharmaceutical Industries Ltd,strip of 10 tablets,102.0,true
Sulpitac OD 100mg Tablet,Amisulpride,100mg,Tablet,Sun Pharmaceutical Industries Ltd,strip of 10 tablets,106.0,true
Sulpitac OD 200mg Tablet,Amisulpride,200mg,Tablet,Sun Pharmaceutical Industries Ltd,strip of 10 tablets,281.0,true
Suminat 100 Tablet,Sumatriptan,100mg,Tablet,Sun Pharmaceutical Industries Ltd,strip of 1 Tablet,199.0,false
Suminat 25 Tablet,Sumatriptan,25mg,Tablet,Sun Pharmaceutical Industries Ltd,strip of 1 Tablet,37.35,false
Suminat 50 Tablet,Sumatriptan,50mg,Tablet,Sun Pharmaceutical Industries Ltd,strip of 1 Tablet,64.0,false
Suminat Fast 25mg Tablet,Sumatriptan,25mg,Tablet,Sun Pharmaceutical Industries Ltd,strip of 1 Tablet,29.56,false
Sumitrex 100mg Tablet,Sumatriptan,100mg,Tablet,Sun Pharmaceutical Industries Ltd,strip of 1 Tablet,72.0,false
Sumitrex 25mg Tablet,Sumatriptan,25mg,Tablet,Sun Pharmaceutical Industries Ltd,strip of 1 Tablet,19.58,false
Sumitrex 50mg Tablet,Sumatriptan,50mg,Tablet,Sun Pharmaceutical Industries Ltd,strip of 1 Tablet,37.1,false
Sumo Cold Drop,Chlorpheniramine Maleate + Paracetamol,1mg + 125mg,Drops,Alkem Laboratories Ltd,packet of 10 ml Drop,67.0,false
Sumo Cold Pcf Drop,Chlorpheniramine Maleate + Paracetamol,2mg + 125mg,Drops,Alkem Laboratories Ltd,packet of 10 ml Drop,67.0,false
Sumo Cold Pcf Syrup,Chlorpheniramine Maleate + Paracetamol,2mg + 125mg,Syrup,Alkem Laboratories Ltd,bottle of 60 ml Syrup,90.0,false
Sumo Cold Tablet,Caffeine + Diphenhydramine,30mg + 25mg,Tablet,Alkem Laboratories Ltd,strip of 10 tablets,45.0,false
Sumo Joy Tablet,Diclofenac + Paracetamol,50mg + 325mg,Tablet,Alkem Laboratories Ltd,strip of 10 tablets,33.0,false
Sumo L 120 Suspension Strawberry,Paracetamol,120mg,Suspension,Alkem Laboratories Ltd,bottle of 60 ml Oral Suspension,39.45,false
Sumo L 125 Suspension,Paracetamol,125mg/5ml,Suspension,Alkem Laboratories Ltd,bottle of 60 ml Oral Suspension,35.62,false
Sumo L 650 Tablet,Paracetamol,650mg,Tablet,Alkem Laboratories Ltd,strip of 15 tablets,34.22,false
Sumo L Drops,Paracetamol,100mg/ml,Suspension,Alkem Laboratories Ltd,packet of 15 ml Oral Suspension,30.07,false
Sumo L DS Suspension,Paracetamol,250mg/5ml,Suspension,Alkem Laboratories Ltd,bottle of 60 ml Oral Suspension,44.35,false
Sumo L IV Infusion,Paracetamol,1000mg,Injection,Alkem Laboratories Ltd,bottle of 100 ml Infusion,251.0,true
Sumo L Plus Paediatric Suspension,Mefenamic Acid + Paracetamol,50mg/5ml + 125mg/5ml,Suspension,Alkem Laboratories Ltd,bottle of 60 ml Suspension,67.0,false
Sumo L Spas Tablet,Dicyclomine + Paracetamol,20mg + 325mg,Tablet,Alkem Laboratories Ltd,strip of 10 tablets,300.0,false
Sumo MF 100mg Oral Suspension,Mefenamic Acid,100mg,Suspension,Alkem Laboratories Ltd,bottle of 60 ml Oral Suspension,27.62,false
Sumo Spas 100mg/50mg Tablet,Nimesulide + Camylofin,100mg + 50mg,Tablet,Alkem Laboratories Ltd,strip of 10 tablets,43.2,false
Sumo Suspension,Nimesulide + Paracetamol,50mg + 125mg,Suspension,Alkem Laboratories Ltd,bottle of 60 ml Suspension,18.17,false
Sumox 250mg Oral Drops,Amoxycillin,250mg,Drops,Biochem Pharmaceutical Industries,packet of 10 ml Oral Drops,16.0,true
Sun Prazin 100mg Tablet,Chlorpromazine,100mg,Tablet,Sun Pharmaceutical Industries Ltd,strip of 10 tablets,6.8,false
Sun Prazin 25mg Tablet,Chlorpromazine,25mg,Tablet,Sun Pharmaceutical Industries Ltd,strip of 10 tablets,245.41,false
Sun Prazin 50mg Tablet,Chlorpromazine,50mg,Tablet,Sun Pharmaceutical Industries Ltd,strip of 10 tablets,268.51,false
Suncef Syrup,Cefuroxime,125mg/5ml,Syrup,Sunmax Pharma,bottle of 30 ml Syrup,129.5,true
Sunflox 100mg Tablet,Ofloxacin,100mg,Tablet,Sun Pharmaceutical Industries Ltd,strip of 10 tablets,45.78,true
Sunflox 200mg Tablet,Ofloxacin,200mg,Tablet,Sun Pharmaceutical Industries Ltd,strip of 10 tablets,62.0,true
Supatret 0.04 Aqueous Gel,Tretinoin,0.04% w/w,Gel,Sun Pharmaceutical Industries Ltd,tube of 20 gm Gel,288.0,false
Supatret 0.1 Aqueous Gel,Tretinoin,0.1% w/w,Gel,Sun Pharmaceutical Industries Ltd,tube of 20 gm Gel,215.0,false
Super Glow NF Cream,Hydroquinone + Mometasone,2% w/w + 0.1% w/w,Cream,Cipla Ltd,tube of 15 gm Cream,130.0,true
Super Manforce Tablet,Tadalafil,20mg,Tablet,Mankind Pharma Ltd,strip of 4 tablets,275.0,true
Supernim Gel,Nimesulide,10mg/gm,Gel,Cipla Ltd,tube of 20 gm Gel,26.92,false
Supirocin Cream,Mupirocin,2% w/w,Cream,Glenmark Pharmaceuticals Ltd,tube of 10 gm Cream,213.5,false
Supirocin Lipogel,Mupirocin,2% w/w,Gel,Glenmark Pharmaceuticals Ltd,tube of 5 gm Gel,99.0,false
Supirocin Lipogel,Mupirocin,2% w/w,Gel,Glenmark Pharmaceuticals Ltd,tube of 15 gm Gel,250.0,false
Suprabenz 0.25mg Tablet,Etizolam,0.25mg,Tablet,Alkem Laboratories Ltd,strip of 10 tablets,50.0,true
Suprabenz 0.5mg Tablet,Etizolam,0.5mg,Tablet,Alkem Laboratories Ltd,strip of 10 tablets,75.5,true
Suprabenz Plus 0.5 mg/10 mg Tablet,Etizolam + Escitalopram Oxalate,0.5mg + 10mg,Tablet,Alkem Laboratories Ltd,strip of 10 tablets,135.0,true
Suprabenz Plus 0.5mg/5mg Tablet,Etizolam + Escitalopram Oxalate,0.5mg + 5mg,Tablet,Alkem Laboratories Ltd,strip of 10 tablets,96.5,true
Suprapod 100mg Dry Syrup,Cefpodoxime Proxetil,100mg,Syrup,Intas Pharmaceuticals Ltd,bottle of 30 ml Dry Syrup,117.0,true
Suprax 100mg Capsule,Cefixime,100mg,Capsule,Elder Pharmaceuticals Ltd,strip of 4 capsules,120.0,true
Suprax 200mg Capsule,Cefixime,200mg,Capsule,Elder Pharmaceuticals Ltd,strip of 4 capsules,200.0,true
Suprimox 500mg/500mg Capsule,Amoxycillin + Cloxacillin,500mg + 500mg,Capsule,Sun Pharmaceutical Industries Ltd,strip of 10 capsules,52.88,true
Suprimox P Tablet,Amoxycillin + Cloxacillin,250mg + 250mg,Tablet,Sun Pharmaceutical Industries Ltd,strip of 15 tablets,40.87,true
Sustameto 100mg Tablet,Metoprolol Succinate,100mg,Tablet,Zydus Cadila,strip of 10 tablets,160.7,true
Sustameto-CH 25 mg Tablet,Metoprolol Succinate + Chlorthalidone,25mg + 12.5mg,Tablet,Zydus Cadila,strip of 10 tablets,73.5,true
Sustameto-CH50 Tablet ER,Metoprolol Succinate + Chlorthalidone,50mg + 12.5mg,Tablet,Zydus Cadila,strip of 10 tablet er,109.5,true
Susten 100 Injection,Progesterone,100mg/ml,Injection,Sun Pharmaceutical Industries Ltd,ampoule of 1 ml Injection,149.0,true
Susten 100 Injection,Progesterone,100mg/ml,Injection,Sun Pharmaceutical Industries Ltd,packet of 5 injections,745.0,true
Susten 100 Soft Gelatin Capsule,Progesterone (Natural Micronized),100mg,Capsule,Sun Pharmaceutical Industries Ltd,strip of 10 soft gelatin capsules,169.0,true
Susten 200 Injection,Progesterone,100mg/ml,Injection,Sun Pharmaceutical Industries Ltd,ampoule of 2 ml Injection,268.0,true
Susten 200 Soft Gelatin Capsule,Progesterone (Natural Micronized),200mg,Capsule,Sun Pharmaceutical Industries Ltd,strip of 10 soft gelatin capsules,343.35,true
Susten 300 Soft Gelatin Capsule,Progesterone (Natural Micronized),300mg,Capsule,Sun Pharmaceutical Industries Ltd,strip of 10 soft gelatin capsules,520.0,true
Susten 400 Soft Gelatin Capsule,Progesterone (Natural Micronized),400mg,Capsule,Sun Pharmaceutical Industries Ltd,strip of 10 soft gelatin capsules,604.0,true
Susten 8% Gel,Progesterone (Natural Micronized),8% w/w,Gel,Sun Pharmaceutical Industries Ltd,tube of 1 Vaginal gel,148.0,true
Susten SR 200 Tablet,Progesterone (Natural Micronized),200mg,Tablet,Sun Pharmaceutical Industries Ltd,strip of 10 tablet sr,456.0,true
Susten SR 300 Tablet,Progesterone (Natural Micronized),300mg,Tablet,Sun Pharmaceutical Industries Ltd,strip of 10 tablet sr,671.0,true
Susten SR 400 Tablet,Progesterone (Natural Micronized),400mg,Tablet,Sun Pharmaceutical Industries Ltd,strip of 10 tablet sr,785.0,true
Susten VT 200 Tablet,Progesterone (Natural Micronized),200mg,Tablet,Sun Pharmaceutical Industries Ltd,strip of 10 tablet vt,416.0,true
Swich 100 Dry Syrup,Cefpodoxime Proxetil,100mg/5ml,Suspension,Alkem Laboratories Ltd,bottle of 30 ml Oral Suspension,190.0,true
Swich 100 Dry Syrup Pineapple,Cefpodoxime Proxetil,100mg/5ml,Suspension,Alkem Laboratories Ltd,bottle of 30 ml Oral Suspension,190.0,true
Swich 100 DT Tablet,Cefpodoxime Proxetil,100mg,Tablet,Alkem Laboratories Ltd,strip of 10 tablet dt,159.0,true
Swich 200 Tablet,Cefpodoxime Proxetil,200mg,Tablet,Alkem Laboratories Ltd,strip of 10 tablets,190.0,true
Swich 400mg Tablet SR,Cefpodoxime Proxetil,400mg,Tablet,Alkem Laboratories Ltd,strip of 5 tablet sr,176.0,true
Swich 50 Dry Syrup,Cefpodoxime Proxetil,50mg/5ml,Suspension,Alkem Laboratories Ltd,bottle of 30 ml Oral Suspension,105.0,true
Swich 50 Dry Syrup Pineapple,Cefpodoxime Proxetil,50mg/5ml,Suspension,Alkem Laboratories Ltd,bottle of 30 ml Oral Suspension,105.0,true
Swich 50mg Tablet DT,Cefpodoxime Proxetil,50mg,Tablet,Alkem Laboratories Ltd,strip of 10 tablet dt,113.0,true
Swich CV 100 Dry Syrup,Cefpodoxime Proxetil + Clavulanic Acid,100mg + 62.5mg,Powder,Alkem Laboratories Ltd,bottle of 30 ml Powder for Oral Suspension,190.0,true
Swich CV 100 Dry Syrup Pineapple,Cefpodoxime Proxetil + Clavulanic Acid,100mg + 62.5mg,Powder,Alkem Laboratories Ltd,bottle of 30 ml Powder for Oral Suspension,190.0,true
Swich CV 325 Tablet,Cefpodoxime Proxetil + Clavulanic Acid,200mg + 125mg,Tablet,Alkem Laboratories Ltd,strip of 10 tablets,370.0,true
Swich CV 50 Dry Syrup,Cefpodoxime Proxetil + Clavulanic Acid,50mg + 31.25mg,Powder,Alkem Laboratories Ltd,bottle of 30 ml Powder for Oral Suspension,120.0,true
Swich CV 50 Dry Syrup Pineapple,Cefpodoxime Proxetil + Clavulanic Acid,50mg + 31.25mg,Powder,Alkem Laboratories Ltd,bottle of 30 ml Powder for Oral Suspension,120.0,true
Swich Drops,Cefpodoxime Proxetil,25mg,Suspension,Alkem Laboratories Ltd,bottle of 10 ml Oral Suspension,80.0,true
Swich O Tablet,Cefpodoxime Proxetil + Ofloxacin,200mg + 200mg,Tablet,Alkem Laboratories Ltd,strip of 10 tablets,256.0,true
Swich Plus 200mg/500mg Tablet,Cefpodoxime Proxetil + Dicloxacillin,200mg + 500mg,Tablet,Alkem Laboratories Ltd,strip of 10 tablets,240.0,true
Swich SR 200 Tablet,Cefpodoxime Proxetil,200mg,Tablet,Alkem Laboratories Ltd,strip of 5 tablet sr,120.0,true
Swich XP 1000mg Injection,Ceftriaxone + Tazobactum,1000mg + 125mg,Injection,Alkem Laboratories Ltd,vial of 1 Injection,214.5,true
Swich-XP 125 Injection,Ceftriaxone + Tazobactum,125mg + 15.6mg,Injection,Alkem Laboratories Ltd,vial of 1 Powder for Injection,42.35,true
Swich-XP 250 Injection,Ceftriaxone + Tazobactum,250mg + 31.25mg,Injection,Alkem Laboratories Ltd,vial of 1 Powder for Injection,71.5,true
Swich-XP 500 Injection,Ceftriaxone + Tazobactum,500mg + 62.5mg,Injection,Alkem Laboratories Ltd,vial of 1 Powder for Injection,133.5,true
Sylate 250 Tablet,Ethamsylate,250mg,Tablet,Emcure Pharmaceuticals Ltd,strip of 10 tablets,187.55,false
Sylate 500 Tablet,Ethamsylate,500mg,Tablet,Emcure Pharmaceuticals Ltd,strip of 10 tablets,360.25,false
Sylate T 250 mg/250 mg Tablet,Tranexamic Acid + Ethamsylate,250mg + 250mg,Tablet,Emcure Pharmaceuticals Ltd,strip of 10 tablets,235.4,true
Sylate T 500mg/250mg Tablet,Tranexamic Acid + Ethamsylate,500mg + 250mg,Tablet,Emcure Pharmaceuticals Ltd,strip of 10 tablets,455.0,true
Sylkam 1mg 1mg Tablet,Etizolam,1mg,Tablet,Dr Reddy's Laboratories Ltd,strip of 10 tablets,65.0,true
Sylkam 1mg Tablet,Etizolam,1mg,Tablet,Dr Reddy's Laboratories Ltd,strip of 10 tablets,65.0,true
Symbal 10mg Tablet,Duloxetine,10mg,Tablet,Torrent Pharmaceuticals Ltd,strip of 10 tablets,90.0,true
Symbal 20 Tablet,Duloxetine,20mg,Tablet,Torrent Pharmaceuticals Ltd,strip of 10 tablets,118.45,true
Symbal 30 Tablet,Duloxetine,30mg,Tablet,Torrent Pharmaceuticals Ltd,strip of 10 tablets,181.15,true
Symbal 40 Tablet,Duloxetine,40mg,Tablet,Torrent Pharmaceuticals Ltd,strip of 10 tablets,208.1,true
Symbal 60 Tablet,Duloxetine,60mg,Tablet,Torrent Pharmaceuticals Ltd,strip of 10 tablets,285.75,true
Symbal M 20mg/500mcg Tablet,Duloxetine + Methylcobalamin,20mg + 500mcg,Tablet,Torrent Pharmaceuticals Ltd,strip of 10 tablets,68.0,true
Symbiotik P Tablet,Amoxycillin + Cloxacillin,125mg + 125mg,Tablet,Cadila Pharmaceuticals Ltd,strip of 10 tablets,29.8,true
Symbiva 400mcg Capsule,Formoterol + Budesonide,6mcg + 400mcg,Capsule,Sun Pharmaceutical Industries Ltd,strip of 14 capsules,208.5,true
Synaptol 100 Tablet,Tolperisone,100mg,Tablet,Sun Pharmaceutical Industries Ltd,strip of 10 tablets,100.0,false
Synaptol 150 Tablet,Tolperisone,150mg,Tablet,Sun Pharmaceutical Industries Ltd,strip of 10 tablets,130.0,false
Synaptol 50 Tablet,Tolperisone,50mg,Tablet,Sun Pharmaceutical Industries Ltd,strip of 10 tablets,77.0,false
Synaptol SR 150 Tablet,Tolperisone,150mg,Tablet,Sun Pharmaceutical Industries Ltd,strip of 10 tablet sr,150.0,false
Synaptol SR 300 Tablet,Tolperisone,300mg,Tablet,Sun Pharmaceutical Industries Ltd,strip of 10 tablet sr,250.0,false
Synaptol SR 450 Tablet,Tolperisone,450mg,Tablet,Sun Pharmaceutical Industries Ltd,strip of 10 tablet sr,350.0,false
Synclar 250mg Dry Syrup Mixed Fruit,Clarithromycin,250mg,Syrup,Cipla Ltd,bottle of 30 ml Dry Syrup,245.5,true
Synclar 250mg Tablet,Clarithromycin,250mg,Tablet,Cipla Ltd,strip of 4 tablets,109.12,true
Synclar 500 Tablet,Clarithromycin,500mg,Tablet,Cipla Ltd,strip of 4 tablets,192.32,true
Synclar Paediatric Dry Syrup Banana,Clarithromycin,125mg/5ml,Suspension,Cipla Ltd,bottle of 30 ml Oral Suspension,158.09,true
Synclar Rediuse Suspension,Clarithromycin,125mg,Suspension,Cipla Ltd,bottle of 30 ml Rediuse Suspension,129.0,true
Syndopa 110 Tablet,Levodopa + Carbidopa,100mg + 10mg,Tablet,Sun Pharmaceutical Industries Ltd,strip of 15 tablets,28.85,true
Syndopa 275 Tablet,Levodopa + Carbidopa,250mg + 25mg,Tablet,Sun Pharmaceutical Industries Ltd,strip of 10 tablets,46.35,true
Syndopa CR 125 Tablet,Levodopa + Carbidopa,100mg + 25mg,Tablet,Sun Pharmaceutical Industries Ltd,strip of 10 Tablet pr,30.55,true
Syndopa CR Tablet,Levodopa + Carbidopa,200mg + 50mg,Tablet,Sun Pharmaceutical Industries Ltd,strip of 10 Tablet pr,51.0,true
Syndopa Forte Tablet,Levodopa + Carbidopa,250mg + 25mg,Tablet,Sun Pharmaceutical Industries Ltd,strip of 10 tablets,40.43,true
Syndopa Plus Tablet,Levodopa + Carbidopa,100mg + 25mg,Tablet,Sun Pharmaceutical Industries Ltd,strip of 15 tablets,42.0,true
Synid P Syrup,Aceclofenac + Paracetamol,50mg + 125mg,Syrup,Astonea Labs Private Limited,bottle of 60 ml Syrup,48.0,false
Synid-P Syrup,Aceclofenac + Paracetamol,50mg + 125mg,Syrup,Shinto Organics (P) Limited,bottle of 60 ml Syrup,45.0,false
Syntran SB 65 Capsule,Itraconazole,65mg,Capsule,Glenmark Pharmaceuticals Ltd,strip of 10 capsules,140.0,true
Syscan 100mg Capsule,Fluconazole,100mg,Capsule,Torrent Pharmaceuticals Ltd,strip of 4 capsules,106.3,true
Syscan 150 Capsule,Fluconazole,150mg,Capsule,Torrent Pharmaceuticals Ltd,strip of 1 Capsule,22.92,true
Syscan 200 Capsule,Fluconazole,200mg,Capsule,Torrent Pharmaceuticals Ltd,strip of 4 capsules,181.4,true
Syscan 200mg Infusion,Fluconazole,200mg,Injection,Torrent Pharmaceuticals Ltd,bottle of 100 ml Infusion,103.67,true
Syscan 50mg Capsule,Fluconazole,50mg,Capsule,Torrent Pharmaceuticals Ltd,strip of 4 capsules,41.35,true
Syscan-CL Soft Gelatin Capsule,Clindamycin + Clotrimazole,100mg + 200mg,Capsule,Torrent Pharmaceuticals Ltd,strip of 3 Vaginal Capsules,97.0,true
T 98 1000mg Infusion,Paracetamol,1000mg,Injection,Mankind Pharma Ltd,bottle of 100 ml Infusion,250.0,true
T Glip 20 Tablet,Teneligliptin,20mg,Tablet,Intas Pharmaceuticals Ltd,strip of 20 tablets,296.0,true
T Glip-M 1000 Tablet ER,Metformin + Teneligliptin,1000mg + 20mg,Tablet,Intas Pharmaceuticals Ltd,strip of 20 tablet er,368.0,true
T Glip-M 500 Tablet ER,Metformin + Teneligliptin,500mg + 20mg,Tablet,Intas Pharmaceuticals Ltd,strip of 20 tablet er,350.0,true
T-98 Paediatric Drops,Paracetamol,100mg/ml,Suspension,Mankind Pharma Ltd,packet of 15 ml Oral Suspension,29.99,false
T-98 Paediatric Suspension,Paracetamol,125mg/5ml,Suspension,Mankind Pharma Ltd,bottle of 60 ml Oral Suspension,24.7,false
T-Muce Ointment,Mupirocin,2% w/w,Ointment,Leeford Healthcare Ltd,tube of 3 gm Ointment,80.0,false
T-Muce Ointment,Mupirocin,2% w/w,Ointment,Leeford Healthcare Ltd,tube of 5 gm Ointment,115.0,false
Tacromus 0.25 Capsule,Tacrolimus,0.25mg,Capsule,Zydus Cadila,strip of 10 capsules,120.6,true
Tacromus 0.5 Capsule,Tacrolimus,0.5mg,Capsule,Zydus Cadila,strip of 10 capsules,240.0,true
Tacromus 2mg Capsule,Tacrolimus,2mg,Capsule,Zydus Cadila,strip of 10 capsules,951.5,true
Tacromus 5mg Capsule,Tacrolimus,5mg,Capsule,Zydus Cadila,strip of 10 capsules,1700.0,true
Tacrotor 0.03% Ointment,Tacrolimus,0.03% w/w,Ointment,Torrent Pharmaceuticals Ltd,tube of 10 gm Ointment,247.0,true
Tacrotor 0.5mg Capsule,Tacrolimus,0.5mg,Capsule,Torrent Pharmaceuticals Ltd,strip of 10 capsules,202.65,true
Tacrotor 1mg Capsule,Tacrolimus,1mg,Capsule,Torrent Pharmaceuticals Ltd,strip of 10 capsules,459.0,true
Tacrovera Forte Ointment,Tacrolimus,0.1% w/w,Ointment,Alkem Laboratories Ltd,tube of 10 gm Ointment,330.0,true
Tacrovera Forte Ointment,Tacrolimus,0.1% w/w,Ointment,Alkem Laboratories Ltd,tube of 15 gm Ointment,650.0,true
Tacrovera Forte-XL Ointment,Tacrolimus,0.1% w/w,Ointment,Alkem Laboratories Ltd,tube of 30 gm Ointment,670.0,true
Tacrovera Ointment,Tacrolimus,0.03% w/w,Ointment,Alkem Laboratories Ltd,tube of 10 gm Ointment,130.0,true
Tacrovera Ointment,Tacrolimus,0.03% w/w,Ointment,Alkem Laboratories Ltd,tube of 15 gm Ointment,278.0,true
Tadaflo 10mg Tablet,Tadalafil,10mg,Tablet,Cipla Ltd,strip of 10 tablets,383.57,true
Tadaflo 20mg Tablet,Tadalafil,20mg,Tablet,Cipla Ltd,strip of 10 tablets,684.86,true
Tadaflo 5 Tablet,Tadalafil,5mg,Tablet,Cipla Ltd,strip of 15 tablets,402.62,true
Tadamit 10mg Tablet,Tadalafil,10mg,Tablet,Alkem Laboratories Ltd,strip of 4 tablets,132.0,true
Tadamit 20mg Tablet,Tadalafil,20mg,Tablet,Alkem Laboratories Ltd,strip of 4 tablets,240.0,true
Tadamit 25mg Tablet,Tadalafil,25mg,Tablet,Alkem Laboratories Ltd,strip of 10 tablets,16.5,true
Tadamit 5mg Tablet,Tadalafil,5mg,Tablet,Alkem Laboratories Ltd,strip of 4 tablets,71.5,true
Tadamit 75mg Tablet,Tadalafil,75mg,Tablet,Alkem Laboratories Ltd,strip of 10 tablets,38.0,true
Take Azi 100mg Syrup,Azithromycin,100mg,Syrup,Amzor Healthcare,bottle of 15 ml Syrup,65.0,true
Take Azi 200mg Oral Drops,Azithromycin,200mg,Drops,Amzor Healthcare,bottle of 30 ml Oral Drops,85.0,true
Takfa 0.25 Capsule,Tacrolimus,0.25mg,Capsule,Intas Pharmaceuticals Ltd,strip of 10 capsules,121.28,true
Takfa 0.5 Capsule,Tacrolimus,0.5mg,Capsule,Intas Pharmaceuticals Ltd,strip of 10 capsules,270.61,true
Takfa 1 Capsule,Tacrolimus,1mg,Capsule,Intas Pharmaceuticals Ltd,strip of 10 capsules,485.86,true
Takfa 2 Capsule,Tacrolimus,2mg,Capsule,Intas Pharmaceuticals Ltd,strip of 10 capsules,951.66,true
Takfa 5mg Capsule,Tacrolimus,5mg,Capsule,Intas Pharmaceuticals Ltd,strip of 10 capsules,1843.4,true
Takfa Forte Lotion,Tacrolimus,0.1% w/v,Lotion,Intas Pharmaceuticals Ltd,bottle of 20 ml Lotion,583.0,true
Takfa Forte Ointment,Tacrolimus,0.1% w/w,Ointment,Intas Pharmaceuticals Ltd,tube of 20 gm Ointment,675.0,true
Takfa Forte Ointment,Tacrolimus,0.1% w/w,Ointment,Intas Pharmaceuticals Ltd,tube of 10 gm Ointment,398.0,true
Takfa Ointment,Tacrolimus,0.03% w/w,Ointment,Intas Pharmaceuticals Ltd,tube of 10 gm Ointment,144.86,true
Tambac 50mg Suspension,Cefpodoxime Proxetil,50mg,Suspension,Cadila Pharmaceuticals Ltd,bottle of 30 ml Suspension,64.0,true
Tamlocept-D Capsule PR,Tamsulosin + Dutasteride,0.4mg + 0.5mg,Capsule,Lupin Ltd,strip of 15 capsule pr,421.4,true
Tamsukem 0.2mg Tablet,Tamsulosin,0.2mg,Tablet,Alkem Laboratories Ltd,strip of 10 tablets,77.0,true
Tamsukem 0.4 Tablet,Tamsulosin,0.4mg,Tablet,Alkem Laboratories Ltd,strip of 15 tablets,218.0,true
Tamsukem D 0.4mg/0.5mg Tablet,Tamsulosin + Dutasteride,0.4mg + 0.5mg,Tablet,Alkem Laboratories Ltd,strip of 15 tablets,415.0,true
Tamsukem Plus Capsule PR,Tamsulosin + Deflazacort,0.4mg + 30mg,Capsule,Alkem Laboratories Ltd,strip of 10 capsule pr,730.0,true
Tamsukem Plus Tablet,Tamsulosin + Deflazacort,0.4mg + 30mg,Tablet,Alkem Laboratories Ltd,strip of 10 tablets,730.0,true
Tap Duo Tablet,Tapentadol + Paracetamol,50mg + 325mg,Tablet,Micro Labs Ltd,strip of 10 tablets,109.0,true
Tapcynta 100mg Tablet,Tapentadol,100mg,Tablet,Macleods Pharmaceuticals Pvt Ltd,strip of 10 tablets,188.8,true
Tapcynta 50mg Tablet,Tapentadol,50mg,Tablet,Macleods Pharmaceuticals Pvt Ltd,strip of 10 tablets,99.0,true
Tapcynta 75mg Tablet,Tapentadol,75mg,Tablet,Macleods Pharmaceuticals Pvt Ltd,strip of 10 tablets,138.4,true
Tariflox 200mg Infusion,Ofloxacin,200mg,Injection,Cipla Ltd,bottle of 100 ml Infusion,20.0,true
Tariflox 50mg/5ml Suspension,Ofloxacin,50mg/5ml,Suspension,Cipla Ltd,bottle of 30 ml Suspension,14.5,true
Tariflox D Eye Drop,Ofloxacin + Dexamethasone,0.3% w/v + 0.1% w/v,Drops,Cipla Ltd,packet of 10 ml Eye Drop,28.85,true
Tariflox Eye/Ear Drops,Ofloxacin,0.3% w/v,Drops,Cipla Ltd,packet of 10 ml Eye/Ear Drops,31.0,true
Tariflox OZ Suspension,Ofloxacin + Ornidazole,50mg/5ml + 125mg/5ml,Suspension,Cipla Ltd,bottle of 30 ml Suspension,36.3,true
Taurmox C 250mg/125mg Capsule,Amoxycillin + Clavulanic Acid,250mg + 125mg,Capsule,Taurus Laboratories Pvt Ltd,strip of 10 capsules,160.0,true
Taurmox C 500mg/125mg Capsule,Amoxycillin + Clavulanic Acid,500mg + 125mg,Capsule,Taurus Laboratories Pvt Ltd,strip of 10 capsules,190.0,true
Tavera M Tablet,Drotaverine + Mefenamic Acid,80mg + 250mg,Tablet,Leeford Healthcare Ltd,strip of 10 tablets,70.0,false
Taxim 125mg Injection,Cefotaxime,125mg,Injection,Alkem Laboratories Ltd,vial of 1 Injection,18.8,true
Taxim 1gm Injection,Cefotaxime,1gm,Injection,Alkem Laboratories Ltd,vial of 5 ml Injection,42.63,true
Taxim 250mg Injection,Cefotaxime,250mg,Injection,Alkem Laboratories Ltd,vial of 1 ml Injection,19.35,true
Taxim 500mg Injection,Cefotaxime,500mg,Injection,Alkem Laboratories Ltd,vial of 2 ml Injection,25.47,true
Taxim-AZ 100 Tablet,Cefixime + Azithromycin,100mg + 125mg,Tablet,Alkem Laboratories Ltd,strip of 10 tablets,193.5,true
Taxim-AZ 200 Tablet,Cefixime + Azithromycin,200mg + 250mg,Tablet,Alkem Laboratories Ltd,strip of 10 tablets,302.5,true
Taxim-O 200 Tablet,Cefixime,200mg,Tablet,Alkem Laboratories Ltd,strip of 10 tablets,119.31,true
Taxim-O 400 Tablet,Cefixime,400mg,Tablet,Alkem Laboratories Ltd,strip of 10 tablets,274.34,true
Taxim-O 50mg Tablet DT,Cefixime,50mg,Tablet,Alkem Laboratories Ltd,strip of 10 tablet dt,66.0,true
Taxim-O CV Dry Syrup,Cefixime + Clavulanic Acid,50mg + 31.25mg,Suspension,Alkem Laboratories Ltd,bottle of 30 ml Oral Suspension,117.0,true
Taxim-O Drops,Cefixime,25mg,Suspension,Alkem Laboratories Ltd,packet of 10 ml Oral Suspension,67.0,true
Taxim-O Dry Syrup Delicious Pineapple,Cefixime,50mg/5ml,Suspension,Alkem Laboratories Ltd,bottle of 50 ml Oral Suspension,85.0,true
Taxim-O Dry Syrup Juicy Orange and Lemon,Cefixime,50mg/5ml,Suspension,Alkem Laboratories Ltd,bottle of 30 ml Oral Suspension,53.84,true
Taxim-O Dry Syrup Juicy Orange and Lemon,Cefixime,50mg/5ml,Suspension,Alkem Laboratories Ltd,bottle of 60 ml Oral Suspension,94.64,true
Taxim-O DT 100 Tablet,Cefixime,100mg,Tablet,Alkem Laboratories Ltd,strip of 10 tablet dt,82.5,true
Taxim-O Forte Dry Syrup,Cefixime,100mg/5ml,Suspension,Alkem Laboratories Ltd,bottle of 60 ml Oral Suspension,139.19,true
Taxim-O Forte Dry Syrup,Cefixime,100mg/5ml,Suspension,Alkem Laboratories Ltd,bottle of 30 ml Oral Suspension,79.97,true
Taxim-OZ Tablet,Cefixime + Ornidazole,200mg + 500mg,Tablet,Alkem Laboratories Ltd,strip of 10 tablets,253.0,true
Tazar 2.25 G Injection,Piperacillin + Tazobactum,2000mg + 250mg,Injection,Lupin Ltd,vial of 1 Injection,223.98,true
Tazar 4.5g Injection,Piperacillin + Tazobactum,4000mg + 500mg,Injection,Lupin Ltd,vial of 4.5 gm Injection,280.73,true
Tazix 200mg/5ml Syrup,Azithromycin,200mg/5ml,Syrup,Sun Pharmaceutical Industries Ltd,bottle of 15 ml Syrup,33.0,true
Tazzle 10 Tablet,Tadalafil,10mg,Tablet,Dr Reddy's Laboratories Ltd,strip of 10 tablets,441.5,true
Tazzle 20 Tablet,Tadalafil,20mg,Tablet,Dr Reddy's Laboratories Ltd,strip of 10 tablets,787.0,true
Tazzle 5 Tablet,Tadalafil,5mg,Tablet,Dr Reddy's Laboratories Ltd,strip of 10 tablets,217.75,true
TC Forte Tablet,Trifluoperazine + Trihexyphenidyl,5mg + 2mg,Tablet,Intas Pharmaceuticals Ltd,strip of 10 tablets,134.18,false
TC Plus Tablet,Trifluoperazine + Trihexyphenidyl,,Tablet,Intas Pharmaceuticals Ltd,strip of 10 tablets,70.48,false
Tear Drops,Carboxymethylcellulose,5mg/ml,Drops,Sun Pharmaceutical Industries Ltd,bottle of 10 ml Eye Drop,158.7,false
Tear Drops Gel,Carboxymethylcellulose + Oxychloro Complex,1% w/v + 0.0075% w/v,Drops,Sun Pharmaceutical Industries Ltd,packet of 10 ml Eye Drop,220.15,false
Tebif Gel,Terbinafine,1% w/w,Gel,Torrent Pharmaceuticals Ltd,tube of 10 gm Gel,63.4,true
Tebina 125mg Tablet DT,Terbinafine,125mg,Tablet,Intas Pharmaceuticals Ltd,strip of 7 tablet dt,95.0,true
Tebina 500 Tablet,Terbinafine,500mg,Tablet,Intas Pharmaceuticals Ltd,strip of 7 tablets,182.0,true
Tebina Cream,Terbinafine,1% w/w,Cream,Intas Pharmaceuticals Ltd,tube of 30 gm Cream,141.0,true
Tebina Cream,Terbinafine,1% w/w,Cream,Intas Pharmaceuticals Ltd,tube of 15 gm Cream,85.0,true
Tebina Tablet,Terbinafine,250mg,Tablet,Intas Pharmaceuticals Ltd,strip of 7 tablets,140.0,true
Teczine 10 Tablet,Levocetirizine,10mg,Tablet,Sun Pharmaceutical Industries Ltd,strip of 15 tablets,229.0,false
Teczine M Kid Tablet,Levocetirizine + Montelukast,2.5mg + 4mg,Tablet,Sun Pharmaceutical Industries Ltd,strip of 10 tablets,49.0,true
Teczine M Syrup,Levocetirizine + Montelukast,2.5mg/5ml + 4mg/5ml,Syrup,Sun Pharmaceutical Industries Ltd,bottle of 60 ml Syrup,100.0,true
Teczine M Tablet,Levocetirizine + Montelukast,5mg + 10mg,Tablet,Sun Pharmaceutical Industries Ltd,strip of 10 tablets,152.75,true
Teczine Syrup,Levocetirizine,2.5mg/5ml,Syrup,Sun Pharmaceutical Industries Ltd,bottle of 60 ml Syrup,115.0,false
Teczine Tablet,Levocetirizine,5mg,Tablet,Sun Pharmaceutical Industries Ltd,strip of 10 tablets,92.0,false
Telday AV 40mg/10mg Tablet,Telmisartan + Atorvastatin,40mg + 10mg,Tablet,Torrent Pharmaceuticals Ltd,strip of 10 tablets,126.4,true
Telday R 40mg/5mg Tablet,Telmisartan + Ramipril,40mg + 5mg,Tablet,Torrent Pharmaceuticals Ltd,strip of 10 tablets,105.0,true
Teleact 20 Tablet,Telmisartan,20mg,Tablet,Sun Pharmaceutical Industries Ltd,strip of 10 tablets,45.25,true
Teleact 40 Tablet,Telmisartan,40mg,Tablet,Sun Pharmaceutical Industries Ltd,strip of 10 tablets,81.9,true
Teleact 80 Tablet,Telmisartan,80mg,Tablet,Sun Pharmaceutical Industries Ltd,strip of 10 tablets,110.1,true
Teleact AM Tablet,Telmisartan + Amlodipine,40mg + 5mg,Tablet,Sun Pharmaceutical Industries Ltd,strip of 10 tablets,140.0,true
Teleact Beta 25 Tablet ER,Telmisartan + Metoprolol Succinate,40mg + 25mg,Tablet,Sun Pharmaceutical Industries Ltd,strip of 10 tablet er,158.0,true
Teleact Beta 50 Tablet ER,Telmisartan + Metoprolol Succinate,40mg + 50mg,Tablet,Sun Pharmaceutical Industries Ltd,strip of 10 tablet er,183.0,true
Teleact CT 80 Tablet,Telmisartan + Chlorthalidone,80mg + 12.5mg,Tablet,Sun Pharmaceutical Industries Ltd,strip of 10 tablets,164.0,true
Teleact CT LS 40mg/6.5mg Tablet,Telmisartan + Chlorthalidone,40mg + 6.5mg,Tablet,Sun Pharmaceutical Industries Ltd,strip of 10 tablets,88.0,true
Teleact D 80 Tablet,Telmisartan + Hydrochlorothiazide,80mg + 12.5mg,Tablet,Sun Pharmaceutical Industries Ltd,strip of 10 tablets,179.5,true
Teleact St 20 mg Tablet,Telmisartan + Atorvastatin,10mg + 20mg,Tablet,Sun Pharmaceutical Industries Ltd,strip of 10 tablets,98.5,true
Teleact St 40 Tablet,Telmisartan + Atorvastatin,40mg + 10mg,Tablet,Sun Pharmaceutical Industries Ltd,strip of 10 tablets,124.5,true
Teleact Trio Tablet,Telmisartan + Amlodipine,40mg + 5mg,Tablet,Sun Pharmaceutical Industries Ltd,strip of 10 tablets,155.0,true
Telekast 10 Tablet,Montelukast,10mg,Tablet,Lupin Ltd,strip of 10 tablets,227.0,true
Telekast 4 Chewable Tablet,Montelukast,4mg,Tablet,Lupin Ltd,strip of 10 Chewable Tablets,120.5,true
Telekast 5 Chewable Tablet,Montelukast,5mg,Tablet,Lupin Ltd,strip of 10 Chewable Tablets,149.5,true
Telekast A Tablet PR,Acebrophylline + Montelukast,200mg + 10mg,Tablet,Lupin Ltd,strip of 10 Tablet pr,243.3,true
Telekast F Kid Suspension,Montelukast + Fexofenadine,4mg/5ml + 60mg/5ml,Suspension,Lupin Ltd,bottle of 60 ml Suspension,126.45,true
Telekast F Tablet,Montelukast + Fexofenadine,10mg + 120mg,Tablet,Lupin Ltd,strip of 10 tablets,223.1,true
Telekast-L Kid Syrup,Levocetirizine + Montelukast,2.5mg/5ml + 4mg/5ml,Syrup,Lupin Ltd,bottle of 60 ml Syrup,138.6,true
Telekast-L Kid Tablet,Levocetirizine + Montelukast,2.5mg + 4mg,Tablet,Lupin Ltd,strip of 10 tablets,126.9,true
Telekast-Plus Tablet,Bambuterol + Montelukast,10mg + 10mg,Tablet,Lupin Ltd,strip of 10 tablets,281.9,true
Telekast-T Tablet CR,Montelukast + Theophylline,10mg + 400mg,Tablet,Lupin Ltd,strip of 10 tablet cr,151.3,true
Teli CM 25 Tablet ER,Cilnidipine + Metoprolol Succinate,10mg + 23.75mg,Tablet,Cadila Pharmaceuticals Ltd,strip of 10 tablet er,113.79,true
Teli CM 50 Tablet ER,Cilnidipine + Metoprolol Succinate,10mg + 47.5mg,Tablet,Cadila Pharmaceuticals Ltd,strip of 10 tablet er,138.99,true
Teli R 40 mg/2.5 mg Tablet,Telmisartan + Ramipril,40mg + 2.5mg,Tablet,Cadila Pharmaceuticals Ltd,strip of 10 tablets,69.0,true
Telista AM 40mg/2.5mg Tablet,Telmisartan + Amlodipine,40mg + 2.5mg,Tablet,Lupin Ltd,strip of 10 tablets,75.25,true
Telista CL Tablet,Cilnidipine + Telmisartan,10mg + 40mg,Tablet,Lupin Ltd,strip of 10 tablets,161.5,true
Telista MCL 10mg/25mg/40mg Tablet,Cilnidipine + Metoprolol Succinate,10mg + 25mg,Tablet,Lupin Ltd,strip of 10 tablets,119.6,true
Telista MCL 10mg/50mg/40mg Tablet ER,Cilnidipine + Metoprolol Succinate,10mg + 50mg,Tablet,Lupin Ltd,strip of 10 tablet er,145.0,true
Telista Plus 20 Tablet,Telmisartan + Atorvastatin,20mg + 10mg,Tablet,Lupin Ltd,strip of 15 tablets,298.0,true
Telista RM 40mg/5mg Tablet,Telmisartan + Ramipril,40mg + 5mg,Tablet,Lupin Ltd,strip of 10 tablets,106.3,true
Telista RM Tablet,Telmisartan + Ramipril,40mg + 2.5mg,Tablet,Lupin Ltd,strip of 10 tablets,86.9,true
Telista Trio CL 6.25 Tablet,Telmisartan + Cilnidipine,40mg + 10mg,Tablet,Lupin Ltd,strip of 10 tablets,154.4,true
Telista Trio CL Tablet,Telmisartan + Cilnidipine,40mg + 10mg,Tablet,Lupin Ltd,strip of 15 tablets,313.85,true
Telista-CH 40/6.25 Tablet,Telmisartan + Chlorthalidone,40mg + 6.25mg,Tablet,Lupin Ltd,strip of 10 tablets,148.8,true
Telista-D Tablet SR,Telmisartan + Indapamide,40mg + 1.5mg,Tablet,Lupin Ltd,strip of 10 tablet sr,146.1,true
Telma 40 Tablet,Telmisartan,40mg,Tablet,Glenmark Pharmaceuticals Ltd,strip of 30 tablets,245.95,true
Telma 40 Tablet,Telmisartan,40mg,Tablet,Glenmark Pharmaceuticals Ltd,strip of 15 tablets,122.98,true
Telma LNB 10mg/25mg/40mg Tablet ER,Cilnidipine + Metoprolol Succinate,10mg + 25mg,Tablet,Glenmark Pharmaceuticals Ltd,strip of 10 tablet er,113.8,true
Telma-AM H 40 Tablet,Telmisartan + Amlodipine,40mg + 5mg,Tablet,Glenmark Pharmaceuticals Ltd,strip of 15 tablets,279.0,true
Telma-AM H 80 Tablet,Telmisartan + Amlodipine,80mg + 5mg,Tablet,Glenmark Pharmaceuticals Ltd,strip of 15 tablets,420.0,true
Telma-AM Tablet,Telmisartan + Amlodipine,40mg + 5mg,Tablet,Glenmark Pharmaceuticals Ltd,strip of 15 tablets,281.0,true
Telma-AM Tablet,Telmisartan + Amlodipine,40mg + 5mg,Tablet,Glenmark Pharmaceuticals Ltd,strip of 30 tablets,515.0,true
Telma-CT 80/6.25 Tablet,Telmisartan + Chlorthalidone,80mg + 6.25mg,Tablet,Glenmark Pharmaceuticals Ltd,strip of 15 tablets,410.5,true
Telpres LN 80 Tablet,Cilnidipine + Telmisartan,10mg + 80mg,Tablet,Abbott,strip of 10 tablets,133.05,true
Telsar 80 H Tablet,Telmisartan + Hydrochlorothiazide,80mg + 12.5mg,Tablet,Torrent Pharmaceuticals Ltd,strip of 10 tablets,269.0,true
Telsar A 80 Tablet,Telmisartan + Amlodipine,80mg + 5mg,Tablet,Torrent Pharmaceuticals Ltd,strip of 10 tablets,222.9,true
Telsar Beta 25 Tablet ER,Telmisartan + Metoprolol Succinate,40mg + 25mg,Tablet,Torrent Pharmaceuticals Ltd,strip of 10 tablet er,189.65,true
Telsar Beta 50 Tablet ER,Telmisartan + Metoprolol Succinate,40mg + 50mg,Tablet,Torrent Pharmaceuticals Ltd,strip of 10 tablet er,214.0,true
Telsar CH 40mg/12.5mg Tablet,Telmisartan + Chlorthalidone,40mg + 12.5mg,Tablet,Torrent Pharmaceuticals Ltd,strip of 10 tablets,119.45,true
Telsar CH 40mg/6.25mg Tablet,Telmisartan + Chlorthalidone,40mg + 6.25mg,Tablet,Torrent Pharmaceuticals Ltd,strip of 10 tablets,114.6,true
Telsar CH 80mg/12.5mg Tablet,Telmisartan + Chlorthalidone,80mg + 12.5mg,Tablet,Torrent Pharmaceuticals Ltd,strip of 10 tablets,188.15,true
Telsar CHM 25 Tablet,Chlorthalidone + Metoprolol Succinate,12.5mg + 25mg,Tablet,Torrent Pharmaceuticals Ltd,strip of 10 tablets,121.85,true
Telsar CHM 50 Tablet,Chlorthalidone + Metoprolol Succinate,12.5mg + 50mg,Tablet,Torrent Pharmaceuticals Ltd,strip of 10 tablets,144.55,true
Telsar H Tablet,Telmisartan + Hydrochlorothiazide,40mg + 12.5mg,Tablet,Torrent Pharmaceuticals Ltd,strip of 15 tablets,281.75,true
Telsar-LN 10 Tablet,Cilnidipine + Telmisartan,10mg + 40mg,Tablet,Torrent Pharmaceuticals Ltd,strip of 10 tablets,116.5,true
Telsartan LN 10mg/80mg Tablet,Cilnidipine + Telmisartan,10mg + 80mg,Tablet,Dr Reddy's Laboratories Ltd,strip of 10 tablets,161.5,true
Temoside 100 Capsule,Temozolomide,100mg,Capsule,Cipla Ltd,bottle of 5 capsules,2765.77,false
Temoside 20 Capsule,Temozolomide,20mg,Capsule,Cipla Ltd,strip of 5 capsules,612.6,false
Temoside 250 Capsule,Temozolomide,250mg,Capsule,Cipla Ltd,strip of 5 capsules,5762.03,false
Temoside 250 Capsule,Temozolomide,250mg,Capsule,Cipla Ltd,bottle of 5 capsules,5762.03,false
Temsan-AM Tablet,Telmisartan + Amlodipine,40mg + 2.5mg,Tablet,Emcure Pharmaceuticals Ltd,strip of 15 tablets,217.6,true
Teniva 10mg Tablet,Teneligliptin,10mg,Tablet,Intas Pharmaceuticals Ltd,strip of 10 tablets,108.0,true
Teniva 20 Tablet,Teneligliptin,20mg,Tablet,Intas Pharmaceuticals Ltd,strip of 20 tablets,270.0,true
Teniva-M Forte Tablet ER,Metformin + Teneligliptin,1000mg + 20mg,Tablet,Intas Pharmaceuticals Ltd,strip of 20 tablet er,368.0,true
Teniva-M Tablet ER,Metformin + Teneligliptin,500mg + 20mg,Tablet,Intas Pharmaceuticals Ltd,strip of 20 tablet er,350.0,true
Tenolol-AM 25 Tablet,Amlodipine + Atenolol,2.5mg + 25mg,Tablet,Ipca Laboratories Ltd,strip of 10 tablets,61.4,true
Tenomac 100mg Tablet,Atenolol,100mg,Tablet,Macleods Pharmaceuticals Pvt Ltd,strip of 14 tablets,39.0,true
Tenomac 12.5mg Tablet,Atenolol,12.5mg,Tablet,Macleods Pharmaceuticals Pvt Ltd,strip of 14 tablets,6.25,true
Tenomac 25mg Tablet,Atenolol,25mg,Tablet,Macleods Pharmaceuticals Pvt Ltd,strip of 14 tablets,35.2,true
Tenzulix M 1000 Tablet ER,Metformin + Teneligliptin,1000mg + 20mg,Tablet,Torrent Pharmaceuticals Ltd,strip of 15 tablet er,221.3,true
Tenzulix M 1000 Tablet ER,Metformin + Teneligliptin,1000mg + 20mg,Tablet,Torrent Pharmaceuticals Ltd,strip of 10 tablet er,147.55,true
Tenzulix M 500 Tablet ER,Metformin + Teneligliptin,500mg + 20mg,Tablet,Torrent Pharmaceuticals Ltd,strip of 15 tablet er,211.8,true
Tenzulix M 500 Tablet ER,Metformin + Teneligliptin,500mg + 20mg,Tablet,Torrent Pharmaceuticals Ltd,strip of 10 tablet er,141.2,true
Tenzulix Tablet,Teneligliptin,20mg,Tablet,Torrent Pharmaceuticals Ltd,strip of 15 tablets,179.15,true
Tenzulix Tablet,Teneligliptin,20mg,Tablet,Torrent Pharmaceuticals Ltd,strip of 10 tablets,119.45,true
Terbicip Spray,Terbinafine,1% w/v,Spray,Cipla Ltd,bottle of 30 ml Spray,258.94,true
Terbicip Tablet,Terbinafine,250mg,Tablet,Cipla Ltd,strip of 7 tablets,173.03,true
Terbicip Tablet,Terbinafine,250mg,Tablet,Cipla Ltd,strip of 15 tablets,429.0,true
Terbifin 1% Dusting Powder,Terbinafine,1% w/w,Powder,Intas Pharmaceuticals Ltd,bottle of 50 gm Dusting Powder,148.0,true
Terbifin Spray,Terbinafine,1% w/v,Spray,Cipla Ltd,packet of 30 ml Spray,120.0,true
Terbikem Gel,Terbinafine,1% w/w,Gel,Alkem Laboratories Ltd,tube of 10 gm Gel,88.0,true
Terbinaforce 500 Tablet,Terbinafine,500mg,Tablet,Mankind Pharma Ltd,strip of 7 tablets,167.7,true
Terbinator 125mg Tablet,Terbinafine,125mg,Tablet,Cadila Pharmaceuticals Ltd,strip of 7 tablets,163.0,true
Terbinator 125mg Tablet,Terbinafine,125mg,Tablet,Cadila Pharmaceuticals Ltd,strip of 10 tablets,125.8,true
Terbinator 500mg Tablet,Terbinafine,500mg,Tablet,Cadila Pharmaceuticals Ltd,strip of 10 tablets,220.0,true
Terbitotal 500 Tablet,Terbinafine,500mg,Tablet,Macleods Pharmaceuticals Pvt Ltd,strip of 7 tablets,172.5,true
Termeg 120mg Tablet,Tramadol,120mg,Tablet,Alembic Pharmaceuticals Ltd,strip of 10 tablets,9.5,true
Termeg 60mg Tablet,Tramadol,60mg,Tablet,Alembic Pharmaceuticals Ltd,strip of 10 tablets,11.05,true
Terol 1mg Tablet,Tolterodine,1mg,Tablet,Cipla Ltd,strip of 10 tablets,55.25,false
Terol 2mg Tablet,Tolterodine,2mg,Tablet,Cipla Ltd,strip of 10 tablets,82.21,false
Terol LA 2 Capsule ER,Tolterodine,2mg,Capsule,Cipla Ltd,strip of 10 capsule er,194.72,false
Terol LA 4 Capsule ER,Tolterodine,4mg,Capsule,Cipla Ltd,strip of 10 capsule er,377.65,false
Tervis Forte DS Syrup,Amoxycillin + Clavulanic Acid,,Syrup,Kanad Labs,bottle of 30 ml Syrup,99.0,true
TG Chek 160mg Tablet,Fenofibrate,160mg,Tablet,Torrent Pharmaceuticals Ltd,strip of 10 tablets,70.0,true
TG Goal 145 Tablet,Atorvastatin + Fenofibrate,10mg + 145mg,Tablet,Abbott,strip of 10 tablets,253.31,true
TG-Tor EZ Tablet,Atorvastatin + Ezetimibe,10mg + 10mg,Tablet,Torrent Pharmaceuticals Ltd,strip of 10 tablets,220.1,true
TG-Tor F 160 Tablet,Atorvastatin + Fenofibrate,10mg + 160mg,Tablet,Torrent Pharmaceuticals Ltd,strip of 10 tablets,275.05,true
Theo Levolin 50 mg/5 mg Syrup,Theophylline + Levosalbutamol,50mg + 5mg,Syrup,Cipla Ltd,bottle of 100 ml Syrup,29.8,true
Theo Salbid 2 mg/100 mg Tablet,Salbutamol + Theophylline,2mg + 100mg,Tablet,Micro Labs Ltd,strip of 10 tablets,2.21,true
Theo-Asthalin Forte Tablet,Salbutamol + Theophylline,4mg + 200mg,Tablet,Cipla Ltd,strip of 20 tablets,17.4,true
Theo-Asthalin Tablet,Salbutamol + Theophylline,2mg + 100mg,Tablet,Cipla Ltd,strip of 30 tablets,17.25,true
Theobid D 400mg Tablet,Doxofylline,400mg,Tablet,Cipla Ltd,strip of 10 tablets,94.28,true
Theoxime 100mg Oral Suspension,Cefixime,100mg,Suspension,Theogen Pvt Ltd,bottle of 30 ml Oral Suspension,62.68,true
Thioril 10 Tablet,Thioridazine,10mg,Tablet,Torrent Pharmaceuticals Ltd,strip of 10 tablets,22.25,false
Thioril 100mg Tablet,Thioridazine,100mg,Tablet,Torrent Pharmaceuticals Ltd,strip of 10 tablets,57.45,false
Thioril 25 Tablet,Thioridazine,25mg,Tablet,Torrent Pharmaceuticals Ltd,strip of 10 tablets,48.75,false
Thioril 50 Tablet,Thioridazine,50mg,Tablet,Torrent Pharmaceuticals Ltd,strip of 10 tablets,83.0,false
Thiospas 4 Capsule,Thiocolchicoside,4mg,Capsule,Abbott,strip of 10 capsules,175.62,true
Thiospas 4 Capsule,Thiocolchicoside,4mg,Capsule,Abbott,strip of 15 capsules,318.74,true
Thiospas 8 Capsule,Thiocolchicoside,8mg,Capsule,Abbott,strip of 15 capsules,467.55,true
Throx Suspension,Roxithromycin,50mg,Suspension,Alkem Laboratories Ltd,bottle of 30 ml Suspension,13.5,true
Thyrocip 100 Tablet,Thyroxine,100mcg,Tablet,Cipla Ltd,bottle of 120 tablets,161.28,true
Thyrocip 125 Tablet,Thyroxine,125mcg,Tablet,Cipla Ltd,bottle of 120 tablets,206.97,true
Thyrocip 150mcg Tablet,Thyroxine,150mcg,Tablet,Cipla Ltd,bottle of 120 tablets,208.32,true
Thyrocip 50 Tablet,Thyroxine,50mcg,Tablet,Cipla Ltd,bottle of 120 tablets,147.84,true
Thyrocip 75mcg Tablet,Thyroxine,75mcg,Tablet,Cipla Ltd,bottle of 120 tablets,174.72,true
Thyrocip Tablet,Thyroxine,25mcg,Tablet,Cipla Ltd,bottle of 120 tablets,176.0,true
Thyronorm 100mcg Tablet,Thyroxine,100mcg,Tablet,Abbott,bottle of 120 tablets,177.53,true
Thyronorm 112mcg Tablet,Thyroxine,112mcg,Tablet,Abbott,bottle of 120 tablets,213.02,true
Thyronorm 12.5mcg Tablet,Thyroxine,12.5mcg,Tablet,Abbott,bottle of 120 tablets,200.54,true
Thyronorm 125mcg Tablet,Thyroxine,125mcg,Tablet,Abbott,bottle of 120 tablets,228.16,true
Thyronorm 137mcg Tablet,Thyroxine,137mcg,Tablet,Abbott,strip of 120 tablets,260.15,true
Thyronorm 150mcg Tablet,Thyroxine,150mcg,Tablet,Abbott,bottle of 120 tablets,229.77,true
Thyronorm 25mcg Tablet,Thyroxine,25mcg,Tablet,Abbott,bottle of 120 tablets,194.56,true
Thyronorm 37.5mcg Tablet,Thyroxine,37.5mcg,Tablet,Abbott,bottle of 120 tablets,195.03,true
Thyronorm 50mcg Tablet,Thyroxine,50mcg,Tablet,Abbott,bottle of 30 tablets,29.9,true
Thyronorm 50mcg Tablet,Thyroxine,50mcg,Tablet,Abbott,bottle of 120 tablets,146.24,true
Thyronorm 62.5mcg Tablet,Thyroxine,62.5mcg,Tablet,Abbott,bottle of 120 tablets,208.26,true
Thyronorm 75mcg Tablet,Thyroxine,75mcg,Tablet,Abbott,bottle of 120 tablets,193.05,true
Thyronorm 88mcg Tablet,Thyroxine,88mcg,Tablet,Abbott,bottle of 120 tablets,228.16,true
Thyrotas 12.5 Tablet,Thyroxine,12.5mcg,Tablet,Intas Pharmaceuticals Ltd,bottle of 50 tablets,53.63,true
Thyroup 100 Tablet,Thyroxine,100mcg,Tablet,Lupin Ltd,bottle of 120 tablets,177.42,true
Thyroup 12.5 Tablet,Thyroxine,12.5mcg,Tablet,Lupin Ltd,bottle of 120 tablets,227.12,true
Thyroup 125 Tablet,Thyroxine,125mcg,Tablet,Lupin Ltd,bottle of 120 tablets,205.05,true
Thyroup 150 Tablet,Thyroxine,150mcg,Tablet,Lupin Ltd,bottle of 100 tablets,161.8,true
Thyroup 150 Tablet,Thyroxine,150mcg,Tablet,Lupin Ltd,bottle of 120 tablets,228.54,true
Thyroup 175mcg Tablet,Thyroxine,175mcg,Tablet,Lupin Ltd,bottle of 100 tablets,118.87,true
Thyroup 200mcg Tablet,Thyroxine,200mcg,Tablet,Lupin Ltd,bottle of 100 tablets,143.86,true
Thyroup 25 Tablet,Thyroxine,25mcg,Tablet,Lupin Ltd,bottle of 120 tablets,194.47,true
Thyroup 50 Tablet,Thyroxine,50mcg,Tablet,Lupin Ltd,bottle of 120 tablets,146.2,true
Thyroup 75 Tablet,Thyroxine,75mcg,Tablet,Lupin Ltd,bottle of 120 tablets,193.04,true
Thyroup 88mcg Tablet,Thyroxine,88mcg,Tablet,Lupin Ltd,bottle of 100 tablets,127.5,true
Thyrox 112 Tablet,Thyroxine,112mcg,Tablet,Macleods Pharmaceuticals Pvt Ltd,bottle of 100 tablets,178.64,true
Thyrox 12.5 Tablet,Thyroxine,12.5mcg,Tablet,Macleods Pharmaceuticals Pvt Ltd,bottle of 100 tablets,167.12,true
Thyrox 125 Tablet,Thyroxine,125mcg,Tablet,Macleods Pharmaceuticals Pvt Ltd,bottle of 100 tablets,190.59,true
Thyrox 200 Tablet,Thyroxine,200mcg,Tablet,Macleods Pharmaceuticals Pvt Ltd,bottle of 100 tablets,289.3,true
Thyrox 25 Tablet,Thyroxine,25mcg,Tablet,Macleods Pharmaceuticals Pvt Ltd,bottle of 100 tablets,162.13,true
Thyrox 25 Tablet,Thyroxine,25mcg,Tablet,Macleods Pharmaceuticals Pvt Ltd,bottle of 120 tablets,194.55,true
Thyrox 37.5mcg Tablet,Thyroxine,37.5mcg,Tablet,Macleods Pharmaceuticals Pvt Ltd,bottle of 100 tablets,146.21,true
Thyrox 50 Tablet,Thyroxine,50mcg,Tablet,Macleods Pharmaceuticals Pvt Ltd,bottle of 100 tablets,121.97,true
Thyrox 50 Tablet,Thyroxine,50mcg,Tablet,Macleods Pharmaceuticals Pvt Ltd,bottle of 120 tablets,146.36,true
Thyrox 62.5mcg Tablet,Thyroxine,62.5mcg,Tablet,Macleods Pharmaceuticals Pvt Ltd,bottle of 100 tablets,188.02,true
Thyrox 75 Tablet,Thyroxine,75mcg,Tablet,Macleods Pharmaceuticals Pvt Ltd,bottle of 100 tablets,160.88,true
Thyrox 88 Tablet,Thyroxine,88mcg,Tablet,Macleods Pharmaceuticals Pvt Ltd,bottle of 100 tablets,190.59,true
TIBIRIM INH 100MG/100MG TABLET DT,Rifampicin + Isoniazid,100mg + 100mg,Tablet,Sun Pharmaceutical Industries Ltd,strip of 10 tablet dt,15.68,true
TIBIRIM INH FORTE 600MG/300MG TABLET,Rifampicin + Isoniazid,600mg + 300mg,Tablet,Sun Pharmaceutical Industries Ltd,strip of 3 tablets,21.06,true
Tide 10 Tablet,Torasemide,10mg,Tablet,Torrent Pharmaceuticals Ltd,strip of 10 tablets,63.15,true
Tide 100 Tablet,Torasemide,100mg,Tablet,Torrent Pharmaceuticals Ltd,strip of 10 tablets,397.5,true
Tide 20 Tablet,Torasemide,20mg,Tablet,Torrent Pharmaceuticals Ltd,strip of 10 tablets,105.95,true
Tide 40 Tablet,Torasemide,40mg,Tablet,Torrent Pharmaceuticals Ltd,strip of 10 tablets,191.5,true
Tide 5 Tablet,Torasemide,5mg,Tablet,Torrent Pharmaceuticals Ltd,strip of 10 tablets,39.25,true
Tide E 10 Tablet Combikit,Eplerenone + Torasemide,25mg + 10mg,Tablet,Torrent Pharmaceuticals Ltd,strip of 10 tablet combikit,267.5,true
Tide E 10 Tablet Combikit,Eplerenone + Torasemide,25mg + 10mg,Tablet,Torrent Pharmaceuticals Ltd,box of 20 tablet combikit,267.5,true
Tide E 20 Tablet Combikit,Eplerenone + Torasemide,25mg + 20mg,Tablet,Torrent Pharmaceuticals Ltd,box of 20 tablet combikit,290.0,true
Tide Injection,Torasemide,10mg/ml,Injection,Torrent Pharmaceuticals Ltd,ampoule of 2 ml Injection,16.8,true
Tide Plus 10 Tablet,Spironolactone + Torasemide,25mg + 10mg,Tablet,Torrent Pharmaceuticals Ltd,strip of 10 tablets,40.35,true
Tide Plus 20 Tablet,Spironolactone + Torasemide,25mg + 20mg,Tablet,Torrent Pharmaceuticals Ltd,strip of 10 tablets,54.65,true
Tide Plus 50mg/5mg Tablet,Spironolactone + Torasemide,50mg + 5mg,Tablet,Torrent Pharmaceuticals Ltd,strip of 10 tablets,26.0,true
Tidomet E 100mg/25mg/200mg Tablet,Levodopa + Carbidopa,100mg + 25mg,Tablet,Torrent Pharmaceuticals Ltd,strip of 10 tablets,55.42,true
Tidomet E 150mg/37.5mg/200mg Tablet,Levodopa + Carbidopa,150mg + 37.5mg,Tablet,Torrent Pharmaceuticals Ltd,strip of 10 tablets,63.0,true
Tidomet E 50mg/12.5mg/200mg Tablet,Levodopa + Carbidopa,50mg + 12.5mg,Tablet,Torrent Pharmaceuticals Ltd,strip of 10 tablets,48.3,true
Tidomet Forte Tablet,Levodopa + Carbidopa,250mg + 25mg,Tablet,Torrent Pharmaceuticals Ltd,strip of 10 tablets,46.24,true
Tidomet LS Tablet,Levodopa + Carbidopa,100mg + 10mg,Tablet,Torrent Pharmaceuticals Ltd,strip of 15 tablets,28.74,true
Tidomet Plus Tablet,Levodopa + Carbidopa,100mg + 25mg,Tablet,Torrent Pharmaceuticals Ltd,strip of 10 tablets,27.96,true
Tigatel 20 Tablet,Telmisartan,20mg,Tablet,Sun Pharmaceutical Industries Ltd,strip of 10 tablets,45.25,true
Tigatel 40 Tablet,Telmisartan,40mg,Tablet,Sun Pharmaceutical Industries Ltd,strip of 20 tablets,163.85,true
Tigatel 80 Tablet,Telmisartan,80mg,Tablet,Sun Pharmaceutical Industries Ltd,strip of 10 tablets,124.85,true
Tigatel 8mg Tablet,Tiagabine,8mg,Tablet,Sun Pharmaceutical Industries Ltd,strip of 10 tablets,112.77,false
Tigatel AM Tablet,Telmisartan + Amlodipine,40mg + 5mg,Tablet,Sun Pharmaceutical Industries Ltd,strip of 20 tablets,247.0,true
Tigatel AMH 40mg/5mg/12.5mg Tablet,Telmisartan + Amlodipine,40mg + 5mg,Tablet,Sun Pharmaceutical Industries Ltd,strip of 10 tablets,102.0,true
Tigatel AMH 80mg/5mg/12.5mg Tablet,Telmisartan + Amlodipine,80mg + 5mg,Tablet,Sun Pharmaceutical Industries Ltd,strip of 10 tablets,160.0,true
Tigatel H 40mg/12.5mg Tablet,Telmisartan + Hydrochlorothiazide,40mg + 12.5mg,Tablet,Sun Pharmaceutical Industries Ltd,strip of 10 tablets,123.0,true
Tigatel H 80mg/12.5mg Tablet,Telmisartan + Hydrochlorothiazide,80mg + 12.5mg,Tablet,Sun Pharmaceutical Industries Ltd,strip of 10 tablets,163.0,true
Tigatel-CH 40mg/12.5mg Tablet,Telmisartan + Chlorthalidone,40mg + 12.5mg,Tablet,Sun Pharmaceutical Industries Ltd,strip of 10 tablets,122.0,true
Tigatel-CH 80mg/12.5mg Tablet,Telmisartan + Chlorthalidone,80mg + 12.5mg,Tablet,Sun Pharmaceutical Industries Ltd,strip of 10 tablets,175.0,true
Timolet Eye Drop,Timolol,0.5% w/v,Drops,Sun Pharmaceutical Industries Ltd,packet of 5 ml Eye Drop,74.05,false
Timolet GFS 0.5% Eye Drop,Timolol,0.5% w/v,Drops,Sun Pharmaceutical Industries Ltd,packet of 3 ml Ophthalmic Solution,93.0,false
Timolet OD BKC free Eye Drop,Timolol,0.5% w/v,Drops,Sun Pharmaceutical Industries Ltd,packet of 3 ml Ophthalmic Solution,44.4,false
Tixylix LS Junior Syrup Cherry,Levosalbutamol + Ambroxol,0.5mg/5ml + 15mg/5ml,Syrup,Abbott,bottle of 60 ml Syrup,82.5,true
Tixylix Syrup Cherry,Chlorpheniramine Maleate + Dextromethorphan Hydrobromide,2mg/5ml + 5mg/5ml,Syrup,Abbott,bottle of 60 ml Syrup,102.3,false
Toba Eye Drop,Tobramycin,0.3% w/v,Drops,Sun Pharmaceutical Industries Ltd,packet of 5 ml Ophthalmic Solution,120.0,true
Tocef Oral Drops,Cefpodoxime Proxetil,50mg,Drops,Synchem Lab,packet of 10 ml Oral Drops,81.0,true
Toflox 200mg Syrup,Ofloxacin,200mg,Syrup,Lincoln Pharmaceuticals Ltd,bottle of 60 ml Syrup,37.3,true
Tolaz 10mg Injection,Olanzapine,10mg,Injection,Torrent Pharmaceuticals Ltd,vial of 1 Injection,60.0,true
Tolaz 15mg Tablet,Olanzapine,15mg,Tablet,Torrent Pharmaceuticals Ltd,strip of 10 tablets,89.1,true
Tolaz 20mg Tablet,Olanzapine,20mg,Tablet,Torrent Pharmaceuticals Ltd,strip of 10 tablets,112.05,true
Tolaz 7.5mg Tablet DT,Olanzapine,7.5mg,Tablet,Torrent Pharmaceuticals Ltd,strip of 10 tablet dt,84.4,true
Tolaz DT 10 Tablet,Olanzapine,10mg,Tablet,Torrent Pharmaceuticals Ltd,strip of 10 disintegrating strips,73.55,true
Tolaz DT 2.5 Tablet,Olanzapine,2.5mg,Tablet,Torrent Pharmaceuticals Ltd,strip of 15 tablet dt,56.6,true
Tolaz DT 2.5 Tablet,Olanzapine,2.5mg,Tablet,Torrent Pharmaceuticals Ltd,strip of 10 tablet dt,31.3,true
Tolaz DT 5 Tablet,Olanzapine,5mg,Tablet,Torrent Pharmaceuticals Ltd,strip of 10 tablet dt,39.75,true
Tolaz LA 210mg/vial Convenience Kit,Olanzapine,210mg,Injection,Torrent Pharmaceuticals Ltd,packet of 1 Injection,1326.0,true
Tolaz LA 300mg/vial Convenience Kit,Olanzapine,300mg,Injection,Torrent Pharmaceuticals Ltd,packet of 1 Injection,1603.0,true
Tolaz LA 405mg/vial Convenience Kit,Olanzapine,405mg,Injection,Torrent Pharmaceuticals Ltd,packet of 1 Injection,1749.0,true
Tolifast 150 Tablet,Tolperisone,150mg,Tablet,Lupin Ltd,strip of 10 tablets,167.0,false
Tolifast 50mg Tablet,Tolperisone,50mg,Tablet,Lupin Ltd,strip of 10 tablets,90.47,false
Tolifast SR Tablet,Tolperisone,450mg,Tablet,Lupin Ltd,strip of 6 tablet sr,270.3,false
Tolkem 100mg Tablet,Tolperisone,100mg,Tablet,Alkem Laboratories Ltd,strip of 10 tablets,79.0,false
Tolkem 50 Tablet,Tolperisone,50mg,Tablet,Alkem Laboratories Ltd,strip of 10 tablets,104.64,false
Tolkem SR 450 Tablet,Tolperisone,450mg,Tablet,Alkem Laboratories Ltd,strip of 6 tablet sr,370.0,false
Tolkem SR 450 Tablet,Tolperisone,450mg,Tablet,Alkem Laboratories Ltd,strip of 10 tablet sr,445.0,false
Tolkem Tablet,Tolperisone,150mg,Tablet,Alkem Laboratories Ltd,strip of 10 tablets,166.0,false
Tolkem-D 150mg/50mg Tablet,Tolperisone + Diclofenac,150mg + 50mg,Tablet,Alkem Laboratories Ltd,strip of 10 tablets,179.0,false
Tolol -XR 12.5 Tablet,Metoprolol Succinate,11.8mg,Tablet,Torrent Pharmaceuticals Ltd,strip of 10 tablet er,44.5,true
Tolol -XR 50 Tablet,Metoprolol Succinate,47.5mg,Tablet,Torrent Pharmaceuticals Ltd,strip of 10 Tablet pr,58.3,true
Tolol AM 25mg Tablet,Amlodipine + Metoprolol Succinate,2.5mg + 25mg,Tablet,Torrent Pharmaceuticals Ltd,strip of 10 tablets,106.1,true
Tolol H 50mg Tablet,Metoprolol Succinate + Hydrochlorothiazide,50mg + 12.5mg,Tablet,Torrent Pharmaceuticals Ltd,strip of 10 tablets,110.4,true
Tolperitas 150 Tablet,Tolperisone,150mg,Tablet,Intas Pharmaceuticals Ltd,strip of 10 tablets,139.0,false
Tolperitas-D Tablet,Tolperisone + Diclofenac,150mg + 50mg,Tablet,Intas Pharmaceuticals Ltd,strip of 10 tablets,218.0,false
Tolperitas-DSR Tablet,Tolperisone + Diclofenac,450mg + 100mg,Tablet,Intas Pharmaceuticals Ltd,strip of 5 tablet sr,165.5,false
Tolperitas-SR 450 Tablet,Tolperisone,450mg,Tablet,Intas Pharmaceuticals Ltd,strip of 10 tablet sr,430.0,false
Tomoxetin 10mg Capsule,Atomoxetine,10mg,Capsule,Torrent Pharmaceuticals Ltd,strip of 10 capsules,41.45,false
Tomoxetin 18mg Capsule,Atomoxetine,18mg,Capsule,Torrent Pharmaceuticals Ltd,strip of 10 capsules,64.7,false
Tomoxetin 25mg Capsule,Atomoxetine,25mg,Capsule,Torrent Pharmaceuticals Ltd,strip of 10 capsules,89.7,false
Tomoxetin 40mg Capsule,Atomoxetine,40mg,Capsule,Torrent Pharmaceuticals Ltd,strip of 10 capsules,143.7,false
Tonact 20-EZ Tablet,Atorvastatin + Ezetimibe,20mg + 10mg,Tablet,Lupin Ltd,strip of 15 tablets,486.65,true
Tonact 20-EZ Tablet,Atorvastatin + Ezetimibe,20mg + 10mg,Tablet,Lupin Ltd,strip of 10 tablets,244.0,true
Tonact D 10 Tablet,Atorvastatin + Vitamin D3,10mg + 1000IU,Tablet,Lupin Ltd,strip of 10 tablets,168.8,true
Tonact D 20 Tablet,Atorvastatin + Vitamin D3,20mg + 1000IU,Tablet,Lupin Ltd,strip of 10 tablets,263.2,true
Tonact EZ 40 Tablet,Atorvastatin + Ezetimibe,40mg + 10mg,Tablet,Lupin Ltd,strip of 10 tablets,371.0,true
Tonact Forte Tablet ER,Atorvastatin + Vitamin B3(Nicotinic Acid),10mg + 500mg,Tablet,Lupin Ltd,strip of 10 tablet er,176.0,true
Tonact Plus Tablet ER,Atorvastatin + Vitamin B3(Nicotinic Acid),10mg + 375mg,Tablet,Lupin Ltd,strip of 10 tablet er,200.9,true
Tonact-ASP 150 Capsule,Atorvastatin + Aspirin,10mg + 150mg,Capsule,Lupin Ltd,strip of 15 capsules,56.0,true
Tonact-ASP 20/150 Capsule,Atorvastatin + Aspirin,20mg + 150mg,Capsule,Lupin Ltd,strip of 10 capsules,34.83,true
Tonact-ASP 75 Capsule,Atorvastatin + Aspirin,10mg + 75mg,Capsule,Lupin Ltd,strip of 15 capsules,47.2,true
Tonact-TG 20 Tablet,Atorvastatin + Fenofibrate,20mg + 160mg,Tablet,Lupin Ltd,strip of 10 tablets,297.35,true
Tonact-TG Tablet,Atorvastatin + Fenofibrate,10mg + 160mg,Tablet,Lupin Ltd,strip of 15 tablets,438.7,true
Top Mono 25mg Tablet,Tapentadol,25mg,Tablet,Micro Labs Ltd,strip of 10 tablets,50.0,true
Top Mono 50mg Tablet,Tapentadol,50mg,Tablet,Micro Labs Ltd,strip of 10 tablets,99.0,true
Top SD 30mg Tablet,Pantoprazole,30mg,Tablet,Shrinivas Gujarat Laboratories Pvt Ltd,strip of 10 tablets,49.52,true
Topac Fast Gel,Diclofenac,,Gel,Abbott,tube of 20 gm Gel,61.9,false
Topac SP Plus Tablet,Diclofenac + Paracetamol,,Tablet,Abbott,strip of 10 tablets,64.79,false
Topaz 100 Tablet,Topiramate,100mg,Tablet,Intas Pharmaceuticals Ltd,strip of 15 tablets,360.0,true
Topaz 200 Tablet,Topiramate,200mg,Tablet,Intas Pharmaceuticals Ltd,strip of 10 tablets,357.0,true
Topaz 25 Tablet,Topiramate,25mg,Tablet,Intas Pharmaceuticals Ltd,strip of 15 tablets,96.5,true
Topaz 50 Tablet,Topiramate,50mg,Tablet,Intas Pharmaceuticals Ltd,strip of 15 tablets,185.0,true
Topcef 100 DT Tablet,Cefixime,100mg,Tablet,Torrent Pharmaceuticals Ltd,strip of 10 tablet dt,76.75,true
Topcef 200 Tablet DT,Cefixime,200mg,Tablet,Torrent Pharmaceuticals Ltd,strip of 10 tablet dt,88.75,true
Topcef 25mg Oral Drops,Cefixime,25mg,Drops,Torrent Pharmaceuticals Ltd,packet of 10 ml Oral Drops,42.35,true
Topcef 400mg Tablet,Cefixime,400mg,Tablet,Torrent Pharmaceuticals Ltd,strip of 10 tablets,115.38,true
Topcef 50 DT Tablet,Cefixime,50mg,Tablet,Torrent Pharmaceuticals Ltd,strip of 10 tablet dt,48.75,true
Topcef Clav 200mg/125mg Tablet,Cefixime + Clavulanic Acid,200mg + 125mg,Tablet,Torrent Pharmaceuticals Ltd,strip of 6 tablets,196.0,true
Topcef Clav 200mg/125mg Tablet,Cefixime + Clavulanic Acid,200mg + 125mg,Tablet,Torrent Pharmaceuticals Ltd,strip of 10 tablets,283.75,true
Topcef DC Tablet,Cefixime + Dicloxacillin,200mg + 500mg,Tablet,Torrent Pharmaceuticals Ltd,strip of 10 tablets,177.0,true
Topcef Insta Use 100mg Syrup,Cefixime,100mg/5ml,Syrup,Torrent Pharmaceuticals Ltd,bottle of 30 ml Syrup,118.0,true
Topcef Insta Use 125mg Syrup,Cefixime,125mg,Syrup,Torrent Pharmaceuticals Ltd,bottle of 30 ml Syrup,166.0,true
Topcef Insta Use 50mg Syrup,Cefixime,50mg,Syrup,Torrent Pharmaceuticals Ltd,bottle of 30 ml Syrup,44.49,true
Topcef O 100mg/100mg Tablet,Cefixime + Ofloxacin,100mg + 100mg,Tablet,Torrent Pharmaceuticals Ltd,strip of 10 tablets,75.0,true
Topcef O 200mg Tablet,Cefixime + Ofloxacin,200mg + 200mg,Tablet,Torrent Pharmaceuticals Ltd,strip of 10 tablets,208.7,true
Topcef Plus 200 Tablet,Cefixime + Dicloxacillin,200mg + 500mg,Tablet,Torrent Pharmaceuticals Ltd,strip of 10 tablets,162.25,true
Topcef Plus Tablet,Cefixime + Dicloxacillin,100mg,Tablet,Torrent Pharmaceuticals Ltd,strip of 10 tablets,52.7,true
Topex 25mg Tablet,Topiramate,25mg,Tablet,Cipla Ltd,strip of 10 tablets,39.0,true
Topirol 100 Tablet,Topiramate,100mg,Tablet,Sun Pharmaceutical Industries Ltd,strip of 10 tablets,285.0,true
Topirol 15mg Tablet,Topiramate,15mg,Tablet,Sun Pharmaceutical Industries Ltd,strip of 10 tablets,29.71,true
Topirol 25 Tablet,Topiramate,25mg,Tablet,Sun Pharmaceutical Industries Ltd,strip of 10 tablets,90.0,true
Topirol 50 Tablet,Topiramate,50mg,Tablet,Sun Pharmaceutical Industries Ltd,strip of 10 tablets,145.0,true
Topme-XL 12.5 Tablet,Metoprolol Succinate,12.5mg,Tablet,Johnlee Pharmaceuticals Pvt Ltd,strip of 10 tablet er,37.5,true
Topovid M Ointment,Povidone Iodine,,Ointment,Elder Pharmaceuticals Ltd,tube of 15 gm Ointment,65.0,false
Topril 1.25mg Capsule,Ramipril,1.25mg,Capsule,Torrent Pharmaceuticals Ltd,strip of 10 capsules,23.05,true
Topril 2.5mg Capsule,Ramipril,2.5mg,Capsule,Torrent Pharmaceuticals Ltd,strip of 10 capsules,39.05,true
Topril 5mg Capsule,Ramipril,5mg,Capsule,Torrent Pharmaceuticals Ltd,strip of 10 capsules,70.0,true
TOR 10 Tablet,Torasemide,10mg,Tablet,Intas Pharmaceuticals Ltd,strip of 15 tablets,63.5,true
TOR 100 Tablet,Torasemide,100mg,Tablet,Intas Pharmaceuticals Ltd,strip of 10 tablets,316.0,true
TOR 10mg Injection,Torasemide,10mg,Injection,Intas Pharmaceuticals Ltd,vial of 2 ml Injection,9.68,true
TOR 20mg Tablet,Torasemide,20mg,Tablet,Intas Pharmaceuticals Ltd,strip of 10 tablets,97.0,true
TOR 40mg Tablet,Torasemide,40mg,Tablet,Intas Pharmaceuticals Ltd,strip of 10 tablets,160.0,true
TOR 5 Tablet,Torasemide,5mg,Tablet,Intas Pharmaceuticals Ltd,strip of 10 tablets,31.75,true
Tor Plus 50mg/10mg Tablet,Spironolactone + Torasemide,50mg + 10mg,Tablet,Intas Pharmaceuticals Ltd,strip of 10 tablets,48.09,true
Tor Plus 50mg/20mg Tablet,Spironolactone + Torasemide,50mg + 20mg,Tablet,Intas Pharmaceuticals Ltd,strip of 10 tablets,66.85,true
Torcoxia Plus Tablet,Etoricoxib + Paracetamol,60mg + 500mg,Tablet,Torrent Pharmaceuticals Ltd,strip of 10 tablets,49.9,true
Torfix 400 Tablet,Rifaximin,400mg,Tablet,Torrent Pharmaceuticals Ltd,strip of 10 tablets,377.7,true
Torfix 550 Tablet,Rifaximin,550mg,Tablet,Torrent Pharmaceuticals Ltd,strip of 10 tablets,456.45,true
Torfix Tablet,Rifaximin,200mg,Tablet,Torrent Pharmaceuticals Ltd,strip of 10 tablets,206.6,true
Torget 40 Tablet,Torasemide,40mg,Tablet,Zydus Cadila,strip of 10 tablets,225.5,true
Torget Plus 10 Tablet,Spironolactone + Torasemide,50mg + 10mg,Tablet,Zydus Cadila,strip of 10 tablets,114.15,true
Torget Plus 20 Tablet,Spironolactone + Torasemide,50mg + 20mg,Tablet,Zydus Cadila,strip of 10 tablets,162.14,true
Torglip 50 Tablet,Vildagliptin,50mg,Tablet,Torrent Pharmaceuticals Ltd,strip of 10 tablets,59.2,true
Torglip D 10 Tablet SR,Dapagliflozin + Vildagliptin,10mg + 100mg,Tablet,Torrent Pharmaceuticals Ltd,strip of 10 tablet sr,189.0,true
Torglip D 5 Tablet SR,Dapagliflozin + Vildagliptin,5mg + 100mg,Tablet,Torrent Pharmaceuticals Ltd,strip of 10 tablet sr,159.0,true
Torglip M 50/1000 Tablet,Metformin + Vildagliptin,1000mg + 50mg,Tablet,Torrent Pharmaceuticals Ltd,strip of 10 tablets,83.4,true
Torglip M 50/500 Tablet,Metformin + Vildagliptin,500mg + 50mg,Tablet,Torrent Pharmaceuticals Ltd,strip of 10 tablets,83.4,true
Torglip M 50/850 Tablet,Metformin + Vildagliptin,850mg + 50mg,Tablet,Torrent Pharmaceuticals Ltd,strip of 10 tablets,83.4,true
Torglip M SR 1000 Tablet,Metformin + Vildagliptin,1000mg + 50mg,Tablet,Torrent Pharmaceuticals Ltd,strip of 10 tablet sr,92.5,true
Torglip M SR 500 Tablet,Metformin + Vildagliptin,500mg + 50mg,Tablet,Torrent Pharmaceuticals Ltd,strip of 10 tablet sr,89.0,true
Torglip OD 100 Tablet SR,Vildagliptin,100mg,Tablet,Torrent Pharmaceuticals Ltd,strip of 10 tablet sr,120.85,true
Torglip R 100mg/50mg Tablet,Remogliflozin Etabonate + Vildagliptin,100mg + 50mg,Tablet,Torrent Pharmaceuticals Ltd,strip of 10 tablets,163.9,true
Torleva 250 Tablet,Levetiracetam,250mg,Tablet,Torrent Pharmaceuticals Ltd,strip of 10 tablets,72.6,true
Torleva 750 Tablet,Levetiracetam,750mg,Tablet,Torrent Pharmaceuticals Ltd,strip of 10 tablets,216.85,true
Torleva Injection,Levetiracetam,500mg,Injection,Torrent Pharmaceuticals Ltd,vial of 5 ml Injection,106.31,true
Torleva Syrup,Levetiracetam,100mg/ml,Solution,Torrent Pharmaceuticals Ltd,bottle of 100 ml Oral Solution,452.75,true
Torleva XR 1000 Tablet,Levetiracetam,1000mg,Tablet,Torrent Pharmaceuticals Ltd,strip of 10 Tablet pr,418.2,true
Tormoxin 125mg Capsule,Amoxycillin,125mg,Capsule,Torrent Pharmaceuticals Ltd,strip of 10 capsules,17.3,true
Tormoxin 125mg Syrup,Amoxycillin,125mg,Syrup,Torrent Pharmaceuticals Ltd,bottle of 30 ml Syrup,13.9,true
Tormoxin Clav Oral Suspension,Amoxycillin + Clavulanic Acid,200mg + 28.5mg,Suspension,Torrent Pharmaceuticals Ltd,bottle of 30 ml Oral Suspension,60.45,true
Tormoxin Plus 250mg/250mg Capsule,Amoxycillin + Dicloxacillin,250mg + 250mg,Capsule,Torrent Pharmaceuticals Ltd,strip of 10 capsules,67.5,true
Toroxx A 200mg Tablet SR,Aceclofenac,200mg,Tablet,Torrent Pharmaceuticals Ltd,strip of 10 tablet sr,40.9,false
Toroxx A Gel,Aceclofenac,,Gel,Torrent Pharmaceuticals Ltd,tube of 30 gm Gel,46.92,false
Toroxx SP 100mg/500mg/15mg Tablet,Aceclofenac + Paracetamol,100mg + 500mg,Tablet,Torrent Pharmaceuticals Ltd,strip of 10 tablets,83.18,false
Toroxx TX Tablet,Aceclofenac,100mg,Tablet,Torrent Pharmaceuticals Ltd,strip of 10 tablets,81.01,false
Torsinex 10 Tablet,Torasemide,10mg,Tablet,Micro Labs Ltd,strip of 10 tablets,48.0,true
Torsinex 100 Tablet,Torasemide,100mg,Tablet,Micro Labs Ltd,strip of 10 tablets,317.0,true
Torsinex 20 Tablet,Torasemide,20mg,Tablet,Micro Labs Ltd,strip of 10 tablets,90.0,true
Torsinex 5mg Tablet,Torasemide,5mg,Tablet,Micro Labs Ltd,strip of 10 tablets,30.75,true
Torsinex Forte 10 Tablet,Spironolactone + Torasemide,50mg + 10mg,Tablet,Micro Labs Ltd,strip of 10 tablets,39.0,true
Torsinex Forte 5 Tablet,Spironolactone + Torasemide,50mg + 5mg,Tablet,Micro Labs Ltd,strip of 10 tablets,30.0,true
Torsinex Forte Tablet,Spironolactone + Torasemide,50mg + 20mg,Tablet,Micro Labs Ltd,strip of 10 tablets,48.0,true
Torsinex Plus Tablet,Spironolactone + Torasemide,25mg + 10mg,Tablet,Micro Labs Ltd,strip of 10 tablets,28.0,true
Torvate 1000mg Tablet,Sodium Valproate,1000mg,Tablet,Torrent Pharmaceuticals Ltd,strip of 10 tablets,65.0,true
Torvate 200 Tablet CR,Sodium Valproate,200mg,Tablet,Torrent Pharmaceuticals Ltd,strip of 10 tablet cr,26.97,true
Torvate 300 Tablet CR,Sodium Valproate,300mg,Tablet,Torrent Pharmaceuticals Ltd,strip of 10 tablet cr,34.05,true
Torvate 500 Tablet CR,Sodium Valproate,500mg,Tablet,Torrent Pharmaceuticals Ltd,strip of 10 tablet cr,54.4,true
Torvate 750mg Tablet,Sodium Valproate,750mg,Tablet,Torrent Pharmaceuticals Ltd,strip of 10 tablets,44.54,true
Torvate Chrono 200 Tablet CR,Sodium Valproate + Valproic Acid,133.5mg + 58mg,Tablet,Torrent Pharmaceuticals Ltd,strip of 10 tablet cr,33.67,true
Torvate Chrono 300 Tablet CR,Sodium Valproate + Valproic Acid,200mg + 87mg,Tablet,Torrent Pharmaceuticals Ltd,strip of 10 tablet cr,50.6,true
Torvate Chrono 500 Tablet CR,Sodium Valproate + Valproic Acid,333mg + 145mg,Tablet,Torrent Pharmaceuticals Ltd,strip of 10 tablet cr,71.2,true
Tossex 12 Oral Suspension Orange,Dextromethorphan Hydrobromide,30mg/5ml,Suspension,Abbott,bottle of 100 ml Oral Suspension,111.8,false
Tossex Antitussive Cough Syrup,Chlorpheniramine Maleate + Codeine,4mg + 10mg,Syrup,Abbott,bottle of 100 ml Syrup,186.8,true
Tossex DMR Syrup Kiwi Sugar Free,Chlorpheniramine Maleate + Dextromethorphan Hydrobromide,2mg + 10mg,Syrup,Abbott,bottle of 100 ml Syrup,127.36,false
Tossex T Syrup,Codeine + Triprolidine,10mg/5ml + 1.25mg/5ml,Syrup,Abbott,bottle of 100 ml Syrup,116.0,true
Tozaar 25 Tablet,Losartan,25mg,Tablet,Torrent Pharmaceuticals Ltd,strip of 10 tablets,42.0,true
Tozaar 50 Tablet,Losartan,50mg,Tablet,Torrent Pharmaceuticals Ltd,strip of 10 tablets,84.0,true
Tozaar R Tablet,Ramipril + Losartan,2.5mg + 50mg,Tablet,Torrent Pharmaceuticals Ltd,strip of 10 tablets,77.0,true
Tozaar-AT Tablet,Atenolol + Losartan,50mg + 50mg,Tablet,Torrent Pharmaceuticals Ltd,strip of 10 tablets,132.55,true
Tozaar-H Tablet,Losartan + Hydrochlorothiazide,50mg + 12.5mg,Tablet,Torrent Pharmaceuticals Ltd,strip of 15 tablets,207.5,true
Tozar CV 500mg/500mg Tablet,Amoxycillin + Clavulanic Acid,500mg + 500mg,Tablet,Trikut Humanities Bio Science Pvt Ltd,strip of 10 tablets,280.0,true
TP Tablet,Telmisartan,,Tablet,Alkem Laboratories Ltd,strip of 10 tablets,34.28,true
TR Phyllin 125mg Capsule,Theophylline,125mg,Capsule,Sun Pharmaceutical Industries Ltd,strip of 10 capsules,9.71,true
TR Phyllin 250mg Capsule,Theophylline,250mg,Capsule,Sun Pharmaceutical Industries Ltd,strip of 10 capsules,13.45,true
TR Phyllin Syrup,Theophylline,,Syrup,Sun Pharmaceutical Industries Ltd,bottle of 100 ml Syrup,11.8,true
Tram Injection,Tramadol,,Injection,Zydus Cadila,vial of 2 ml Injection,6.0,true
Tram Proxyvon 325 mg/37.5 mg Capsule,Paracetamol/Acetaminophen + Tramadol,325mg + 37.5mg,Capsule,Wockhardt Ltd,strip of 8 capsules,24.0,true
Tramacet 37.5mg/325mg Tablet,Tramadol + Paracetamol,37.5mg + 325mg,Tablet,Intas Pharmaceuticals Ltd,strip of 10 tablets,90.0,true
Tramacip 50mg Capsule,Tramadol,50mg,Capsule,Cipla Ltd,strip of 10 capsules,49.5,true
Tramatas 50mg Capsule,Tramadol,50mg,Capsule,Intas Pharmaceuticals Ltd,strip of 10 capsules,10.0,true
Tramatas Forte 50mg Tablet,Tramadol,50mg,Tablet,Intas Pharmaceuticals Ltd,strip of 10 tablets,7.5,true
Tramazac 100mg Tablet SR,Tramadol,100mg,Tablet,Zydus Cadila,strip of 10 tablet sr,163.25,true
Tramazac Capsule,Tramadol,50mg,Capsule,Zydus Cadila,strip of 10 capsules,56.06,true
Tramazac HP 50mg Injection,Tramadol,50mg,Injection,Zydus Cadila,vial of 1 ml Injection,10.64,true
Tramazac HP 50mg Injection,Tramadol,50mg,Injection,Zydus Cadila,vial of 2 ml Injection,21.28,true
Tramazac Injection,Tramadol,50mg,Injection,Zydus Cadila,vial of 1 ml Injection,13.0,true
Tramazac PD 10mg/325mg/37.5mg Tablet,Domperidone + Paracetamol,10mg + 325mg,Tablet,Zydus Cadila,strip of 10 tablets,95.4,true
Tramazac TC 100mg Tablet,Tramadol,100mg,Tablet,Zydus Cadila,strip of 10 tablets,195.4,true
Tramazac-P Tablet DT,Paracetamol/Acetaminophen + Tramadol,325mg + 37.5mg,Tablet,Zydus Cadila,strip of 10 tablet dt,119.79,true
Trambax 50mg Injection,Tramadol,50mg,Injection,Sun Pharmaceutical Industries Ltd,vial of 1 ml Injection,102.03,true
Trambax 50mg Tablet,Tramadol,50mg,Tablet,Sun Pharmaceutical Industries Ltd,strip of 10 tablets,45.0,true
Trambax OD 100mg Tablet,Tramadol,100mg,Tablet,Sun Pharmaceutical Industries Ltd,strip of 10 tablets,185.0,true
Trambax P 325 mg/37.5 mg Tablet,Paracetamol/Acetaminophen + Tramadol,325mg + 37.5mg,Tablet,Sun Pharmaceutical Industries Ltd,strip of 10 tablets,50.35,true
Tranarest 250mg Tablet,Tranexamic Acid,250mg,Tablet,Cadila Pharmaceuticals Ltd,strip of 10 tablets,49.5,true
Tranarest MF 500 mg/250 mg Tablet,Tranexamic Acid + Mefenamic Acid,500mg + 250mg,Tablet,Zydus Cadila,strip of 10 tablets,133.37,true
Trancodol 20mg Tablet DT,Haloperidol,20mg,Tablet,Intas Pharmaceuticals Ltd,strip of 10 tablet dt,72.5,true
Trancodol DT 1.5 Tablet,Haloperidol,1.5mg,Tablet,Intas Pharmaceuticals Ltd,strip of 10 tablet dt,14.5,true
Trancodol DT 5 Tablet,Haloperidol,5mg,Tablet,Intas Pharmaceuticals Ltd,strip of 10 tablet dt,49.0,true
Tranfib 250mg Tablet,Tranexamic Acid,250mg,Tablet,Cipla Ltd,strip of 10 tablets,160.0,true
Tranfib 500mg Tablet,Tranexamic Acid,500mg,Tablet,Cipla Ltd,strip of 10 tablets,178.29,true
Tranzex Plus Tablet,Paracetamol/Acetaminophen + Tramadol,500mg + 50mg,Tablet,Sun Pharmaceutical Industries Ltd,strip of 10 tablets,65.5,true
Trapic 100mg Injection,Tranexamic Acid,100mg,Injection,Sun Pharmaceutical Industries Ltd,vial of 5 ml Injection,77.15,true
Trapic 250mg Tablet,Tranexamic Acid,250mg,Tablet,Sun Pharmaceutical Industries Ltd,strip of 10 tablets,162.33,true
Trapic 500mg Injection,Tranexamic Acid,500mg,Injection,Sun Pharmaceutical Industries Ltd,vial of 5 ml Injection,77.15,true
Trapic 500mg Tablet,Tranexamic Acid,500mg,Tablet,Sun Pharmaceutical Industries Ltd,strip of 10 tablets,202.4,true
Trapic 650 Tablet,Tranexamic Acid,650mg,Tablet,Sun Pharmaceutical Industries Ltd,strip of 10 tablets,337.0,true
Trapic E Tablet,Tranexamic Acid + Ethamsylate,250mg + 250mg,Tablet,Sun Pharmaceutical Industries Ltd,strip of 10 tablets,271.0,true
Trapic MF Tablet,Tranexamic Acid + Mefenamic Acid,500mg + 250mg,Tablet,Sun Pharmaceutical Industries Ltd,strip of 10 tablets,415.0,true
Traxol O 25mg Oral Drops,Cefixime,25mg,Drops,Cachet Pharmaceuticals Pvt Ltd,packet of 10 ml Oral Drops,53.17,true
Trazine 10mg Tablet,Trifluoperazine,10mg,Tablet,Sun Pharmaceutical Industries Ltd,strip of 10 tablets,12.51,false
Trazine 5mg Tablet,Trifluoperazine,5mg,Tablet,Sun Pharmaceutical Industries Ltd,strip of 10 tablets,4.48,false
Trazine LS Tablet,Trifluoperazine,,Tablet,Sun Pharmaceutical Industries Ltd,strip of 10 tablets,7.13,false
Trazine-H Tablet,Trifluoperazine + Trihexyphenidyl,2.5mg + 1mg,Tablet,Sun Pharmaceutical Industries Ltd,strip of 10 tablets,13.0,false
Trazine-S Tablet,Trifluoperazine + Trihexyphenidyl,5mg + 2mg,Tablet,Sun Pharmaceutical Industries Ltd,strip of 10 tablets,21.5,false
Trenaxa 750mg Tablet SR,Tranexamic Acid,750mg,Tablet,Macleods Pharmaceuticals Pvt Ltd,strip of 6 tablet sr,48.12,true
Trenaxa MF Tablet,Tranexamic Acid + Mefenamic Acid,500mg + 250mg,Tablet,Macleods Pharmaceuticals Pvt Ltd,strip of 6 tablets,290.4,true
Tretiva 10 Capsule,Isotretinoin,10mg,Capsule,Intas Pharmaceuticals Ltd,strip of 10 soft gelatin capsules,160.0,true
Tretiva 20 Capsule,Isotretinoin,20mg,Capsule,Intas Pharmaceuticals Ltd,strip of 10 capsules,230.0,true
Tretiva 30 Capsule,Isotretinoin,30mg,Capsule,Intas Pharmaceuticals Ltd,strip of 10 soft gelatin capsules,295.0,true
Tretiva 40 Capsule,Isotretinoin,40mg,Capsule,Intas Pharmaceuticals Ltd,strip of 10 soft gelatin capsules,342.0,true
Tretiva 5 Capsule,Isotretinoin,5mg,Capsule,Intas Pharmaceuticals Ltd,strip of 10 capsules,93.0,true
Tri Enselin 5mg/500mg/15mg Tablet,Glibenclamide + Metformin,5mg + 500mg,Tablet,Torrent Pharmaceuticals Ltd,strip of 10 tablets,60.0,true
Tri Losacar Tablet,Losartan + Amlodipine,50mg + 5mg,Tablet,Zydus Cadila,strip of 10 tablets,115.9,true
Tri-Azulix Forte 1mg/1000mg/7.5mg Tablet,Glimepiride + Metformin,1mg + 1000mg,Tablet,Torrent Pharmaceuticals Ltd,strip of 10 tablets,84.5,true
Tri-Azulix Forte-2 Tablet SR,Glimepiride + Metformin,2mg + 1000mg,Tablet,Torrent Pharmaceuticals Ltd,strip of 10 tablet sr,98.9,true
Tricare Tablet,Paracetamol/Acetaminophen + Tramadol,500mg + 50mg,Tablet,Leeford Healthcare Ltd,strip of 10 tablets,55.0,true
Triexer 1 Kit,Glimepiride + Metformin,1mg + 500mg,Other,Cipla Ltd,packet of 1 Kit,127.1,true
Triexer 2 Kit,Glimepiride + Metformin,2mg + 500mg,Other,Cipla Ltd,packet of 1 Kit,125.0,true
Trigabantin 100 Tablet,Gabapentin + Methylcobalamin,100mg + 0.5mg,Tablet,Sun Pharmaceutical Industries Ltd,strip of 10 tablets,178.0,true
Trigabantin 300 Tablet,Gabapentin + Methylcobalamin,300mg + 0.5mg,Tablet,Sun Pharmaceutical Industries Ltd,strip of 10 tablets,291.0,true
Trika 0.125mg Tablet,Alprazolam,0.125mg,Tablet,Torrent Pharmaceuticals Ltd,strip of 10 tablets,6.3,true
Trika 0.25mg Tablet,Alprazolam,0.25mg,Tablet,Torrent Pharmaceuticals Ltd,strip of 15 tablets,29.2,true
Trika 0.5mg Tablet,Alprazolam,0.5mg,Tablet,Torrent Pharmaceuticals Ltd,strip of 15 tablets,60.85,true
Trika 1 Tablet,Alprazolam,1mg,Tablet,Torrent Pharmaceuticals Ltd,strip of 10 tablets,59.7,true
Trika Forte 0.5 mg/50 mg Tablet,Alprazolam + Sertraline,0.5mg + 50mg,Tablet,Torrent Pharmaceuticals Ltd,strip of 10 tablets,84.0,true
Trika Plus 0.5 mg/25 mg Tablet,Alprazolam + Sertraline,0.5mg + 25mg,Tablet,Torrent Pharmaceuticals Ltd,strip of 10 tablets,63.2,true
Trimetaday 1mg/850mg/7.5mg Tablet SR,Glimepiride + Metformin,1mg + 850mg,Tablet,Wockhardt Ltd,strip of 10 tablet sr,44.0,true
Tripod 200mg Dry Syrup,Cefpodoxime Proxetil,200mg,Syrup,Trikut Humanities Bio Science Pvt Ltd,bottle of 30 ml Dry Syrup,72.0,true
Trisys O 200mg Dry Syrup,Cefixime,200mg,Syrup,Systacare Remedies,bottle of 30 ml Dry Syrup,47.71,true
Tritus 25 mg/4 mg/15 mg Suspension,Phenylpropanolamine + Chlorpheniramine Maleate,25mg + 4mg,Suspension,Alkem Laboratories Ltd,bottle of 50 ml Suspension,44.75,false
Tritus Plus Suspension,Paracetamol + Chlorpheniramine Maleate,,Suspension,Alkem Laboratories Ltd,bottle of 50 ml Suspension,31.65,false
Trixon-O Drop,Cefixime,25mg,Suspension,Lincoln Pharmaceuticals Ltd,bottle of 10 ml Oral Suspension,39.3,true
Tromax 50mg Capsule,Diclofenac,50mg,Capsule,Aristo Pharmaceuticals Pvt Ltd,strip of 10 capsules,7.45,false
Troypod 200mg Syrup,Cefpodoxime Proxetil,200mg,Syrup,Troikaa Pharmaceuticals Ltd,bottle of 30 ml Syrup,21.12,true
Truclave Dry Syrup,Amoxycillin + Clavulanic Acid,200mg + 28.5mg/5ml,Syrup,Ikon Remedies Pvt Ltd,bottle of 30 ml Dry Syrup,81.63,true
Trustyl BR Syrup,Ambroxol + Guaifenesin,15mg + 50mg,Syrup,Abbott,bottle of 60 ml Syrup,37.5,false
Trustyl X Syrup,Bromhexine + Guaifenesin,4mg/5ml + 50mg/5ml,Syrup,Abbott,bottle of 60 ml Syrup,37.4,false
Tryptomer 10mg Tablet,Amitriptyline,10mg,Tablet,Dr Reddy's Laboratories Ltd,strip of 30 tablets,85.22,true
Tryptomer 25mg Tablet,Amitriptyline,25mg,Tablet,Dr Reddy's Laboratories Ltd,strip of 30 tablets,84.0,true
Tryptomer 50mg Tablet,Amitriptyline,50mg,Tablet,Dr Reddy's Laboratories Ltd,strip of 15 tablets,108.24,true
Tryptomer 75mg Tablet,Amitriptyline,75mg,Tablet,Dr Reddy's Laboratories Ltd,strip of 10 tablets,62.94,true
Tsart 40 CT Tablet,Telmisartan + Chlorthalidone,40mg + 12.5mg,Tablet,Alkem Laboratories Ltd,strip of 10 tablets,166.0,true
Tsart MCL 25 Tablet ER,Cilnidipine + Metoprolol Succinate,10mg + 23.75mg,Tablet,Alkem Laboratories Ltd,strip of 10 tablet er,119.62,true
Tsart MCL 50 Tablet ER,Cilnidipine + Metoprolol Succinate,10mg + 47.50mg,Tablet,Alkem Laboratories Ltd,strip of 10 tablet er,145.04,true
Tsart Trio 12.5 Tablet,Telmisartan + Cilnidipine,40mg + 10mg,Tablet,Alkem Laboratories Ltd,strip of 10 tablets,207.0,true
Tsart Trio 6.25 Tablet,Telmisartan + Cilnidipine,40mg + 10mg,Tablet,Alkem Laboratories Ltd,strip of 10 tablets,193.0,true
Tsart-CL Tablet,Cilnidipine + Telmisartan,10mg + 40mg,Tablet,Alkem Laboratories Ltd,strip of 10 tablets,106.0,true
Tugain 5% Gel,Minoxidil,5% w/w,Gel,Cipla Ltd,bottle of 60 gm Gel,935.51,false
Turbovas CV 20mg/75mg Capsule,Rosuvastatin + Clopidogrel,20mg + 75mg,Capsule,Micro Labs Ltd,strip of 10 capsules,219.96,true
Twincal 40mg Tablet,Cilnidipine,40mg,Tablet,Zydus Cadila,strip of 10 tablets,82.46,true
Tydol 100 Tablet,Tapentadol,100mg,Tablet,Sun Pharmaceutical Industries Ltd,strip of 10 tablets,346.0,true
Tydol 50 Tablet,Tapentadol,50mg,Tablet,Sun Pharmaceutical Industries Ltd,strip of 10 tablets,177.0,true
Tydol 75mg Tablet,Tapentadol,75mg,Tablet,Sun Pharmaceutical Industries Ltd,strip of 10 tablets,139.0,true
Tyza Cream,Terbinafine,1% w/w,Cream,Abbott,tube of 15 gm Cream,121.17,true
Tyza Cream,Terbinafine,1% w/w,Cream,Abbott,tube of 30 gm Cream,181.34,true
Tyza DP Gel,Terbinafine,1% w/w,Gel,Abbott,tube of 15 gm Gel,89.0,true
Tyza Dusting Powder,Terbinafine,1% w/w,Powder,Abbott,packet of 30 gm Dusting Powder,107.0,true
Tyza Dusting Powder,Terbinafine,1% w/w,Powder,Abbott,bottle of 50 gm Dusting Powder,189.0,true
Tyza M Gel,Mometasone + Terbinafine,0.1% w/w + 1% w/w,Gel,Abbott,tube of 10 gm Gel,100.39,true
Tyza Tablet,Terbinafine,250mg,Tablet,Abbott,strip of 10 tablets,225.63,true
Ubexa 40 Tablet,Febuxostat,40mg,Tablet,Lupin Ltd,strip of 10 tablets,148.65,true
Ubexa 40 Tablet,Febuxostat,40mg,Tablet,Lupin Ltd,strip of 15 tablets,223.0,true
Ubexa 80 Tablet,Febuxostat,80mg,Tablet,Lupin Ltd,strip of 10 tablets,231.9,true
Udiliv 450mg Tablet,Ursodeoxycholic Acid,450mg,Tablet,Abbott,strip of 10 tablets,541.47,true
Udiliv 600 Tablet,Ursodeoxycholic Acid,600mg,Tablet,Abbott,strip of 10 tablets,695.09,true
Ulgel Oral Suspension Elaichi Sugar Free,Magaldrate + Simethicone,400mg/5ml + 20mg/5ml,Suspension,Alembic Pharmaceuticals Ltd,bottle of 200 ml Oral Suspension,131.9,false
Ulgel Oral Suspension Saunf,Magaldrate + Simethicone,400mg/5ml + 20mg/5ml,Suspension,Alembic Pharmaceuticals Ltd,bottle of 450 ml Oral Suspension,190.6,false
Ulgel Oral Suspension Saunf Sugar Free,Magaldrate + Simethicone,400mg/5ml + 20mg/5ml,Suspension,Alembic Pharmaceuticals Ltd,bottle of 200 ml Oral Suspension,131.6,false
Ulgel Tablet,Magaldrate + Simethicone,400mg + 20mg,Tablet,Alembic Pharmaceuticals Ltd,strip of 8 tablets,18.8,false
Ulgel Tablet Saunf,Magaldrate + Simethicone,400mg + 20mg,Tablet,Alembic Pharmaceuticals Ltd,strip of 8 tablets,20.6,false
Ulgel-A Oral Suspension,Magaldrate + Simethicone,540mg + 50mg,Suspension,Alembic Pharmaceuticals Ltd,bottle of 200 ml Oral Suspension,168.6,false
Ulgel-A Oral Suspension Sugar Free Refreshing,Magaldrate + Simethicone,540mg + 50mg,Suspension,Alembic Pharmaceuticals Ltd,bottle of 200 ml Oral Suspension,168.6,false
Ulgene Oral Gel,Magaldrate + Simethicone,400mg/5ml + 20mg/5ml,Gel,Intas Pharmaceuticals Ltd,tube of 170 ml Oral Gel,56.0,false
Ulgene Oral Gel,Magaldrate + Simethicone,400mg/5ml + 20mg/5ml,Gel,Intas Pharmaceuticals Ltd,bottle of 170 ml Oral Gel,18.75,false
Ulozet 20mg Capsule,Duloxetine,20mg,Capsule,Sun Pharmaceutical Industries Ltd,strip of 10 capsules,44.0,true
Ulozet 30mg Capsule,Duloxetine,30mg,Capsule,Sun Pharmaceutical Industries Ltd,strip of 10 capsules,60.5,true
Ulozet 40mg Capsule,Duloxetine,40mg,Capsule,Sun Pharmaceutical Industries Ltd,strip of 10 capsules,79.5,true
Ultican 100 Capsule,Fluconazole,100mg,Capsule,Sun Pharmaceutical Industries Ltd,strip of 10 capsules,276.86,true
Ultican 200mg Capsule,Fluconazole,200mg,Capsule,Sun Pharmaceutical Industries Ltd,strip of 1 Capsule,39.98,true
Ultican 50 DT Tablet,Fluconazole,50mg,Tablet,Sun Pharmaceutical Industries Ltd,strip of 10 tablet dt,69.85,true
Ultigest 300mg Capsule,Progesterone,300mg,Capsule,Alkem Laboratories Ltd,strip of 10 capsules,380.0,true
Ultigest 400mg Capsule,Progesterone (Natural Micronized),400mg,Capsule,Alkem Laboratories Ltd,strip of 10 capsules,471.43,true
Ultramol 120 Oral Suspension,Paracetamol,120mg/5ml,Suspension,Aristo Pharmaceuticals Pvt Ltd,bottle of 60 ml Oral Suspension,35.62,false
Ultramol M 250 Oral Suspension,Mefenamic Acid + Paracetamol,100mg/5ml + 250mg/5ml,Suspension,Aristo Pharmaceuticals Pvt Ltd,bottle of 60 ml Oral Suspension,44.35,false
Ultramol M Oral Suspension,Mefenamic Acid + Paracetamol,50mg + 125mg,Suspension,Aristo Pharmaceuticals Pvt Ltd,bottle of 60 ml Oral Suspension,38.98,false
Ultramol M Oral Suspension,Mefenamic Acid + Paracetamol,50mg + 250mg,Suspension,Aristo Pharmaceuticals Pvt Ltd,bottle of 60 ml Oral Suspension,44.35,false
Ultrazac 650 mg/75 mg Tablet ER,Paracetamol/Acetaminophen + Tramadol,650mg + 75mg,Tablet,Zydus Cadila,strip of 10 tablet er,107.5,true
Ulyses 150 Tablet,Ursodeoxycholic Acid,150mg,Tablet,Lupin Ltd,strip of 15 tablets,296.75,true
Ulyses 150 Tablet,Ursodeoxycholic Acid,150mg,Tablet,Lupin Ltd,strip of 10 tablets,197.85,true
Ulyses 300 Tablet,Ursodeoxycholic Acid,300mg,Tablet,Lupin Ltd,strip of 15 tablets,571.0,true
Ulyses 450mg Tablet SR,Ursodeoxycholic Acid,450mg,Tablet,Lupin Ltd,strip of 10 tablet sr,417.8,true
Ulyses 75mg Tablet,Ursodeoxycholic Acid,75mg,Tablet,Lupin Ltd,strip of 10 tablets,117.5,true
Ulyses Plus Tablet,Silymarin + Ursodeoxycholic Acid,140mg + 300mg,Tablet,Lupin Ltd,strip of 10 tablets,370.55,true
Umox D 250mg/250mg Capsule,Amoxycillin + Clavulanic Acid,250mg + 250mg,Capsule,Unigrow Pharmaceuticals,strip of 10 capsules,95.0,true
Umox Plus Suspension,Amoxycillin + Clavulanic Acid,200mg,Suspension,DWD Pharmaceuticals Ltd,bottle of 60 ml Suspension,91.35,true
Umox Plus Suspension,Amoxycillin + Clavulanic Acid,125mg,Suspension,DWD Pharmaceuticals Ltd,bottle of 30 ml Suspension,57.68,true
Unclot 10 Tablet,Rivaroxaban,10mg,Tablet,Intas Pharmaceuticals Ltd,strip of 10 tablets,150.0,true
Unclot 15 Tablet,Rivaroxaban,15mg,Tablet,Intas Pharmaceuticals Ltd,strip of 10 tablets,200.0,true
Unclot 2.5 Tablet,Rivaroxaban,2.5mg,Tablet,Intas Pharmaceuticals Ltd,strip of 10 tablets,75.0,true
Unclot 20 Tablet,Rivaroxaban,20mg,Tablet,Intas Pharmaceuticals Ltd,strip of 10 tablets,250.0,true
Uniace P Oral Suspension,Aceclofenac + Paracetamol,100mg + 125mg,Suspension,Unigrow Pharmaceuticals,bottle of 60 ml Oral Suspension,49.0,false
Unicet Syrup,Cetirizine,,Syrup,Torrent Pharmaceuticals Ltd,bottle of 30 ml Syrup,25.0,false
Unidic A 100 mg/650 mg Tablet,Aceclofenac + Paracetamol,100mg + 650mg,Tablet,Unimarck Healthcare Ltd,strip of 10 tablets,29.0,false
Unigest 50mg Tablet,Progesterone (Natural Micronized),50mg,Tablet,Torrent Pharmaceuticals Ltd,strip of 1 Tablet,60.0,true
Unistar 20/150 Capsule,Rosuvastatin + Aspirin,20mg + 150mg,Capsule,Torrent Pharmaceuticals Ltd,strip of 10 capsules,126.05,true
Unistar 20/75 Capsule,Rosuvastatin + Aspirin,20mg + 75mg,Capsule,Torrent Pharmaceuticals Ltd,strip of 10 capsules,127.25,true
Unistar 5/75 Capsule,Rosuvastatin + Aspirin,5mg + 75mg,Capsule,Torrent Pharmaceuticals Ltd,strip of 10 capsules,45.9,true
Uprise-D3 60K Capsule,Vitamin D3,60000IU,Capsule,Alkem Laboratories Ltd,strip of 8 capsules,293.67,false
Uprise-D3 Oral Drops,Vitamin D3,400IU/0.5ml,Drops,Alkem Laboratories Ltd,bottle of 15 ml Oral Drops,108.0,false
Urilosin 0.2mg Tablet,Tamsulosin,0.2mg,Tablet,Cipla Ltd,strip of 10 tablets,43.47,true
Urilosin 0.4mg Capsule,Tamsulosin,0.4mg,Capsule,Cipla Ltd,strip of 10 capsules,93.65,true
Urilosin 2mg Tablet,Tamsulosin,2mg,Tablet,Cipla Ltd,strip of 10 tablets,45.21,true
Urilosin D Tablet,Tamsulosin + Dutasteride,0.4mg + 0.5mg,Tablet,Cipla Ltd,strip of 10 tablets,150.0,true
Urilosin F 0.4 mg/5 mg Capsule,Tamsulosin + Finasteride,0.4mg + 5mg,Capsule,Cipla Ltd,strip of 10 capsules,127.3,true
Urimax 0.2 Capsule MR,Tamsulosin,0.2mg,Capsule,Cipla Ltd,strip of 15 capsule mr,154.71,true
Urimax 0.4 Capsule MR,Tamsulosin,0.4mg,Capsule,Cipla Ltd,strip of 20 capsule mr,293.7,true
Urimax 0.4 Ecopack Capsule MR,Tamsulosin,400mcg,Capsule,Cipla Ltd,box of 30 capsule mr,366.84,true
Urimax D Tablet MR,Tamsulosin + Dutasteride,0.4mg + 0.5mg,Tablet,Cipla Ltd,strip of 15 tablet mr,525.74,true
Urimax DX Tablet MR,Tamsulosin + Dutasteride,0.4mg + 0.5mg,Tablet,Cipla Ltd,bottle of 30 tablet mr,924.44,true
Urimax F Capsule MR,Tamsulosin + Finasteride,0.4mg + 5mg,Capsule,Cipla Ltd,strip of 15 capsule mr,492.65,true
Ursocad Plus Tablet,Ursodeoxycholic Acid,,Tablet,Cadila Pharmaceuticals Ltd,strip of 10 tablets,271.4,true
Ursocol 150 Tablet,Ursodeoxycholic Acid,150mg,Tablet,Sun Pharmaceutical Industries Ltd,strip of 15 tablets,304.5,true
Ursocol 300 Tablet,Ursodeoxycholic Acid,300mg,Tablet,Sun Pharmaceutical Industries Ltd,strip of 15 tablets,523.0,true
Ursocol SR 450 Tablet,Ursodeoxycholic Acid,450mg,Tablet,Sun Pharmaceutical Industries Ltd,strip of 15 tablet sr,654.5,true
Ursocol SR 600 Tablet,Ursodeoxycholic Acid,600mg,Tablet,Sun Pharmaceutical Industries Ltd,strip of 10 tablet sr,573.0,true
Ursodil -SR Tablet,Ursodeoxycholic Acid,500mg,Tablet,Zydus Cadila,strip of 10 tablet sr,701.19,true
Ursodil 250 Tablet,Ursodeoxycholic Acid,250mg,Tablet,Zydus Cadila,strip of 10 tablets,206.18,true
Ursoford 500 Tablet,Ursodeoxycholic Acid,500mg,Tablet,Leeford Healthcare Ltd,strip of 10 tablets,450.0,true
Ursokem 150 Tablet,Ursodeoxycholic Acid,150mg,Tablet,Alkem Laboratories Ltd,strip of 10 tablets,220.0,true
Ursokem 300 Tablet,Ursodeoxycholic Acid,300mg,Tablet,Alkem Laboratories Ltd,strip of 10 tablets,337.0,true
Ursokem 75 DT Tablet,Ursodeoxycholic Acid,75mg,Tablet,Alkem Laboratories Ltd,strip of 10 tablet dt,106.0,true
Ursokem OD 600mg Tablet,Ursodeoxycholic Acid,600mg,Tablet,Alkem Laboratories Ltd,strip of 10 tablets,247.62,true
Ursokem Plus Tablet,Silymarin + Ursodeoxycholic Acid,140mg + 300mg,Tablet,Alkem Laboratories Ltd,strip of 10 tablets,375.0,true
Ursolid 600mg Tablet SR,Ursodeoxycholic Acid,600mg,Tablet,Leeford Healthcare Ltd,strip of 10 tablet sr,560.0,true
Utican 200mg Tablet,Fluconazole,200mg,Tablet,Sun Pharmaceutical Industries Ltd,strip of 1 Tablet,26.0,true
Utreva 300mg Capsule,Progesterone (Natural Micronized),300mg,Capsule,Intas Pharmaceuticals Ltd,strip of 10 capsules,438.0,true
Utreva Vaginal gel,Progesterone (Natural Micronized),8% w/w,Gel,Intas Pharmaceuticals Ltd,tube of 1.3 gm Vaginal gel,198.0,true
Uva Cef 100mg/5ml Dry Syrup,Cefpodoxime Proxetil,100mg/5ml,Syrup,Torrent Pharmaceuticals Ltd,bottle of 30 ml Dry Syrup,124.45,true
Uva Cef 50mg Dry Syrup,Cefpodoxime Proxetil,50mg,Syrup,Torrent Pharmaceuticals Ltd,bottle of 30 ml Dry Syrup,94.25,true
Uva Cef CV 50mg/31.25mg Dry Syrup,Cefpodoxime Proxetil + Clavulanic Acid,50mg + 31.25mg,Syrup,Torrent Pharmaceuticals Ltd,bottle of 30 ml Dry Syrup,90.55,true
V Flox Syrup,Ofloxacin,100mg,Syrup,Lemford Biotech Pvt Ltd,bottle of 30 ml Syrup,40.0,true
V Letra 33.3 mg/133.3 mg Capsule,Ritonavir + Lopinavir,33.3mg + 133.3mg,Capsule,Sun Pharmaceutical Industries Ltd,box of 60 capsules,2900.0,false
V Penum 500 mg/500 mg Injection,Imipenem + Cilastatin,500mg + 500mg,Injection,Intas Pharmaceuticals Ltd,vial of 1 Injection,1178.1,true
V Penum Injection,Imipenem + Cilastatin,250mg + 250mg,Injection,Intas Pharmaceuticals Ltd,vial of 1 Injection,476.18,true
V-Dom 2mg/5ml Drop,Ondansetron,2mg/5ml,Drops,Domagk Pharma,bottle of 30 ml Drop,27.5,true
Valance 125 Tablet,Divalproex,125mg,Tablet,Abbott,strip of 15 tablets,71.13,true
Valance 500 Oral Solution Colourless,Divalproex,500mg/5ml,Solution,Abbott,bottle of 100 ml Oral Solution,274.75,true
Valance 500 Oral Solution Colourless,Divalproex,500mg/5ml,Solution,Abbott,bottle of 200 ml Oral Solution,731.31,true
Valance OD 1g Eazy Glide Tablet PR,Divalproex,1000mg,Tablet,Abbott,strip of 15 Tablet pr,332.42,true
Valance OD 1g Tablet PR,Divalproex,1000mg,Tablet,Abbott,strip of 15 Tablet pr,332.42,true
Valance OD 250 Eazy Glide Tablet PR,Divalproex,250mg,Tablet,Abbott,strip of 15 Tablet pr,170.08,true
Valance OD 500 Eazy Glide Tablet PR,Divalproex,500mg,Tablet,Abbott,strip of 15 Tablet pr,306.39,true
Valance OD 750 Eazy Glide Tablet PR,Divalproex,750mg,Tablet,Abbott,strip of 15 Tablet pr,363.08,true
Valance OD 750 Tablet PR,Divalproex,750mg,Tablet,Abbott,strip of 15 Tablet pr,330.11,true
Valance Oral Solution,Divalproex,250mg/5ml,Solution,Abbott,bottle of 100 ml Oral Solution,252.46,true
Valcox 10mg Tablet,Valdecoxib,10mg,Tablet,Torrent Pharmaceuticals Ltd,strip of 10 tablets,20.51,false
Valcox 20mg Tablet,Valdecoxib,20mg,Tablet,Torrent Pharmaceuticals Ltd,strip of 10 tablets,37.5,false
Valkem 250mg Oral Solution,Divalproex,250mg,Solution,Alkem Laboratories Ltd,bottle of 100 ml Oral Solution,190.0,true
Valkem 500mg Oral Solution,Divalproex,500mg,Solution,Alkem Laboratories Ltd,bottle of 100 ml Oral Solution,275.0,true
Valkem OD 1000mg Tablet,Divalproex,1000mg,Tablet,Alkem Laboratories Ltd,strip of 10 tablets,222.0,true
Valkem OD 125mg Tablet,Divalproex,125mg,Tablet,Alkem Laboratories Ltd,strip of 10 tablets,35.05,true
Valkem OD 750mg Tablet,Divalproex,750mg,Tablet,Alkem Laboratories Ltd,strip of 10 tablets,206.0,true
Valkem-OD 250 Tablet SR,Divalproex,250mg,Tablet,Alkem Laboratories Ltd,strip of 10 tablet sr,101.0,true
Valkem-OD 500 Tablet SR,Divalproex,500mg,Tablet,Alkem Laboratories Ltd,strip of 10 tablet sr,180.0,true
Valpex 300mg Tablet CR,Sodium Valproate,300mg,Tablet,Alkem Laboratories Ltd,strip of 10 tablet cr,67.55,true
Valpex 500mg Tablet ER,Sodium Valproate,500mg,Tablet,Alkem Laboratories Ltd,strip of 10 tablet er,30.02,true
Valpex 750mg Tablet ER,Sodium Valproate,750mg,Tablet,Alkem Laboratories Ltd,strip of 10 tablet er,95.0,true
Valpex CR 200 Tablet,Sodium Valproate + Valproic Acid,133.58mg + 58mg,Tablet,Alkem Laboratories Ltd,strip of 10 tablet cr,38.46,true
Valpex Syrup,Sodium Valproate,200mg/5ml,Syrup,Alkem Laboratories Ltd,bottle of 100 ml Syrup,61.1,true
Valprid CR 200 Tablet,Sodium Valproate + Valproic Acid,133.5mg + 58mg,Tablet,Micro Labs Ltd,strip of 10 tablet cr,64.0,true
Valprid Syrup,Sodium Valproate,200mg/5ml,Syrup,Micro Labs Ltd,bottle of 100 ml Syrup,56.2,true
Valprol -CR 300 Tablet,Sodium Valproate + Valproic Acid,200mg + 87mg,Tablet,Intas Pharmaceuticals Ltd,strip of 15 tablet cr,112.66,true
Valprol -CR 400 Tablet,Sodium Valproate + Valproic Acid,266.66mg + 116mg,Tablet,Intas Pharmaceuticals Ltd,strip of 15 tablet cr,201.0,true
Valprol -CR 500 Tablet,Sodium Valproate + Valproic Acid,333mg + 145mg,Tablet,Intas Pharmaceuticals Ltd,strip of 15 tablet cr,161.49,true
Valprol -CR 600 Tablet,Sodium Valproate + Valproic Acid,400mg + 174mg,Tablet,Intas Pharmaceuticals Ltd,strip of 10 tablet cr,134.5,true
Valprol -CR 750 Tablet,Sodium Valproate + Valproic Acid,499.50mg + 217.50mg,Tablet,Intas Pharmaceuticals Ltd,strip of 10 tablet cr,157.0,true
Valprol Syrup,Sodium Valproate,200mg/5ml,Syrup,Intas Pharmaceuticals Ltd,bottle of 200 ml Syrup,137.53,true
Valprol Syrup Delicious Pineapple,Sodium Valproate,200mg/5ml,Syrup,Intas Pharmaceuticals Ltd,bottle of 200 ml Syrup,137.53,true
Valprol-CR 1000 Tablet,Sodium Valproate + Valproic Acid,666mg + 290mg,Tablet,Intas Pharmaceuticals Ltd,strip of 10 tablet cr,195.0,true
Valprol-CR 200 Tablet,Sodium Valproate + Valproic Acid,134mg + 58mg,Tablet,Intas Pharmaceuticals Ltd,strip of 15 tablet cr,83.0,true
Valtec 300mg Tablet,Sodium Valproate,300mg,Tablet,Cipla Ltd,strip of 10 tablets,41.5,true
Valtec 500mg Tablet,Sodium Valproate,500mg,Tablet,Cipla Ltd,strip of 10 tablets,70.0,true
Valtec CR 200 Tablet,Sodium Valproate + Valproic Acid,133.5mg + 58mg,Tablet,Cipla Ltd,strip of 10 tablet cr,54.89,true
Valtec CR 300 Tablet,Sodium Valproate + Valproic Acid,200mg + 87mg,Tablet,Cipla Ltd,strip of 10 tablet cr,63.81,true
Valtec CR 500 Tablet,Sodium Valproate + Valproic Acid,333mg + 145mg,Tablet,Cipla Ltd,strip of 10 tablet cr,88.72,true
Valz Bcd 20mg Tablet,Valdecoxib,20mg,Tablet,Torrent Pharmaceuticals Ltd,strip of 10 tablets,29.2,false
Valzaar 160 Tablet,Valsartan,160mg,Tablet,Torrent Pharmaceuticals Ltd,strip of 10 tablets,360.5,true
Valzaar 20mg Tablet,Valsartan,20mg,Tablet,Torrent Pharmaceuticals Ltd,strip of 10 tablets,122.32,true
Valzaar 40 Tablet,Valsartan,40mg,Tablet,Torrent Pharmaceuticals Ltd,strip of 10 tablets,114.35,true
Valzaar 80 Tablet,Valsartan,80mg,Tablet,Torrent Pharmaceuticals Ltd,strip of 15 tablets,299.6,true
Valzaar SM Capsule,Amlodipine + Valsartan,2.5mg + 80mg,Capsule,Torrent Pharmaceuticals Ltd,strip of 10 capsules,148.0,true
Valzaar-H 160 Tablet,Valsartan + Hydrochlorothiazide,160mg + 12.5mg,Tablet,Torrent Pharmaceuticals Ltd,strip of 10 tablets,386.0,true
Valzaar-H Tablet,Valsartan + Hydrochlorothiazide,80mg + 12.5mg,Tablet,Torrent Pharmaceuticals Ltd,strip of 10 tablets,178.6,true
Valzaar-H Tablet,Valsartan + Hydrochlorothiazide,80mg + 12.5mg,Tablet,Torrent Pharmaceuticals Ltd,strip of 15 tablets,323.65,true
Vanlid 250mg Capsule,Vancomycin,250mg,Capsule,Cipla Ltd,strip of 10 capsules,1757.89,true
Vanlid 500mg Tablet,Vancomycin,500mg,Tablet,Cipla Ltd,strip of 10 tablets,272.73,true
Vanpox Oral Drop,Cefpodoxime Proxetil,25mg,Suspension,Abia Pharmaceuticals Pvt. Ltd.,bottle of 10 ml Oral Suspension,67.0,true
Veloz 10mg Tablet,Rabeprazole,10mg,Tablet,Torrent Pharmaceuticals Ltd,strip of 10 tablets,21.0,true
Veloz 20 Tablet,Rabeprazole,20mg,Tablet,Torrent Pharmaceuticals Ltd,strip of 15 tablets,170.75,true
Veloz 20mg Injection,Rabeprazole,20mg,Injection,Torrent Pharmaceuticals Ltd,vial of 5 ml Injection,111.15,true
Veloz 40 Tablet,Rabeprazole,40mg,Tablet,Torrent Pharmaceuticals Ltd,strip of 10 tablets,175.8,true
Veloz D Capsule SR,Domperidone + Rabeprazole,30mg + 20mg,Capsule,Torrent Pharmaceuticals Ltd,strip of 10 capsule sr,188.15,true
Veloz IT Capsule PR,Rabeprazole + Itopride,20mg + 150mg,Capsule,Torrent Pharmaceuticals Ltd,strip of 10 capsule pr,269.15,true
Veloz L Capsule SR,Levosulpiride + Rabeprazole,75mg + 20mg,Capsule,Torrent Pharmaceuticals Ltd,strip of 10 capsule sr,257.95,true
Veloz M Capsule SR,Rabeprazole + Mosapride,20mg + 15mg,Capsule,Torrent Pharmaceuticals Ltd,strip of 10 capsule sr,191.75,true
Veltam 0.2 Tablet MR,Tamsulosin,0.2mg,Tablet,Intas Pharmaceuticals Ltd,strip of 10 tablet mr,66.0,true
Veltam 0.4 Tablet MR,Tamsulosin,0.4mg,Tablet,Intas Pharmaceuticals Ltd,strip of 15 tablet mr,171.0,true
Veltam Plus Tablet MR,Tamsulosin + Dutasteride,0.4mg + 0.5mg,Tablet,Intas Pharmaceuticals Ltd,strip of 15 tablet mr,474.0,true
Veltam-F Tablet MR,Tamsulosin + Finasteride,0.4mg + 5mg,Tablet,Intas Pharmaceuticals Ltd,strip of 15 tablet mr,404.0,true
Veniz XR 150 Capsule,Venlafaxine,150mg,Capsule,Sun Pharmaceutical Industries Ltd,strip of 10 capsule er,208.0,true
Veniz XR 37.5 Capsule,Venlafaxine,37.5mg,Capsule,Sun Pharmaceutical Industries Ltd,strip of 10 capsule pr,60.0,true
Veniz XR 75 Capsule,Venlafaxine,75mg,Capsule,Sun Pharmaceutical Industries Ltd,strip of 10 capsule pr,108.0,true
Venla -XR 37.5 Capsule,Venlafaxine,37.5mg,Capsule,Sun Pharmaceutical Industries Ltd,strip of 10 capsule er,47.91,true
Venla 75mg Tablet,Venlafaxine,75mg,Tablet,Sun Pharmaceutical Industries Ltd,strip of 10 tablets,94.73,true
Venlift 37.5mg Tablet,Venlafaxine,37.5mg,Tablet,Torrent Pharmaceuticals Ltd,strip of 10 tablets,51.27,true
Venlift 75mg Tablet,Venlafaxine,75mg,Tablet,Torrent Pharmaceuticals Ltd,strip of 10 tablets,82.03,true
Venlift OD 150 Capsule PR,Venlafaxine,150mg,Capsule,Torrent Pharmaceuticals Ltd,strip of 10 capsule pr,195.3,true
Venlift OD 37.5 Capsule PR,Venlafaxine,37.5mg,Capsule,Torrent Pharmaceuticals Ltd,strip of 10 capsule pr,55.3,true
Venlift OD 75 Capsule PR,Venlafaxine,75mg,Capsule,Torrent Pharmaceuticals Ltd,strip of 10 capsule pr,109.25,true
Venlor 25mg Capsule,Venlafaxine,25mg,Capsule,Cipla Ltd,strip of 10 capsules,12.58,true
Venlor-XR 150 Capsule,Venlafaxine,150mg,Capsule,Cipla Ltd,strip of 10 capsule pr,213.89,true
Venlor-XR 37.5 Capsule,Venlafaxine,37.5mg,Capsule,Cipla Ltd,strip of 10 capsule pr,54.57,true
Venlor-XR 75 Capsule,Venlafaxine,75mg,Capsule,Cipla Ltd,strip of 10 capsule pr,122.84,true
Venphylin 100mg Capsule,Acebrophylline,100mg,Capsule,Leeford Healthcare Ltd,strip of 10 capsules,92.0,false
Venphylin-SR Tablet,Acebrophylline,200mg,Tablet,Leeford Healthcare Ltd,strip of 10 tablet sr,140.0,false
Venpres A 40mg/10mg Tablet,Telmisartan + Atorvastatin,40mg + 10mg,Tablet,Leeford Healthcare Ltd,strip of 10 tablets,120.0,true
Ventab DXT 100 Tablet ER,Desvenlafaxine,100mg,Tablet,Intas Pharmaceuticals Ltd,strip of 10 tablet er,323.0,true
Ventab DXT 25 Tablet ER,Desvenlafaxine,25mg,Tablet,Intas Pharmaceuticals Ltd,strip of 10 tablet er,89.0,true
Ventab Dxt 50 Tablet ER,Desvenlafaxine,50mg,Tablet,Intas Pharmaceuticals Ltd,strip of 10 tablet er,171.5,true
Ventab Plus 100mg/0.5mg Tablet,Desvenlafaxine + Clonazepam,100mg + 0.5mg,Tablet,Intas Pharmaceuticals Ltd,strip of 10 tablets,162.0,true
Ventab Plus 50mg/0.5mg Tablet,Desvenlafaxine + Clonazepam,50mg + 0.5mg,Tablet,Intas Pharmaceuticals Ltd,strip of 10 tablets,177.0,true
Ventab XL 150 Tablet,Venlafaxine,150mg,Tablet,Intas Pharmaceuticals Ltd,strip of 10 Tablet pr,202.0,true
Ventab XL 37.5 Tablet,Venlafaxine,37.5mg,Tablet,Intas Pharmaceuticals Ltd,strip of 10 Tablet pr,65.0,true
Ventab XL 75 Tablet PR,Venlafaxine,75mg,Tablet,Intas Pharmaceuticals Ltd,strip of 10 Tablet pr,117.0,true
Ventryl BM Syrup,Ambroxol + Guaifenesin,,Syrup,Micro Labs Ltd,bottle of 100 ml Syrup,42.86,false
Ventryl Expectorant,Ambroxol + Guaifenesin,30mg/5ml + 100mg/5ml,Syrup,Micro Labs Ltd,bottle of 60 ml Expectorant,56.0,false
Ventryl Expectorant,Ambroxol + Guaifenesin,30mg/5ml + 100mg/5ml,Syrup,Micro Labs Ltd,bottle of 100 ml Expectorant,98.0,false
Ventryl LS Syrup,Ambroxol + Levosalbutamol,15mg + 0.5mg,Syrup,Micro Labs Ltd,bottle of 60 ml Syrup,65.0,true
Ventryl LS Syrup,Ambroxol + Levosalbutamol,15mg + 0.5mg,Syrup,Micro Labs Ltd,bottle of 100 ml Syrup,100.0,true
Vercef 125mg Suspension,Cefaclor,125mg,Suspension,Sun Pharmaceutical Industries Ltd,bottle of 30 ml Suspension,72.45,true
Vercef 125mg Tablet DT,Cefaclor,125mg,Tablet,Sun Pharmaceutical Industries Ltd,strip of 6 tablet dt,76.0,true
Vercef 250mg Capsule,Cefaclor,250mg,Capsule,Sun Pharmaceutical Industries Ltd,strip of 3 capsules,50.96,true
Vercef 250mg Tablet DT,Cefaclor,250mg,Tablet,Sun Pharmaceutical Industries Ltd,strip of 6 tablet dt,150.0,true
Vermact 12 Tablet DT,Ivermectin,12mg,Tablet,Mankind Pharma Ltd,strip of 10 tablet dt,372.5,true
Vermact 12 Tablet DT,Ivermectin,12mg,Tablet,Mankind Pharma Ltd,strip of 1 Tablet DT,37.26,true
Vermact 12 Tablet DT,Ivermectin,12mg,Tablet,Mankind Pharma Ltd,strip of 4 tablet dt,149.0,true
Vermact 3 Tablet DT,Ivermectin,3mg,Tablet,Mankind Pharma Ltd,strip of 1 Tablet DT,11.26,true
Vermact 6 Tablet DT,Ivermectin,6mg,Tablet,Mankind Pharma Ltd,strip of 1 Tablet DT,22.62,true
Vermact 6 Tablet DT,Ivermectin,6mg,Tablet,Mankind Pharma Ltd,strip of 4 tablet dt,90.48,true
Versatillin 125mg Syrup,Ampicillin,125mg,Syrup,Sun Pharmaceutical Industries Ltd,bottle of 30 ml Syrup,13.75,true
Versatillin 250mg Capsule,Ampicillin,250mg,Capsule,Sun Pharmaceutical Industries Ltd,strip of 10 capsules,15.23,true
Versatillin 500mg Capsule,Ampicillin,500mg,Capsule,Sun Pharmaceutical Industries Ltd,strip of 10 capsules,61.95,true
Versatillin DC 250 mg/250 mg Capsule,Ampicillin + Dicloxacillin,250mg + 250mg,Capsule,Sun Pharmaceutical Industries Ltd,strip of 10 capsules,36.25,true
Vertin 8mg Tablet,Betahistine,8mg,Tablet,Abbott,strip of 15 tablets,160.56,true
Vertin MDS Orally Disintegrating Strip,Betahistine,24mg,Other,Abbott,box of 10 disintegrating strips,330.0,true
Vertin OD 32mg Tablet SR,Betahistine,32mg,Tablet,Abbott,strip of 7 tablet sr,148.0,true
Vertin OD 48mg Tablet SR,Betahistine,48mg,Tablet,Abbott,strip of 7 tablet sr,359.61,true
Vertistar 4mg Tablet,Betahistine,4mg,Tablet,Mankind Pharma Ltd,strip of 10 tablets,33.75,true
Vertistar Tablet,Betahistine,,Tablet,Mankind Pharma Ltd,vial of 10 ml Tablet,41.5,true
Vesbal OD 48mg Tablet,Betahistine,48mg,Tablet,Alkem Laboratories Ltd,strip of 10 tablets,302.0,true
VesiBeta 25 Tablet ER,Mirabegron,25mg,Tablet,Cipla Ltd,strip of 10 tablet er,242.0,false
VesiBeta 50 Tablet ER,Mirabegron,50mg,Tablet,Cipla Ltd,strip of 10 tablet er,308.0,false
VesiBeta S 25 Tablet ER,Mirabegron + Solifenacin,25mg + 5mg,Tablet,Cipla Ltd,strip of 10 tablet er,275.0,false
VesiBeta S 50 Tablet ER,Mirabegron + Solifenacin,50mg + 5mg,Tablet,Cipla Ltd,strip of 10 tablet er,400.0,false
Vicks Action 500 Advanced Tablet,Caffeine + Diphenhydramine,30mg + 25mg,Tablet,Procter & Gamble Hygiene and Health Care Ltd,strip of 10 tablets,52.8,false
Vicon Pos 250mg Syrup,Azithromycin,250mg,Syrup,Pfizer Ltd,bottle of 15 ml Syrup,103.17,true
Vildamac M 50/850 Tablet,Metformin + Vildagliptin,850mg + 50mg,Tablet,Macleods Pharmaceuticals Pvt Ltd,strip of 15 tablets,141.35,true
Vinglyn M 850 Tablet,Metformin + Vildagliptin,850mg + 50mg,Tablet,Zydus Cadila,strip of 15 tablets,104.25,true
Vingraf 0.25 Capsule,Tacrolimus,0.25mg,Capsule,Emcure Pharmaceuticals Ltd,strip of 10 capsules,146.15,true
Vingraf 2mg Capsule,Tacrolimus,2mg,Capsule,Emcure Pharmaceuticals Ltd,strip of 10 capsules,905.31,true
Vingraf 5mg Capsule,Tacrolimus,5mg,Capsule,Emcure Pharmaceuticals Ltd,strip of 10 capsules,1877.08,true
Viscodyne Syrup Sugar Free,Ambroxol + Guaifenesin,15mg/15ml + 50mg/15ml,Syrup,Dr Reddy's Laboratories Ltd,bottle of 100 ml Syrup,130.0,false
Viscodyne-D Syrup,Chlorpheniramine Maleate + Dextromethorphan Hydrobromide,2mg + 10mg,Syrup,Dr Reddy's Laboratories Ltd,bottle of 100 ml Syrup,118.75,false
Viscodyne-LS Drop,Ambroxol + Levosalbutamol,7.5mg/ml + 0.25mg/ml,Drops,Dr Reddy's Laboratories Ltd,packet of 15 ml Oral Drops,67.0,true
Viscomet 2% Eye Drop,Hydroxypropylmethylcellulose,2%,Drops,Sun Pharmaceutical Industries Ltd,packet of 5 ml Eye Drop,76.5,false
Vitaresp FX 180 Tablet,Montelukast + Fexofenadine,10mg + 180mg,Tablet,Alembic Pharmaceuticals Ltd,strip of 10 tablets,215.7,true
Vitaresp FX 30 Oral Suspension Mango,Montelukast + Fexofenadine,4mg/5ml + 30mg/5ml,Suspension,Alembic Pharmaceuticals Ltd,bottle of 30 ml Oral Suspension,76.65,true
Vitaresp FX Kid Tablet DT,Montelukast + Fexofenadine,4mg + 60mg,Tablet,Alembic Pharmaceuticals Ltd,strip of 10 tablet dt,114.2,true
Vitaresp FX Suspension,Montelukast + Fexofenadine,4mg/5ml + 60mg/5ml,Suspension,Alembic Pharmaceuticals Ltd,bottle of 60 ml Oral Suspension,123.35,true
Vivem 1000mg Injection,Meropenem,1000mg,Injection,Intas Pharmaceuticals Ltd,vial of 1 Injection,2650.0,true
Vivem 500mg Injection,Meropenem,500mg,Injection,Intas Pharmaceuticals Ltd,vial of 5 ml Injection,1360.0,true
Vivem Plus 1 Injection,Meropenem,1000mg,Injection,Intas Pharmaceuticals Ltd,vial of 1 ml Injection,980.0,true
Vivian 1.16% Gel,Diclofenac,1.16%,Gel,Lincoln Pharmaceuticals Ltd,tube of 30 gm Gel,137.0,false
Vobit R 0.5mg/0.2mg Tablet,Repaglinide + Voglibose,0.5mg + 0.2mg,Tablet,Lupin Ltd,strip of 10 tablets,119.5,true
Vobit R 0.5mg/0.3mg Tablet,Repaglinide + Voglibose,0.5mg + 0.3mg,Tablet,Lupin Ltd,strip of 10 tablets,129.5,true
Vobit R 1mg/0.2mg Tablet,Repaglinide + Voglibose,1mg + 0.2mg,Tablet,Lupin Ltd,strip of 10 tablets,134.5,true
Vobit R 1mg/0.3mg Tablet,Repaglinide + Voglibose,1mg + 0.3mg,Tablet,Lupin Ltd,strip of 10 tablets,159.5,true
Voglikem-M 0.2 Forte Tablet SR,Metformin + Voglibose,1000mg + 0.2mg,Tablet,Alkem Laboratories Ltd,strip of 10 tablet sr,122.0,true
Voglikem-M 0.3 Forte Tablet SR,Metformin + Voglibose,1000mg + 0.3mg,Tablet,Alkem Laboratories Ltd,strip of 10 tablet sr,168.0,true
Voglitab MD 0.2 Tablet,Voglibose,0.2mg,Tablet,Intas Pharmaceuticals Ltd,strip of 10 tablet dt,53.0,true
Voglitab-M 0.2 Tablet SR,Metformin + Voglibose,500mg + 0.2mg,Tablet,Intas Pharmaceuticals Ltd,strip of 15 tablet sr,105.0,true
Voglitab-M 0.3 Tablet SR,Metformin + Voglibose,500mg + 0.3mg,Tablet,Intas Pharmaceuticals Ltd,strip of 15 tablet sr,174.0,true
Voglitor MD 0.2 Tablet,Voglibose,0.2mg,Tablet,Torrent Pharmaceuticals Ltd,strip of 15 tablet md,165.35,true
Voglitor MD 0.3 Tablet,Voglibose,0.3mg,Tablet,Torrent Pharmaceuticals Ltd,strip of 15 tablet md,232.3,true
Voglitor MF 0.2 Tablet,Metformin + Voglibose,500mg + 0.2mg,Tablet,Torrent Pharmaceuticals Ltd,strip of 10 tablets,65.05,true
Voglitor MF 0.3 Tablet,Metformin + Voglibose,500mg + 0.3mg,Tablet,Torrent Pharmaceuticals Ltd,strip of 10 tablets,132.85,true
Voglitor MF Forte 0.2 Tablet,Metformin + Voglibose,1000mg + 0.2mg,Tablet,Torrent Pharmaceuticals Ltd,strip of 10 tablets,121.8,true
Voglitor MF Forte 0.3 Tablet,Metformin + Voglibose,1000mg + 0.3mg,Tablet,Torrent Pharmaceuticals Ltd,strip of 10 tablets,132.25,true
Voglitor R 0.5/0.2 Tablet,Repaglinide + Voglibose,0.5mg + 0.2mg,Tablet,Torrent Pharmaceuticals Ltd,strip of 10 tablets,140.7,true
Voglitor R 0.5/0.3 Tablet,Repaglinide + Voglibose,0.5mg + 0.3mg,Tablet,Torrent Pharmaceuticals Ltd,strip of 10 tablets,140.7,true
Voglitor R 1/0.2 Tablet,Repaglinide + Voglibose,1mg + 0.2mg,Tablet,Torrent Pharmaceuticals Ltd,strip of 10 tablets,181.4,true
Voglitor R 1/0.3 Tablet,Repaglinide + Voglibose,1mg + 0.3mg,Tablet,Torrent Pharmaceuticals Ltd,strip of 10 tablets,181.4,true
Vokem GM Tablet SR,Glimepiride + Metformin,0.2mg + 500mg,Tablet,Johnlee Pharmaceuticals Pvt Ltd,strip of 10 tablet sr,80.0,true
Volent P Tablet,Aceclofenac + Paracetamol,,Tablet,Dr Reddy's Laboratories Ltd,strip of 10 tablets,34.28,false
Volflam Fort 50 mg/650 mg Tablet,Diclofenac + Paracetamol,50mg + 650mg,Tablet,Psychotropics India Ltd,strip of 10 tablets,7.5,false
Volibo 0.2 Tablet,Voglibose,0.2mg,Tablet,Sun Pharmaceutical Industries Ltd,strip of 10 tablets,107.0,true
Volibo 0.3 Tablet,Voglibose,0.3mg,Tablet,Sun Pharmaceutical Industries Ltd,strip of 10 tablets,143.0,true
Volibo 0.3mg Tablet MD,Voglibose,0.3mg,Tablet,Sun Pharmaceutical Industries Ltd,strip of 10 tablet md,137.0,true
Volibo M 0.2 Tablet,Metformin + Voglibose,500mg + 0.2mg,Tablet,Sun Pharmaceutical Industries Ltd,strip of 10 tablets,129.0,true
Volibo M 0.3 Tablet,Metformin + Voglibose,500mg + 0.3mg,Tablet,Sun Pharmaceutical Industries Ltd,strip of 10 tablets,179.0,true
Volibo R 0.5mg/0.2mg Tablet,Repaglinide + Voglibose,0.5mg + 0.2mg,Tablet,Sun Pharmaceutical Industries Ltd,strip of 10 tablets,140.0,true
Volibo R 0.5mg/0.3mg Tablet,Repaglinide + Voglibose,0.5mg + 0.3mg,Tablet,Sun Pharmaceutical Industries Ltd,strip of 10 tablets,160.0,true
Volibo R 1mg/0.2mg Tablet,Repaglinide + Voglibose,1mg + 0.2mg,Tablet,Sun Pharmaceutical Industries Ltd,strip of 10 tablets,128.0,true
Volibo R 1mg/0.3mg Tablet,Repaglinide + Voglibose,1mg + 0.3mg,Tablet,Sun Pharmaceutical Industries Ltd,strip of 10 tablets,160.0,true
Volitra MR 4mg/50mg Tablet,Thiocolchicoside + Diclofenac,4mg + 50mg,Tablet,Sun Pharmaceutical Industries Ltd,strip of 10 tablets,136.5,true
Volitra-Enzo Tablet,Trypsin + Bromelain,48mg + 90mg,Tablet,Sun Pharmaceutical Industries Ltd,strip of 10 tablets,170.0,false
Volix 0.2mg Tablet,Voglibose,0.2mg,Tablet,Sun Pharmaceutical Industries Ltd,strip of 15 tablets,160.0,true
Volix 0.3mg Combipack,Voglibose,0.3mg,Tablet,Sun Pharmaceutical Industries Ltd,strip of 30 tablets,263.5,true
Volix 0.3mg Tablet,Voglibose,0.3mg,Tablet,Sun Pharmaceutical Industries Ltd,strip of 15 tablets,215.0,true
Volix CP 0.2mg Tablet,Voglibose,0.2mg,Tablet,Sun Pharmaceutical Industries Ltd,strip of 30 tablets,212.5,true
Volix M 0.2 Tablet,Metformin + Voglibose,500mg + 0.2mg,Tablet,Sun Pharmaceutical Industries Ltd,strip of 10 tablets,129.0,true
Volix M 0.3 Tablet,Metformin + Voglibose,500mg + 0.3mg,Tablet,Sun Pharmaceutical Industries Ltd,strip of 10 tablets,169.0,true
Volix R 0.2/0.5 Tablet,Repaglinide + Voglibose,0.5mg + 0.2mg,Tablet,Sun Pharmaceutical Industries Ltd,strip of 10 tablets,140.0,true
Volix R 0.2/1 Tablet,Repaglinide + Voglibose,1mg + 0.2mg,Tablet,Sun Pharmaceutical Industries Ltd,strip of 10 tablets,140.0,true
Volix R 0.3/1 Tablet,Repaglinide + Voglibose,1mg + 0.3mg,Tablet,Sun Pharmaceutical Industries Ltd,strip of 10 tablets,160.0,true
Volix R 0.5mg/0.3mg Tablet,Repaglinide + Voglibose,0.5mg + 0.3mg,Tablet,Sun Pharmaceutical Industries Ltd,strip of 10 tablets,146.0,true
Volix Trio 2 Tablet ER,Glimepiride + Metformin,2mg + 500mg,Tablet,Sun Pharmaceutical Industries Ltd,strip of 10 tablet er,218.0,true
Volix Trio 2 Tablet ER,Glimepiride + Metformin,2mg + 500mg,Tablet,Sun Pharmaceutical Industries Ltd,strip of 15 tablet er,327.0,true
Vomiford Drop,Ondansetron,2mg/5ml,Drops,Leeford Healthcare Ltd,packet of 30 ml Drop,37.0,true
Vomigo 2mg/5ml Drop,Ondansetron,2mg/5ml,Drops,Ind Swift Laboratories Ltd,packet of 30 ml Drop,35.25,true
Vomikind Syrup,Ondansetron,2mg/5ml,Solution,Mankind Pharma Ltd,bottle of 30 ml Oral Solution,37.43,true
Vomikind-Fast Strip,Ondansetron,4mg,Other,Mankind Pharma Ltd,packet of 1 Disintegrating Strip,15.27,true
Vomikind-MD 2 Tablet,Ondansetron,2mg,Tablet,Mankind Pharma Ltd,strip of 10 tablet md,40.98,true
Vomilast -OD Tablet,Doxylamine + Vitamin B6 (Pyridoxine),20mg + 20mg,Tablet,Mankind Pharma Ltd,strip of 10 tablets,99.0,false
Vomilast Tablet,Doxylamine + Vitamin B6 (Pyridoxine),10mg + 10mg,Tablet,Mankind Pharma Ltd,strip of 10 tablets,60.0,false
Vomilast Tablet,Doxylamine + Vitamin B6 (Pyridoxine),10mg + 10mg,Tablet,Mankind Pharma Ltd,strip of 30 tablets,180.0,false
Vomilast-New Tablet,Doxylamine + Vitamin B6 (Pyridoxine),10mg + 10mg,Tablet,Mankind Pharma Ltd,strip of 10 tablets,55.0,false
Vomishield Oral Solution,Ondansetron,2mg/5ml,Solution,Leeford Healthcare Ltd,bottle of 30 ml Oral Solution,38.3,true
Vorizef 200mg Tablet,Voriconazole,200mg,Tablet,Sun Pharmaceutical Industries Ltd,strip of 4 tablets,3458.15,true
Vorizef 50mg Tablet,Voriconazole,50mg,Tablet,Sun Pharmaceutical Industries Ltd,strip of 4 tablets,760.0,true
Vormectol Forte Tablet,Ivermectin + Albendazole,12mg + 400mg,Tablet,Sun Pharmaceutical Industries Ltd,strip of 1 Tablet,27.05,true
Vormectol Syrup,Ivermectin + Albendazole,1.5mg + 200mg,Syrup,Sun Pharmaceutical Industries Ltd,bottle of 10 ml Syrup,19.05,true
Vormectol Tablet,Ivermectin + Albendazole,6mg + 400mg,Tablet,Sun Pharmaceutical Industries Ltd,strip of 1 Tablet,16.82,true
Votri AM Syrup,Levocetirizine + Montelukast,2.5mg + 4mg,Syrup,Ridhima Biocare,bottle of 60 ml Syrup,79.0,true
Vovcad Plus Tablet,Diclofenac + Paracetamol,500mg,Tablet,Zydus Cadila,strip of 10 tablets,14.0,false
Vovo 200mg Tablet SR,Diclofenac,200mg,Tablet,Alembic Pharmaceuticals Ltd,strip of 10 tablet sr,23.5,false
Voxylid 10mg Dry Syrup,Linezolid,10mg,Syrup,Leeford Healthcare Ltd,bottle of 30 ml Dry Syrup,110.0,true
Vysov 50mg Tablet,Vildagliptin,50mg,Tablet,Cipla Ltd,strip of 15 tablets,163.35,true
Vysov D 10mg/100mg Tablet SR,Dapagliflozin + Vildagliptin,10mg + 100mg,Tablet,Cipla Ltd,strip of 10 tablet sr,199.0,true
Vysov D 5mg/100mg Tablet SR,Dapagliflozin + Vildagliptin,5mg + 100mg,Tablet,Cipla Ltd,strip of 10 tablet sr,189.0,true
Vysov XR 100mg Tablet,Vildagliptin,100mg,Tablet,Cipla Ltd,strip of 15 tablet sr,212.85,true
Vysov-M 850mg/50mg Tablet,Metformin + Vildagliptin,850mg + 50mg,Tablet,Cipla Ltd,strip of 15 tablets,145.5,true
Waklert 100mg Tablet,Armodafinil,100mg,Tablet,Sun Pharmaceutical Industries Ltd,strip of 10 tablets,143.75,false
Waklert 150 Tablet,Armodafinil,150mg,Tablet,Sun Pharmaceutical Industries Ltd,strip of 10 tablets,324.0,false
Waklert 250mg Tablet,Armodafinil,250mg,Tablet,Sun Pharmaceutical Industries Ltd,strip of 5 tablets,115.0,false
Waklert 50 Tablet,Armodafinil,50mg,Tablet,Sun Pharmaceutical Industries Ltd,strip of 10 tablets,158.0,false
Walamox 250mg Dry Syrup,Amoxycillin,250mg,Syrup,Wallace Pharmaceuticals Pvt Ltd,bottle of 60 ml Dry Syrup,70.0,true
Warf 1 Tablet,Warfarin,1mg,Tablet,Cipla Ltd,strip of 30 tablets,90.04,true
Warf 10mg Tablet,Warfarin,10mg,Tablet,Cipla Ltd,strip of 10 tablets,24.13,true
Warf 2 Tablet,Warfarin,2mg,Tablet,Cipla Ltd,strip of 30 tablets,99.45,true
Warf 3 Tablet,Warfarin,3mg,Tablet,Cipla Ltd,strip of 30 tablets,116.59,true
Warf 4mg Tablet,Warfarin,4mg,Tablet,Cipla Ltd,strip of 10 tablets,32.16,true
Warf 5 Tablet,Warfarin,5mg,Tablet,Cipla Ltd,strip of 30 tablets,87.69,true
Wellgesic P Oral Suspension,Aceclofenac + Paracetamol,100mg + 250mg,Suspension,Altrawell Biotech Pvt Ltd,bottle of 60 ml Oral Suspension,42.0,false
Welset 500 Tablet,Paracetamol,500mg,Tablet,Sun Pharmaceutical Industries Ltd,strip of 10 tablets,9.9,false
Welset 650 Tablet,Paracetamol,650mg,Tablet,Sun Pharmaceutical Industries Ltd,strip of 10 tablets,16.08,false
Welset Cold Suspension,Cetirizine + Paracetamol,2.5mg/5ml + 125mg/5ml,Suspension,Sun Pharmaceutical Industries Ltd,bottle of 60 ml Suspension,16.25,false
Welset Cold Tablet,Cetirizine + Paracetamol,5mg + 325mg,Tablet,Sun Pharmaceutical Industries Ltd,strip of 10 tablets,51.0,false
Welset DS 250mg Suspension,Paracetamol,250mg/5ml,Suspension,Sun Pharmaceutical Industries Ltd,bottle of 60 ml Suspension,36.7,false
Welset Injection,Paracetamol,,Injection,Sun Pharmaceutical Industries Ltd,vial of 2 ml Injection,6.85,true
Wikoryl 10 Tablet,Chlorpheniramine Maleate + Paracetamol,2mg + 500mg,Tablet,Alembic Pharmaceuticals Ltd,strip of 10 tablets,43.8,false
Wikoryl 10 Tablet,Chlorpheniramine Maleate + Paracetamol,2mg + 500mg,Tablet,Alembic Pharmaceuticals Ltd,strip of 15 tablets,70.2,false
Wikoryl 325 Tablet DT,Chlorpheniramine Maleate + Paracetamol,2mg + 325mg,Tablet,Alembic Pharmaceuticals Ltd,strip of 10 tablet dt,52.8,false
Wikoryl AF Drops,Chlorpheniramine Maleate + Phenylephrine,2mg/ml + 5mg/ml,Drops,Alembic Pharmaceuticals Ltd,bottle of 15 ml Oral Drops,95.7,false
Wikoryl L Tablet,Caffeine + Paracetamol,30mg + 500mg,Tablet,Alembic Pharmaceuticals Ltd,strip of 10 tablets,36.55,false
Wikoryl Oral Drops Mix Fruit,Chlorpheniramine Maleate + Paracetamol,1mg + 125mg,Drops,Alembic Pharmaceuticals Ltd,bottle of 15 ml Oral Drops,96.3,false
Wikoryl Oral Suspension American Ice Cream,Chlorpheniramine Maleate + Paracetamol,1mg/5ml + 125mg/5ml,Suspension,Alembic Pharmaceuticals Ltd,bottle of 60 ml Oral Suspension,83.55,false
Winbp CT 20/6.25 Tablet,Olmesartan Medoxomil + Chlorthalidone,20mg + 6.25mg,Tablet,Abbott,strip of 10 tablets,194.05,true
Winbp CT 40/6.25 Tablet,Olmesartan Medoxomil + Chlorthalidone,40mg + 6.25mg,Tablet,Abbott,strip of 10 tablets,291.09,true
Winolap 5 Tablet,Olopatadine,5mg,Tablet,Sun Pharmaceutical Industries Ltd,strip of 10 tablets,125.0,false
Winolap DS Eye Drop,Olopatadine,0.2% w/v,Drops,Sun Pharmaceutical Industries Ltd,packet of 2.5 ml Ophthalmic Solution,217.0,false
Winolap Eye Drop,Olopatadine,0.1% w/v,Drops,Sun Pharmaceutical Industries Ltd,packet of 5 ml Ophthalmic Solution,171.0,false
Winolap Max Eye Drop,Olopatadine,7mg/ml,Drops,Sun Pharmaceutical Industries Ltd,bottle of 2.5 ml Ophthalmic Solution,270.0,false
Winto Suspension,Chlorpheniramine Maleate + Paracetamol,2mg + 125mg,Suspension,Zydus Cadila,bottle of 60 ml Suspension,12.5,false
Winto Tablet,Paracetamol + Phenylpropanolamine,,Tablet,Zydus Cadila,strip of 10 tablets,7.5,false
Woflox OZ 200 mg/500 mg Suspension,Ofloxacin + Ornidazole,200mg + 500mg,Suspension,Wockhardt Ltd,bottle of 30 ml Suspension,16.12,true
Wokadine 10% Ointment,Povidone Iodine,10% w/w,Ointment,Dr Reddy's Laboratories Ltd,tube of 15 gm Ointment,96.94,false
Wokadine 5% Ointment,Povidone Iodine,5% w/w,Ointment,Dr Reddy's Laboratories Ltd,tube of 125 gm Ointment,230.18,false
Womoxy 500 mg/125 mg Capsule,Amoxycillin + Clavulanic Acid,500mg + 125mg,Capsule,Wockhardt Ltd,strip of 15 capsules,67.94,true
Wowrab D 30mg/20mg Tablet,Domperidone + Rabeprazole,30mg + 20mg,Tablet,Lupin Ltd,strip of 10 tablets,137.4,true
X Ceff 1000mg Injection,Cefotaxime,1000mg,Injection,Lupin Ltd,vial of 5 ml Injection,33.0,true
X Ceff 500mg Injection,Cefotaxime,500mg,Injection,Lupin Ltd,vial of 1 Injection,18.75,true
X Cold Plus Syrup,Chlorpheniramine Maleate + Paracetamol,,Syrup,Intas Pharmaceuticals Ltd,bottle of 60 ml Syrup,10.75,false
X Cold Syrup,Phenylpropanolamine + Dexchlorpheniramine,,Syrup,Intas Pharmaceuticals Ltd,bottle of 60 ml Syrup,26.0,false
X Worm 200mg Suspension,Albendazole,200mg,Suspension,Cipla Ltd,bottle of 10 ml Suspension,23.1,true
X Worm 400mg Tablet,Albendazole,400mg,Tablet,Cipla Ltd,strip of 1 Tablet,8.59,true
X Worm Plus 400mg Tablet,Albendazole,400mg,Tablet,Cipla Ltd,strip of 10 tablets,20.0,true
Xamic 250mg Tablet,Tranexamic Acid,250mg,Tablet,Torrent Pharmaceuticals Ltd,strip of 10 tablets,190.0,true
Xamic 500 Tablet,Tranexamic Acid,500mg,Tablet,Torrent Pharmaceuticals Ltd,strip of 10 tablets,202.3,true
Xamic MF Tablet,Tranexamic Acid + Mefenamic Acid,500mg + 250mg,Tablet,Torrent Pharmaceuticals Ltd,strip of 10 tablets,326.7,true
Xavian 10 Tablet,Rivaroxaban,10mg,Tablet,Intas Pharmaceuticals Ltd,strip of 10 tablets,150.0,true
Xavian 15mg Tablet,Rivaroxaban,15mg,Tablet,Intas Pharmaceuticals Ltd,strip of 10 tablets,200.0,true
Xavian 2.5mg Tablet,Rivaroxaban,2.5mg,Tablet,Intas Pharmaceuticals Ltd,strip of 10 tablets,75.0,true
Xavian 20 Tablet,Rivaroxaban,20mg,Tablet,Intas Pharmaceuticals Ltd,strip of 10 tablets,250.0,true
Xceft LB 100mg Tablet,Cefixime + Lactobacillus,100mg + 40Million spores,Tablet,Alembic Pharmaceuticals Ltd,strip of 10 tablets,78.0,true
Xceft LB 50mg Tablet DT,Cefixime + Lactobacillus,50mg + 20Million spores,Tablet,Alembic Pharmaceuticals Ltd,strip of 10 tablet dt,40.0,true
Xenda 200mg Suspension,Albendazole,200mg,Suspension,Micro Labs Ltd,bottle of 10 ml Suspension,25.11,true
Xenda Plus Syrup,Ivermectin + Albendazole,1.5mg + 200mg,Syrup,Micro Labs Ltd,bottle of 10 ml Syrup,23.33,true
Xenda Plus Tablet,Ivermectin + Albendazole,6mg + 400mg,Tablet,Micro Labs Ltd,strip of 1 Tablet,25.0,true
Xet 10 Tablet,Paroxetine,10mg,Tablet,Zydus Cadila,strip of 10 tablets,178.75,true
Xet 20 Tablet,Paroxetine,20mg,Tablet,Zydus Cadila,strip of 10 tablets,254.4,true
Xet 30mg Tablet,Paroxetine,30mg,Tablet,Zydus Cadila,strip of 10 tablets,176.57,true
Xet 40mg Tablet,Paroxetine,40mg,Tablet,Zydus Cadila,strip of 10 tablets,295.0,true
Xet CR 12.5 Tablet,Paroxetine,12.5mg,Tablet,Zydus Cadila,strip of 10 Tablet pr,220.3,true
Xet CR 25 Tablet,Paroxetine,25mg,Tablet,Zydus Cadila,strip of 10 Tablet pr,297.25,true
Xet CR 37.5 Tablet,Paroxetine,37.5mg,Tablet,Zydus Cadila,strip of 10 Tablet pr,358.45,true
Xet CR Plus 12.5 Capsule,Paroxetine + Clonazepam,12.5mg + 0.25mg,Capsule,Zydus Cadila,strip of 10 capsule er,221.25,true
Xet CR Plus 25 Capsule,Paroxetine + Clonazepam,25mg + 0.25mg,Capsule,Zydus Cadila,strip of 10 capsule cr,281.15,true
Xet Tablet CR,Paroxetine,,Tablet,Zydus Cadila,strip of 10 tablet cr,253.45,true
Ximeceff DS Dry Syrup,Cefixime,100mg,Suspension,Lupin Ltd,bottle of 30 ml Oral Suspension,71.7,true
Xme 200mg Syrup,Cefixime,200mg,Syrup,Brook Parker,bottle of 30 ml Syrup,62.68,true
Xmet 250 Tablet,Metformin,250mg,Tablet,Glenmark Pharmaceuticals Ltd,strip of 15 tablets,22.5,true
Xone 1000mg Injection,Ceftriaxone,1000mg,Injection,Alkem Laboratories Ltd,vial of 5 ml Injection,67.01,true
Xone 125mg Injection,Ceftriaxone,125mg,Injection,Alkem Laboratories Ltd,vial of 1 Injection,27.0,true
Xone Ceff 1000mg Injection,Ceftriaxone,1000mg,Injection,Lupin Ltd,vial of 1 Injection,54.65,true
Xone Ceff 250mg Injection,Ceftriaxone,250mg,Injection,Lupin Ltd,vial of 1 Injection,24.7,true
Xone Ceff 500mg Injection,Ceftriaxone,500mg,Injection,Lupin Ltd,vial of 1 Injection,31.0,true
Xone Ceff S 1000mg/500mg Injection,Ceftriaxone + Sulbactam,1000mg + 500mg,Injection,Lupin Ltd,vial of 1 Injection,229.0,true
Xone Ceff S 250mg/125mg Injection,Ceftriaxone + Sulbactam,250mg + 125mg,Injection,Lupin Ltd,vial of 1 Injection,85.5,true
Xone Ceff S 500mg/250mg Injection,Ceftriaxone + Sulbactam,500mg + 250mg,Injection,Lupin Ltd,vial of 1 Injection,108.3,true
Xone Hospital 1000mg Injection,Ceftriaxone,1000mg,Injection,Alkem Laboratories Ltd,vial of 1 Injection,28.75,true
Xone O 200mg/200mg Tablet,Cefpodoxime Proxetil + Ofloxacin,200mg + 200mg,Tablet,Alkem Laboratories Ltd,strip of 10 tablets,256.0,true
Xone SB 1000mg/500mg Injection,Ceftriaxone + Sulbactam,1000mg + 500mg,Injection,Alkem Laboratories Ltd,vial of 1 Injection,181.0,true
Xone SB 250 mg/125 mg Injection,Ceftriaxone + Sulbactam,250mg + 125mg,Injection,Alkem Laboratories Ltd,vial of 1 ml Injection,44.5,true
Xone SB 500 mg/250 mg Injection,Ceftriaxone + Sulbactam,500mg + 250mg,Injection,Alkem Laboratories Ltd,vial of 1 ml Injection,90.5,true
Xone XP 1000mg/125mg Injection,Ceftriaxone + Tazobactum,1000mg + 125mg,Injection,Alkem Laboratories Ltd,vial of 5 ml Injection,210.0,true
Xone XP XP 500 mg/62.5 mg Injection,Ceftriaxone + Tazobactum,500mg + 62.5mg,Injection,Alkem Laboratories Ltd,vial of 5 ml Injection,115.5,true
Xpect C 4 mg/10 mg Syrup,Chlorpheniramine Maleate + Codeine,4mg + 10mg,Syrup,Alkem Laboratories Ltd,bottle of 100 ml Syrup,85.0,true
Xpect-B Expectorant Mango Payari Black Currant,Ambroxol + Guaifenesin,30mg/5ml + 100mg/5ml,Syrup,Alkem Laboratories Ltd,bottle of 100 ml Expectorant,115.0,false
Xpect-B Expectorant Mixed Fruit Sugar Free,Ambroxol + Guaifenesin,30mg/5ml + 100mg/5ml,Syrup,Alkem Laboratories Ltd,bottle of 100 ml Expectorant,115.0,false
Xpect-D Syrup,Phenylephrine + Chlorpheniramine Maleate,5mg/5ml + 2mg/5ml,Syrup,Alkem Laboratories Ltd,bottle of 100 ml Syrup,110.0,false
Xpect-LS Expectorant,Ambroxol + Levosalbutamol,30mg/5ml + 1mg/5ml,Syrup,Alkem Laboratories Ltd,bottle of 100 ml Expectorant,107.0,true
XPect-PD Syrup Strawberry,Terbutaline + Ambroxol,1.25mg + 15mg,Syrup,Alkem Laboratories Ltd,bottle of 100 ml Syrup,110.0,false
XTPara 250mg/5ml Suspension,Paracetamol,250mg/5ml,Suspension,Torrent Pharmaceuticals Ltd,bottle of 60 ml Suspension,44.35,false
XTPara 500 Tablet,Paracetamol,500mg,Tablet,Torrent Pharmaceuticals Ltd,strip of 10 tablets,10.19,false
XTPara 650mg Tablet,Paracetamol,650mg,Tablet,Torrent Pharmaceuticals Ltd,strip of 10 tablets,19.9,false
XTPara 650mg Tablet,Paracetamol,650mg,Tablet,Torrent Pharmaceuticals Ltd,strip of 15 tablets,19.25,false
XTPara Drop,Paracetamol,100mg/ml,Suspension,Torrent Pharmaceuticals Ltd,packet of 15 ml Oral Suspension,32.75,false
XTPara Proglet Tablet SR,Paracetamol + Paracetamol,300mg + 700mg,Tablet,Torrent Pharmaceuticals Ltd,strip of 12 tablet sr,75.35,false
Xtra Cream,Aceclofenac,,Cream,Zee Laboratories,tube of 15 gm Cream,49.85,false
Xtra SP 100 mg/15 mg Tablet,Aceclofenac + Serratiopeptidase,100mg + 15mg,Tablet,Elder Pharmaceuticals Ltd,strip of 10 tablets,52.4,false
Xtraclav Tablet ER,Amoxycillin + Clavulanic Acid,,Tablet,Lupin Ltd,strip of 10 tablet er,361.0,true
Xykaa BD 1000mg Tablet,Paracetamol,1000mg,Tablet,Troikaa Pharmaceuticals Ltd,strip of 10 tablets,62.9,false
Xykaa LD Capsule,Diclofenac + Paracetamol,25mg + 325mg,Capsule,Troikaa Pharmaceuticals Ltd,strip of 10 capsules,58.69,false
Xylocaine 5% Ointment,Lidocaine,5% w/w,Ointment,Zydus Cadila,tube of 50 gm Ointment,66.7,false
Xylocaine NF Cream,Lidocaine + Nifedipine,1.5% w/w + 0.3% w/w,Cream,Zydus Cadila,tube of 30 gm Cream,177.0,true
Xyzal 10mg Tablet,Levocetirizine,10mg,Tablet,Dr Reddy's Laboratories Ltd,strip of 10 tablets,200.75,false
Xyzal A 5 mg/30 mg Syrup,Levocetirizine + Ambroxol,5mg + 30mg,Syrup,Dr Reddy's Laboratories Ltd,bottle of 60 ml Syrup,93.5,false
Xyzal M Suspension,Levocetirizine + Montelukast,2.5mg/5ml + 4mg/5ml,Suspension,Dr Reddy's Laboratories Ltd,bottle of 60 ml Oral Suspension,128.75,true
Yuviclav 200mg/28.50mg Tablet,Amoxycillin + Clavulanic Acid,200mg + 28.50mg,Tablet,Yuventis Pharmaceuticals,strip of 10 tablets,60.0,true
Z 1 200mg/5ml Suspension,Azithromycin,200mg/5ml,Suspension,Lupin Ltd,bottle of 15 ml Suspension,56.06,true
Z 1 250mg Tablet,Azithromycin,250mg,Tablet,Lupin Ltd,strip of 6 tablets,68.5,true
Z Flox OZ Syrup,Ofloxacin + Ornidazole,50mg + 125mg,Syrup,Scoria Pharmaceuticals Pvt Ltd,bottle of 60 ml Syrup,60.0,true
Zadonase-F Oral Suspension Raspberry & Vanilla Sugar Free,Fexofenadine,30mg/5ml,Suspension,Alkem Laboratories Ltd,bottle of 60 ml Oral Suspension,82.5,false
Zadonase-F Oral Suspension Raspberry & Vanilla Sugar Free,Fexofenadine,30mg/5ml,Suspension,Alkem Laboratories Ltd,bottle of 100 ml Oral Suspension,137.5,false
Zady Redimix 200mg Syrup,Azithromycin,200mg,Syrup,Mankind Pharma Ltd,bottle of 30 ml Syrup,100.08,true
Zaha Eye Drop,Azithromycin,1% w/v,Drops,Ajanta Pharma Ltd,packet of 3 ml Eye Drop,158.5,true
Zaha Eye Ointment,Azithromycin,1% w/w,Ointment,Ajanta Pharma Ltd,tube of 5 gm Eye Ointment,149.5,true
Zamadol 50mg Tablet,Tramadol,50mg,Tablet,Macleods Pharmaceuticals Pvt Ltd,strip of 10 tablets,59.9,true
Zanocin 100 Liquid,Ofloxacin,100mg/5ml,Solution,Sun Pharmaceutical Industries Ltd,bottle of 60 ml Oral Solution,129.0,true
Zanocin 100 Tablet,Ofloxacin,100mg,Tablet,Sun Pharmaceutical Industries Ltd,strip of 10 tablets,60.0,true
Zanocin 200 Tablet,Ofloxacin,200mg,Tablet,Sun Pharmaceutical Industries Ltd,strip of 10 tablets,89.0,true
Zanocin 200mg Infusion,Ofloxacin,200mg,Injection,Sun Pharmaceutical Industries Ltd,bottle of 100 ml Infusion,155.0,true
Zanocin 50 Liquid,Ofloxacin,50mg/5ml,Solution,Sun Pharmaceutical Industries Ltd,bottle of 60 ml Oral Solution,70.0,true
Zanocin DS Tablet,Ofloxacin,400mg,Tablet,Sun Pharmaceutical Industries Ltd,strip of 10 tablets,267.0,true
Zanocin Eye Drop,Ofloxacin,0.3% w/v,Drops,Sun Pharmaceutical Industries Ltd,packet of 10 ml Eye Drop,38.0,true
Zanocin F 200 mg/200 mg Tablet,Ofloxacin + Flavoxate,200mg + 200mg,Tablet,Sun Pharmaceutical Industries Ltd,strip of 10 tablets,185.0,true
Zanocin OD 400mg Tablet ER,Ofloxacin,400mg,Tablet,Sun Pharmaceutical Industries Ltd,strip of 5 tablet er,216.0,true
Zanocin OZ 200 mg/500 mg Infusion,Ofloxacin + Ornidazole,200mg + 500mg,Injection,Sun Pharmaceutical Industries Ltd,bottle of 100 ml Infusion,151.0,true
Zanocin OZ Tablet,Ofloxacin + Ornidazole,200mg + 500mg,Tablet,Sun Pharmaceutical Industries Ltd,strip of 10 tablets,168.0,true
Zanocin Plus Tablet,Cefixime + Ofloxacin,200mg + 200mg,Tablet,Sun Pharmaceutical Industries Ltd,strip of 10 tablets,170.0,true
Zanpan D 10mg/40mg Capsule,Domperidone + Pantoprazole,10mg + 40mg,Capsule,Wallace Pharmaceuticals Pvt Ltd,strip of 15 capsules,78.0,true
Zator 10 Tablet,Torasemide,10mg,Tablet,Torrent Pharmaceuticals Ltd,strip of 10 tablets,33.95,true
Zator 100mg Tablet,Torasemide,100mg,Tablet,Torrent Pharmaceuticals Ltd,strip of 10 tablets,216.0,true
Zator 10mg Injection,Rabeprazole,10mg,Injection,Torrent Pharmaceuticals Ltd,vial of 1 Injection,27.66,true
Zator 20mg Tablet,Torasemide,20mg,Tablet,Torrent Pharmaceuticals Ltd,strip of 10 tablets,52.37,true
Zator 40mg Tablet,Torasemide,40mg,Tablet,Torrent Pharmaceuticals Ltd,strip of 10 tablets,67.0,true
Zator 5mg Tablet,Torasemide,5mg,Tablet,Torrent Pharmaceuticals Ltd,strip of 10 tablets,24.0,true
Zator Plus 50 mg/10 mg Tablet,Spironolactone + Torasemide,50mg + 10mg,Tablet,Torrent Pharmaceuticals Ltd,strip of 10 tablets,29.0,true
Zaxter 1000mg Injection,Meropenem,1000mg,Injection,Alkem Laboratories Ltd,vial of 1 Injection,3204.0,true
Zaxter 125mg Injection,Meropenem,125mg,Injection,Alkem Laboratories Ltd,vial of 1 ml Injection,367.0,true
Zaxter 1gm Kit,Meropenem,1gm,Injection,Alkem Laboratories Ltd,vial of 1 Injection,985.0,true
Zaxter 500mg Injection,Meropenem,500mg,Injection,Alkem Laboratories Ltd,vial of 1 Injection,1265.0,true
Zedex Cold Syrup,Chlorpheniramine Maleate + Paracetamol,1mg/5ml + 125mg/5ml,Syrup,Dr Reddy's Laboratories Ltd,bottle of 60 ml Syrup,42.0,false
Zedex Cough Syrup,Chlorpheniramine Maleate + Dextromethorphan Hydrobromide,2mg + 10mg,Syrup,Dr Reddy's Laboratories Ltd,bottle of 100 ml Syrup,144.25,false
Zedex-P Cold Syrup,Levocetirizine + Phenylephrine,2.5mg/5ml + 5mg/5ml,Syrup,Dr Reddy's Laboratories Ltd,bottle of 60 ml Syrup,38.0,false
Zedex-P Syrup,Chlorpheniramine Maleate + Paracetamol,0.5mg/5ml + 125mg/5ml,Syrup,Dr Reddy's Laboratories Ltd,bottle of 60 ml Syrup,99.75,false
Zedex-SF Dry Cough Syrup Sugar Free,Chlorpheniramine Maleate + Dextromethorphan Hydrobromide,2mg + 10mg,Syrup,Dr Reddy's Laboratories Ltd,bottle of 100 ml Syrup,152.75,false
Zedocef 50mg Syrup,Cefpodoxime Proxetil,50mg,Syrup,Macleods Pharmaceuticals Pvt Ltd,bottle of 30 ml Syrup,94.0,true
Zedocef 50mg Tablet DT,Cefpodoxime Proxetil,50mg,Tablet,Macleods Pharmaceuticals Pvt Ltd,strip of 10 tablet dt,78.0,true
Zedocef AZ Tablet,Cefpodoxime Proxetil + Azithromycin,200mg + 250mg,Tablet,Macleods Pharmaceuticals Pvt Ltd,strip of 10 tablets,218.0,true
Zedocef CV 100mg/62.5mg Tablet DT,Cefpodoxime Proxetil + Clavulanic Acid,100mg + 62.5mg,Tablet,Macleods Pharmaceuticals Pvt Ltd,strip of 6 tablet dt,139.0,true
Zedocef CV 50 mg/31.25 mg Syrup,Cefpodoxime Proxetil + Clavulanic Acid,50mg + 31.25mg,Syrup,Macleods Pharmaceuticals Pvt Ltd,bottle of 30 ml Syrup,108.9,true
Zedocef CV 50 mg/31.25 mg Tablet,Cefpodoxime Proxetil + Clavulanic Acid,50mg + 31.25mg,Tablet,Macleods Pharmaceuticals Pvt Ltd,strip of 6 tablets,59.0,true
Zedocef Drop,Cefpodoxime Proxetil,25mg/ml,Suspension,Macleods Pharmaceuticals Pvt Ltd,packet of 10 ml Oral Suspension,91.0,true
Zedocef Dxl 200 Tablet ER,Cefpodoxime Proxetil + Dicloxacillin,200mg + 500mg,Tablet,Macleods Pharmaceuticals Pvt Ltd,strip of 10 tablet er,302.0,true
Zedocef LX 200 mg/250 mg Tablet,Cefpodoxime Proxetil + Levofloxacin,200mg + 250mg,Tablet,Macleods Pharmaceuticals Pvt Ltd,strip of 10 tablets,193.0,true
Zedocef O 100mg/100mg Tablet DT,Cefpodoxime Proxetil + Ofloxacin,100mg + 100mg,Tablet,Macleods Pharmaceuticals Pvt Ltd,strip of 10 tablet dt,150.0,true
Zedott 10 DT Tablet,Racecadotril,10mg,Tablet,Torrent Pharmaceuticals Ltd,strip of 10 tablet dt,80.7,false
Zedott 100mg Capsule,Racecadotril,100mg,Capsule,Torrent Pharmaceuticals Ltd,strip of 10 capsules,233.2,false
Zedott 30 DT Tablet,Racecadotril,30mg,Tablet,Torrent Pharmaceuticals Ltd,strip of 10 tablet dt,140.95,false
Zeecof Expectorant,Guaifenesin + Bromhexine,50mg/5ml + 4mg/5ml,Syrup,Cipla Ltd,bottle of 100 ml Expectorant,36.0,false
Zefcort 12 Tablet,Deflazacort,12mg,Tablet,Leeford Healthcare Ltd,strip of 10 tablets,135.0,true
Zefcort 30mg Tablet,Deflazacort,30mg,Tablet,Leeford Healthcare Ltd,strip of 6 tablets,180.0,true
Zefcort 6 Tablet,Deflazacort,6mg,Tablet,Leeford Healthcare Ltd,strip of 6 tablets,60.0,true
Zefcort Suspension,Deflazacort,6mg/5ml,Suspension,Leeford Healthcare Ltd,bottle of 30 ml Suspension,28.12,true
Zefway 100 Oral Suspension,Cefixime,100mg,Suspension,Leeford Healthcare Ltd,bottle of 30 ml Oral Suspension,72.5,true
Zefway 100mg Tablet DT,Cefixime + Lactobacillus,100mg + 60Million spores,Tablet,Leeford Healthcare Ltd,strip of 10 tablet dt,92.5,true
Zefway 200 DT Tablet,Cefixime + Lactobacillus,200mg + 60Million spores,Tablet,Leeford Healthcare Ltd,strip of 10 tablet dt,126.8,true
Zefway 50 Oral Suspension,Cefixime,50mg,Suspension,Leeford Healthcare Ltd,bottle of 30 ml Oral Suspension,52.0,true
Zefway-CV Dry Syrup Orange,Cefixime + Clavulanic Acid,50mg + 31.25mg,Suspension,Leeford Healthcare Ltd,bottle of 30 ml Oral Suspension,105.0,true
Zefway-O Syrup,Cefixime + Ofloxacin,50mg + 50mg,Suspension,Leeford Healthcare Ltd,bottle of 30 ml Oral Suspension,95.0,true
Zegecid 20mg Oral Suspension,Omeprazole,20mg,Suspension,Ajanta Pharma Ltd,bottle of 6 gm Oral Suspension,5.72,true
Zegecid 40mg Capsule,Omeprazole,40mg,Capsule,Ajanta Pharma Ltd,strip of 10 capsules,82.86,true
Zegerd 20mg Oral Suspension,Omeprazole,20mg,Suspension,Ajanta Pharma Ltd,bottle of 6 gm Oral Suspension,8.71,true
Zegerd 40mg Capsule,Omeprazole,40mg,Capsule,Ajanta Pharma Ltd,strip of 10 capsules,82.86,true
Zegerd 40mg Oral Suspension,Omeprazole,40mg,Suspension,Ajanta Pharma Ltd,bottle of 6 gm Oral Suspension,11.7,true
Zelid Plus Suspension,Nimesulide + Paracetamol,100mg + 500mg,Suspension,Zee Laboratories,bottle of 60 ml Suspension,75.0,false
ZEN 100 Tablet DT,Carbamazepine,100mg,Tablet,Intas Pharmaceuticals Ltd,strip of 10 tablet dt,12.66,true
ZEN 200 Tablet,Carbamazepine,200mg,Tablet,Intas Pharmaceuticals Ltd,strip of 10 tablets,16.77,true
ZEN 300mg Tablet SR,Carbamazepine,300mg,Tablet,Intas Pharmaceuticals Ltd,strip of 10 tablet sr,24.5,true
ZEN Retard 100mg Tablet,Carbamazepine,100mg,Tablet,Intas Pharmaceuticals Ltd,strip of 10 tablets,20.4,true
ZEN Retard 200 Tablet ER,Carbamazepine,200mg,Tablet,Intas Pharmaceuticals Ltd,strip of 10 tablet er,29.01,true
ZEN Retard 300 Tablet ER,Carbamazepine,300mg,Tablet,Intas Pharmaceuticals Ltd,strip of 10 tablet er,37.5,true
ZEN Retard 400 Tablet ER,Carbamazepine,400mg,Tablet,Intas Pharmaceuticals Ltd,strip of 10 tablet er,57.23,true
Zenegra 100 Tablet,Sildenafil,100mg,Tablet,Alkem Laboratories Ltd,strip of 4 tablets,192.0,true
Zenegra 50mg Tablet,Sildenafil,50mg,Tablet,Alkem Laboratories Ltd,strip of 4 tablets,125.0,true
Zenegra Red 100mg Tablet,Sildenafil,100mg,Tablet,Alkem Laboratories Ltd,strip of 1 Tablet,3.18,true
Zenegra Red 100mg Tablet,Sildenafil,100mg,Tablet,Alkem Laboratories Ltd,strip of 4 tablets,175.0,true
Zenflox NT 100 mg/50 mg Syrup,Nitazoxanide + Ofloxacin,100mg + 50mg,Syrup,Mankind Pharma Ltd,bottle of 30 ml Syrup,98.0,true
Zenflox NT 500mg/200mg Tablet,Nitazoxanide + Ofloxacin,500mg + 200mg,Tablet,Mankind Pharma Ltd,strip of 10 tablets,117.7,true
Zenflox Suspension,Ofloxacin,50mg/5ml,Suspension,Mankind Pharma Ltd,bottle of 60 ml Oral Suspension,57.99,true
Zenflox-OZ 50mg/5ml/125mg/5ml Suspension,Ofloxacin + Ornidazole,50mg/5ml + 125mg/5ml,Suspension,Mankind Pharma Ltd,bottle of 30 ml Suspension,43.56,true
Zenflox-Plus 100 Tablet,Cefixime + Ofloxacin,100mg + 100mg,Tablet,Mankind Pharma Ltd,strip of 10 tablets,99.9,true
Zenflox-Plus 100mg/50mg Dry Syrup,Nitazoxanide + Ofloxacin,100mg + 50mg,Syrup,Mankind Pharma Ltd,bottle of 30 ml Dry Syrup,58.56,true
Zenflox-UTI Tablet,Ofloxacin + Flavoxate,200mg + 200mg,Tablet,Mankind Pharma Ltd,strip of 10 tablets,189.9,true
Zenkind 50mg Oral Suspension,Ofloxacin,50mg,Suspension,Mankind Pharma Ltd,bottle of 30 ml Oral Suspension,55.0,true
Zenocin OD 800mg Tablet,Ofloxacin,800mg,Tablet,Sun Pharmaceutical Industries Ltd,strip of 5 tablets,106.67,true
Zenotas MZ Oral Suspension,Ofloxacin + Metronidazole,50mg + 120mg,Suspension,Intas Pharmaceuticals Ltd,bottle of 10 oral suspensions,85.0,true
Zenoxa 150 Tablet,Oxcarbazepine,150mg,Tablet,Intas Pharmaceuticals Ltd,strip of 10 tablets,79.0,true
Zenoxa 300 Tablet,Oxcarbazepine,300mg,Tablet,Intas Pharmaceuticals Ltd,strip of 10 tablets,123.5,true
Zenoxa 450 Tablet,Oxcarbazepine,450mg,Tablet,Intas Pharmaceuticals Ltd,strip of 10 tablets,224.0,true
Zenoxa 600 Tablet,Oxcarbazepine,600mg,Tablet,Intas Pharmaceuticals Ltd,strip of 10 tablets,237.0,true
Zenoxa OD 150 Tablet SR,Oxcarbazepine,150mg,Tablet,Intas Pharmaceuticals Ltd,strip of 10 tablet sr,88.5,true
Zenoxa OD 300 Tablet SR,Oxcarbazepine,300mg,Tablet,Intas Pharmaceuticals Ltd,strip of 10 tablet sr,151.0,true
Zenoxa OD 450 Tablet SR,Oxcarbazepine,450mg,Tablet,Intas Pharmaceuticals Ltd,strip of 10 tablet sr,227.0,true
Zenoxa OD 600 Tablet SR,Oxcarbazepine,600mg,Tablet,Intas Pharmaceuticals Ltd,strip of 10 tablet sr,277.0,true
Zenoxa OD 900 Tablet SR,Oxcarbazepine,900mg,Tablet,Intas Pharmaceuticals Ltd,strip of 10 tablet sr,398.0,true
Zenoxa Oral Suspension,Oxcarbazepine,300mg/5ml,Suspension,Intas Pharmaceuticals Ltd,bottle of 100 ml Oral Suspension,355.0,true
Zenoxa Oral Suspension Banana,Oxcarbazepine,300mg/5ml,Suspension,Intas Pharmaceuticals Ltd,bottle of 100 ml Oral Suspension,355.0,true
Zensartan Beta 40mg/25mg Tablet PR,Telmisartan + Metoprolol Succinate,40mg + 23.75mg,Tablet,Elder Pharmaceuticals Ltd,strip of 10 Tablet pr,140.5,true
Zensartan Beta 40mg/50mg Tablet PR,Telmisartan + Metoprolol Succinate,40mg + 47.5mg,Tablet,Elder Pharmaceuticals Ltd,strip of 10 Tablet pr,172.5,true
Zeptol 100 Tablet,Carbamazepine,100mg,Tablet,Sun Pharmaceutical Industries Ltd,strip of 10 tablets,12.6,true
Zeptol 200 Tablet,Carbamazepine,200mg,Tablet,Sun Pharmaceutical Industries Ltd,strip of 10 tablets,17.1,true
Zeptol CR 200 Tablet,Carbamazepine,200mg,Tablet,Sun Pharmaceutical Industries Ltd,strip of 10 Tablet pr,29.0,true
Zeptol CR 300 Tablet,Carbamazepine,300mg,Tablet,Sun Pharmaceutical Industries Ltd,strip of 10 Tablet pr,40.0,true
Zeptol CR 400 Tablet,Carbamazepine,400mg,Tablet,Sun Pharmaceutical Industries Ltd,strip of 10 Tablet pr,57.15,true
Zerodol TH Max 8 Tablet,Thiocolchicoside + Aceclofenac,8mg + 100mg,Tablet,Ipca Laboratories Ltd,strip of 10 tablets,263.5,true
Zerodol TH OD 200 mg/8 mg Capsule SR,Aceclofenac + Thiocolchicoside,200mg + 8mg,Capsule,Ipca Laboratories Ltd,strip of 5 capsule sr,209.15,true
Zerodol-P Tablet,Aceclofenac + Paracetamol,100mg + 325mg,Tablet,Ipca Laboratories Ltd,strip of 10 tablets,60.4,false
Zerodol-SP Tablet,Aceclofenac + Paracetamol,100mg + 325mg,Tablet,Ipca Laboratories Ltd,strip of 10 tablets,118.3,false
Zeronac R 100mg/500mg/10mg Capsule,Aceclofenac + Paracetamol,100mg + 500mg,Capsule,East West Pharma,strip of 6 capsules,29.5,false
Zerotuss XP Drop,Ambroxol + Levosalbutamol,7.5mg/ml + 0.25mg/ml,Drops,Aristo Pharmaceuticals Pvt Ltd,packet of 15 ml Oral Drops,56.9,true
Zerox 100mg Syrup,Azithromycin,100mg,Syrup,Ozone Pharmaceuticals Ltd,bottle of 15 ml Syrup,25.9,true
Zevert 12 SR Tablet,Betahistine,12mg,Tablet,Intas Pharmaceuticals Ltd,strip of 14 tablet sr,83.0,true
Zevert 16 Tablet DT,Betahistine,16mg,Tablet,Intas Pharmaceuticals Ltd,strip of 10 tablet dt,66.0,true
Zevert 24 SR Tablet,Betahistine,24mg,Tablet,Intas Pharmaceuticals Ltd,strip of 14 tablet sr,223.0,true
Zevert 8 Tablet DT,Betahistine,8mg,Tablet,Intas Pharmaceuticals Ltd,strip of 10 tablet dt,31.75,true
Zevert MD 16 Tablet,Betahistine,16mg,Tablet,Intas Pharmaceuticals Ltd,strip of 15 tablet md,251.0,true
Zevert MD 24 Tablet,Betahistine,24mg,Tablet,Intas Pharmaceuticals Ltd,strip of 15 tablet md,320.0,true
Zevert MD 8 Tablet,Betahistine,8mg,Tablet,Intas Pharmaceuticals Ltd,strip of 15 tablet md,134.5,true
Zevert OD 48mg Tablet,Betahistine,48mg,Tablet,Intas Pharmaceuticals Ltd,strip of 10 tablets,295.0,true
Zevert Pvg NF Tablet,Betahistine + Vitamin D3,16mg + 400IU,Tablet,Intas Pharmaceuticals Ltd,strip of 10 tablets,225.0,true
Zidime CV Dry Syrup,Cefpodoxime Proxetil + Clavulanic Acid,300mg + 187.5mg,Syrup,Abbott,bottle of 30 ml Dry Syrup,71.5,true
Zifcef 1000mg Tablet DT,Cefixime,1000mg,Tablet,Ozenius Pharmaceuticals,strip of 10 tablet dt,82.0,true
Zifi 200 Tablet,Cefixime,200mg,Tablet,FDC Ltd,strip of 10 tablets,119.0,true
Zifi CV 100 Dry Syrup,Cefixime + Clavulanic Acid,100mg + 62.5mg,Suspension,FDC Ltd,bottle of 30 ml Oral Suspension,145.0,true
Zifi CV 50 DT Tablet,Cefixime + Clavulanic Acid,50mg + 31.25mg,Tablet,FDC Ltd,strip of 10 tablet dt,99.5,true
Zifi Drop,Cefixime,25mg/ml,Suspension,FDC Ltd,bottle of 10 ml Oral Suspension,78.38,true
Zifi LB Redimix Suspension,Cefixime + Lactobacillus,100mg + 40Million spores,Suspension,FDC Ltd,bottle of 30 ml Redimix Suspension,80.0,true
Zifi-AZ Kid DT Tablet,Cefixime + Azithromycin,100mg + 125mg,Tablet,FDC Ltd,strip of 10 tablet dt,121.0,true
Zilokem 20 Tablet,Azilsartan medoxomil,20mg,Tablet,Alkem Laboratories Ltd,strip of 10 tablets,43.0,true
Zilokem 40 Tablet,Azilsartan medoxomil,40mg,Tablet,Alkem Laboratories Ltd,strip of 10 tablets,104.5,true
Zilokem 80 Tablet,Azilsartan medoxomil,80mg,Tablet,Alkem Laboratories Ltd,strip of 10 tablets,163.5,true
Zim 200mg Dry Syrup,Azithromycin,200mg,Syrup,Caddes Life Sciences,bottle of 30 ml Dry Syrup,90.0,true
Zimigut 200 Tablet,Rifaximin,200mg,Tablet,Intas Pharmaceuticals Ltd,strip of 10 tablets,217.0,true
Zimigut 400 Tablet,Rifaximin,400mg,Tablet,Intas Pharmaceuticals Ltd,strip of 10 tablets,391.0,true
Zimigut 550 Tablet,Rifaximin,550mg,Tablet,Intas Pharmaceuticals Ltd,strip of 10 tablets,478.0,true
Zimnic 50mg/5ml Dry Syrup,Cefixime,50mg/5ml,Syrup,Abbott,bottle of 30 ml Dry Syrup,43.85,true
Zimnic CV 50 mg/31.25 mg Dry Syrup,Cefixime + Clavulanic Acid,50mg + 31.25mg,Syrup,Abbott,bottle of 30 ml Dry Syrup,72.02,true
Zimnic-O 100mg/100mg Tablet DT,Cefixime + Ofloxacin,100mg + 100mg,Tablet,Abbott,strip of 10 tablet dt,86.4,true
Zincocet P 5 mg/500 mg/7.5 mg Tablet,Cetirizine + Paracetamol,5mg + 500mg,Tablet,Alkem Laboratories Ltd,strip of 10 tablets,23.72,false
Zion 4mg Tablet,Lornoxicam,4mg,Tablet,Torrent Pharmaceuticals Ltd,strip of 10 tablets,33.67,false
Zione DS 12.5mg Tablet,Chlorthalidone,12.5mg,Tablet,Torrent Pharmaceuticals Ltd,strip of 10 tablets,53.0,true
Zione T 40mg/6.25mg Tablet,Telmisartan + Chlorthalidone,40mg + 6.25mg,Tablet,Torrent Pharmaceuticals Ltd,strip of 10 tablets,83.0,true
Zipod CV 50 mg/31.25 mg Tablet DT,Cefpodoxime Proxetil + Clavulanic Acid,50mg + 31.25mg,Tablet,FDC Ltd,strip of 10 tablet dt,95.0,true
Ziprax 100mg Dry Syrup,Cefixime,100mg/5ml,Suspension,Cipla Ltd,bottle of 60 ml Oral Suspension,71.0,true
Ziprax 100mg Dry Syrup Strawberry,Cefixime,100mg/5ml,Syrup,Cipla Ltd,bottle of 30 ml Dry Syrup,79.99,true
Ziprax 200 DT Tablet,Cefixime,200mg,Tablet,Cipla Ltd,strip of 10 tablet dt,119.39,true
Ziprax 300mg Tablet DT,Cefixime,300mg,Tablet,Cipla Ltd,strip of 4 tablet dt,151.82,true
Ziprax 50mg Dry Syrup,Cefixime,50mg,Syrup,Cipla Ltd,bottle of 30 ml Dry Syrup,53.84,true
Ziprax CL 200mg/125mg Tablet,Cefixime + Clavulanic Acid,200mg + 125mg,Tablet,Cipla Ltd,strip of 10 tablets,210.5,true
Ziprax LB 100mg Tablet DT,Cefixime + Lactobacillus,100mg + 40Million spores,Tablet,Cipla Ltd,strip of 10 tablet dt,69.0,true
Ziprax LB 50mg Tablet DT,Cefixime + Lactobacillus,50mg + 20Million spores,Tablet,Cipla Ltd,strip of 10 tablet dt,40.06,true
Ziprax LB Tablet DT,Cefixime + Lactobacillus,200mg + 60Million spores,Tablet,Cipla Ltd,strip of 10 tablet dt,97.55,true
Ziprax O 200mg/200mg Tablet,Cefixime + Ofloxacin,200mg + 200mg,Tablet,Cipla Ltd,strip of 10 tablets,120.0,true
Zisan 100mg Oral Drops,Azithromycin,100mg/5ml,Drops,Arvincare Pharma,bottle of 15 ml Oral Drops,24.4,true
Zisan 200mg Oral Drops,Azithromycin,200mg/5ml,Drops,Arvincare Pharma,bottle of 15 ml Oral Drops,58.0,true
Zisan 50mg Syrup,Azithromycin,50mg,Syrup,Arvincare Pharma,bottle of 15 ml Syrup,32.0,true
Zisper 3mg Tablet MD,Risperidone,3mg,Tablet,Torrent Pharmaceuticals Ltd,strip of 10 tablet md,30.0,true
Zisper 5mg Tablet MD,Risperidone,5mg,Tablet,Torrent Pharmaceuticals Ltd,strip of 10 tablet md,46.4,true
Zisper Forte 4 mg/2 mg Tablet MD,Risperidone + Trihexyphenidyl,4mg + 2mg,Tablet,Torrent Pharmaceuticals Ltd,strip of 10 tablet md,13.33,true
Zisper Forte Tablet,Risperidone + Trihexyphenidyl,4mg + 2mg,Tablet,Torrent Pharmaceuticals Ltd,strip of 10 tablets,108.25,true
Zisper LS Tablet,Risperidone + Trihexyphenidyl,2mg + 2mg,Tablet,Torrent Pharmaceuticals Ltd,strip of 10 tablets,87.45,true
Zisper Plus Tablet,Risperidone + Trihexyphenidyl,3mg + 2mg,Tablet,Torrent Pharmaceuticals Ltd,strip of 10 tablets,100.2,true
Zithium 100mg Tablet DT,Azithromycin,100mg,Tablet,Alkem Laboratories Ltd,strip of 3 tablet dt,15.55,true
Zithium 100mg/5ml Oral Suspension,Azithromycin,100mg/5ml,Suspension,Alkem Laboratories Ltd,bottle of 15 ml Oral Suspension,42.0,true
Zithium 250mg Tablet,Azithromycin,250mg,Tablet,Alkem Laboratories Ltd,strip of 6 tablets,78.71,true
Zithium DS 200mg/5ml Oral Suspension,Azithromycin,200mg/5ml,Suspension,Alkem Laboratories Ltd,bottle of 15 ml Oral Suspension,51.43,true
Zithium O BD 250mg/200mg Tablet,Azithromycin + Ofloxacin,250mg + 200mg,Tablet,Alkem Laboratories Ltd,strip of 10 tablets,172.5,true
Zithium O Suspension,Azithromycin + Ofloxacin,125mg + 50mg,Suspension,Alkem Laboratories Ltd,bottle of 60 ml Suspension,120.0,true
Zithium XL 100mg Suspension,Azithromycin,100mg/5ml,Suspension,Alkem Laboratories Ltd,bottle of 30 ml Suspension,76.0,true
Zithium XL 200mg Suspension,Azithromycin,200mg,Suspension,Alkem Laboratories Ltd,bottle of 30 ml Suspension,112.27,true
Zithrocin 1000mg Tablet,Azithromycin,1000mg,Tablet,Biochem Pharmaceutical Industries,strip of 1 Tablet,53.0,true
Zithrocin 100mg/5ml Oral Liquid,Azithromycin,100mg/5ml,Solution,Biochem Pharmaceutical Industries,bottle of 5 ml Oral Liquid,31.0,true
Zithrocin XL Syrup,Azithromycin,200mg,Syrup,Biochem Pharmaceutical Industries,bottle of 30 ml Syrup,89.0,true
Zithrokem Suspension,Azithromycin,,Suspension,Alkem Laboratories Ltd,bottle of 15 ml Suspension,20.0,true
Zithromin 1gm Tablet,Azithromycin,1gm,Tablet,Taj Pharma India Ltd,strip of 1 Tablet,37.0,true
Zithromin 200mg Tablet DT,Azithromycin,200mg,Tablet,Taj Pharma India Ltd,strip of 3 tablet dt,35.0,true
Zithromin-XL 100mg Dry Syrup,Azithromycin,100mg,Syrup,Taj Pharma India Ltd,bottle of 30 ml Dry Syrup,43.0,true
Zithrox LX 250 mg/250 mg Tablet,Levofloxacin + Azithromycin,250mg + 250mg,Tablet,Macleods Pharmaceuticals Pvt Ltd,strip of 5 tablets,84.7,true
Zithrox LX 500 mg/500 mg Tablet,Levofloxacin + Azithromycin,500mg + 500mg,Tablet,Macleods Pharmaceuticals Pvt Ltd,strip of 5 tablets,145.2,true
Zithrox Plus 200 mg/250 mg Tablet,Cefixime + Azithromycin,200mg + 250mg,Tablet,Macleods Pharmaceuticals Pvt Ltd,strip of 10 tablets,195.8,true
Zithrox Plus Kid Tablet,Cefixime + Azithromycin,100mg + 125mg,Tablet,Macleods Pharmaceuticals Pvt Ltd,strip of 10 tablets,142.0,true
Zithrox XL 100mg/5ml Dry Syrup,Azithromycin,100mg/5ml,Syrup,Macleods Pharmaceuticals Pvt Ltd,bottle of 30 ml Dry Syrup,84.4,true
Zithrox XL 200mg/5ml Dry Syrup,Azithromycin,200mg/5ml,Syrup,Macleods Pharmaceuticals Pvt Ltd,bottle of 30 ml Dry Syrup,98.13,true
Zix-RP Capsule,Aceclofenac + Paracetamol,100mg + 325mg,Capsule,Jenburkt Pharmaceuticals Ltd,strip of 10 capsules,69.0,false
Zocare OZ Suspension,Ofloxacin + Ornidazole,200mg + 500mg,Suspension,Cipla Ltd,bottle of 30 ml Suspension,36.3,true
Zocef 1.5 Injection,Cefuroxime,1500mg,Injection,Alkem Laboratories Ltd,vial of 1 Injection,407.5,true
Zocef 125mg Tablet,Cefuroxime,125mg,Tablet,Alkem Laboratories Ltd,strip of 10 tablets,275.0,true
Zocef 250 Injection,Cefuroxime,250mg,Injection,Alkem Laboratories Ltd,vial of 1 Powder for Injection,77.0,true
Zocef 250 Tablet,Cefuroxime,250mg,Tablet,Alkem Laboratories Ltd,strip of 10 tablets,445.0,true
Zocef 500 Tablet,Cefuroxime,500mg,Tablet,Alkem Laboratories Ltd,strip of 10 tablets,810.0,true
Zocef 750 Injection,Cefuroxime,750mg,Injection,Alkem Laboratories Ltd,vial of 1 Injection,216.5,true
Zocef Dry syrup,Cefuroxime,125mg,Suspension,Alkem Laboratories Ltd,bottle of 30 ml Oral Suspension,230.0,true
Zocef-CV 250 Tablet,Cefuroxime + Clavulanic Acid,250mg + 125mg,Tablet,Alkem Laboratories Ltd,strip of 6 tablets,319.0,true
Zocef-CV 500 Tablet,Cefuroxime + Clavulanic Acid,500mg + 125mg,Tablet,Alkem Laboratories Ltd,strip of 6 tablets,570.0,true
Zocef-CV Dry Syrup,Cefuroxime + Clavulanic Acid,125mg + 31.25mg,Syrup,Alkem Laboratories Ltd,bottle of 30 ml Dry Syrup,280.0,true
Zocin 300mg Tablet,Ofloxacin,300mg,Tablet,Winsome Laboratories Pvt Ltd,strip of 10 tablets,40.38,true
Zocon 100 DT Tablet,Fluconazole,100mg,Tablet,FDC Ltd,strip of 4 tablet dt,39.6,true
Zocon Eye Drop,Fluconazole,0.3% w/v,Drops,FDC Ltd,bottle of 5 ml Eye Drop,69.5,true
Zofer 2mg Oral Solution,Ondansetron,2mg/5ml,Solution,Sun Pharmaceutical Industries Ltd,bottle of 30 ml Oral Solution,41.55,true
Zofer 2mg/ml Injection,Ondansetron,2mg/ml,Injection,Sun Pharmaceutical Industries Ltd,vial of 2 ml Injection,14.45,true
Zofer 4mg Tablet,Ondansetron,4mg,Tablet,Sun Pharmaceutical Industries Ltd,strip of 10 tablets,58.25,true
Zofer 8mg Injection,Ondansetron,8mg,Injection,Sun Pharmaceutical Industries Ltd,packet of 4 injections,26.23,true
Zofer 8mg Tablet,Ondansetron,8mg,Tablet,Sun Pharmaceutical Industries Ltd,strip of 10 tablets,121.25,true
Zofer MD 4 Tablet,Ondansetron,4mg,Tablet,Sun Pharmaceutical Industries Ltd,strip of 10 tablet dt,58.25,true
Zofer MD 8 Tablet,Ondansetron,8mg,Tablet,Sun Pharmaceutical Industries Ltd,strip of 10 tablet md,121.25,true
Zofix CV 100mg/62.5mg Tablet DT,Cefixime + Clavulanic Acid,100mg + 62.5mg,Tablet,Alembic Pharmaceuticals Ltd,strip of 10 tablet dt,125.75,true
Zoftaron 2mg/5ml Drop,Ondansetron,2mg/5ml,Drops,Elder Pharmaceuticals Ltd,packet of 30 ml Drop,13.75,true
Zolax 0.25 Tablet,Alprazolam,0.25mg,Tablet,Intas Pharmaceuticals Ltd,strip of 10 tablets,16.0,true
Zolax 0.25mg Tablet SR,Alprazolam,0.25mg,Tablet,Intas Pharmaceuticals Ltd,strip of 10 tablet sr,10.82,true
Zolax 0.5 Tablet,Alprazolam,0.5mg,Tablet,Intas Pharmaceuticals Ltd,strip of 10 tablets,34.94,true
Zolax 0.5mg Tablet SR,Alprazolam,0.5mg,Tablet,Intas Pharmaceuticals Ltd,strip of 10 tablet sr,42.5,true
Zolax 1.5mg Tablet SR,Alprazolam,1.5mg,Tablet,Intas Pharmaceuticals Ltd,strip of 10 tablet sr,106.5,true
Zolax 1mg Tablet,Alprazolam,1mg,Tablet,Intas Pharmaceuticals Ltd,strip of 10 tablets,40.0,true
Zolax 1mg Tablet SR,Alprazolam,1mg,Tablet,Intas Pharmaceuticals Ltd,strip of 10 tablet sr,68.0,true
Zole 1% Cream,Luliconazole,1% w/w,Cream,Sun Pharmaceutical Industries Ltd,tube of 50 gm Cream,240.0,true
Zole IT SB 50mg Capsule,Itraconazole,50mg,Capsule,Sun Pharmaceutical Industries Ltd,strip of 10 capsules,130.0,true
Zole Skin Ointment,Miconazole,2% w/w,Ointment,Sun Pharmaceutical Industries Ltd,tube of 15 gm Ointment,59.0,false
Zole-F Ointment,Fluocinolone acetonide + Miconazole,0.01% w/w + 2% w/w,Ointment,Sun Pharmaceutical Industries Ltd,tube of 15 gm Ointment,104.0,true
Zole-IT 100 Capsule,Itraconazole,100mg,Capsule,Sun Pharmaceutical Industries Ltd,strip of 7 capsules,140.0,true
Zole-IT 100 Capsule,Itraconazole,100mg,Capsule,Sun Pharmaceutical Industries Ltd,strip of 10 capsules,140.0,true
Zole-IT 200 Capsule,Itraconazole,200mg,Capsule,Sun Pharmaceutical Industries Ltd,strip of 10 capsules,273.0,true
Zolfresh 10mg Tablet,Zolpidem,10mg,Tablet,Abbott,strip of 15 tablets,157.37,true
Zolfresh 12.5mg Tablet CR,Zolpidem,12.5mg,Tablet,Abbott,strip of 10 tablet cr,138.54,true
Zolfresh 5 Tablet,Zolpidem,5mg,Tablet,Abbott,strip of 15 tablets,100.21,true
Zolfresh 6.25mg Tablet CR,Zolpidem,6.25mg,Tablet,Abbott,strip of 10 tablet cr,101.0,true
Zonamax 2000 mg/1000 mg Injection,Cefoperazone + Sulbactam,2000mg + 1000mg,Injection,Macleods Pharmaceuticals Pvt Ltd,vial of 1 Injection,330.0,true
Zonamax 500 mg/500 mg Injection,Cefoperazone + Sulbactam,500mg + 500mg,Injection,Macleods Pharmaceuticals Pvt Ltd,vial of 1 Injection,132.0,true
Zonamax ES 1000 mg/500 mg Injection,Cefoperazone + Sulbactam,1000mg + 500mg,Injection,Macleods Pharmaceuticals Pvt Ltd,vial of 10 ml Injection,243.0,true
Zonamax ES 500 mg/500 mg Injection,Cefoperazone + Sulbactam,500mg + 500mg,Injection,Macleods Pharmaceuticals Pvt Ltd,vial of 10 ml Injection,183.0,true
Zonamax PS 100mg/100mg Injection,Cefoperazone + Sulbactam,100mg + 100mg,Injection,Macleods Pharmaceuticals Pvt Ltd,vial of 10 ml Injection,40.9,true
Zoran 100mg Syrup,Ofloxacin,100mg/5ml,Syrup,Zerdia Healthcare Pvt. Ltd.,bottle of 100 ml Syrup,55.0,true
Zorem 1.25 Capsule,Ramipril,1.25mg,Capsule,Intas Pharmaceuticals Ltd,strip of 10 capsules,47.5,true
Zorem 10 Capsule,Ramipril,10mg,Capsule,Intas Pharmaceuticals Ltd,strip of 10 capsules,189.0,true
Zorem 2.5 Capsule,Ramipril,2.5mg,Capsule,Intas Pharmaceuticals Ltd,strip of 15 capsules,88.37,true
Zorem 5 Capsule,Ramipril,5mg,Capsule,Intas Pharmaceuticals Ltd,strip of 15 capsules,124.49,true
Zorem LT 2.5mg/50mg Tablet,Ramipril + Losartan,2.5mg + 50mg,Tablet,Intas Pharmaceuticals Ltd,strip of 10 tablets,68.0,true
Zorem Plus 2.5mg/50mg/12.5mg Tablet,Ramipril + Losartan,2.5mg + 50mg,Tablet,Intas Pharmaceuticals Ltd,strip of 10 tablets,115.0,true
Zorem Plus 5mg/50mg/12.5mg Tablet,Ramipril + Losartan,5mg + 50mg,Tablet,Intas Pharmaceuticals Ltd,strip of 10 tablets,138.0,true
Zorem-HT 10 Tablet,Ramipril + Hydrochlorothiazide,10mg + 12.5mg,Tablet,Intas Pharmaceuticals Ltd,strip of 10 tablets,230.0,true
Zorem-HT 2.5 Tablet,Ramipril + Hydrochlorothiazide,2.5mg + 12.5mg,Tablet,Intas Pharmaceuticals Ltd,strip of 10 tablets,88.0,true
Zorem-HT 5 Tablet,Ramipril + Hydrochlorothiazide,5mg + 12.5mg,Tablet,Intas Pharmaceuticals Ltd,strip of 10 tablets,140.0,true
Zoryl 0.5 Tablet,Glimepiride,0.5mg,Tablet,Intas Pharmaceuticals Ltd,strip of 15 tablets,100.0,true
Zoryl 0.5mg Tablet,Glimepiride,0.5mg,Tablet,Intas Pharmaceuticals Ltd,strip of 10 tablets,63.0,true
Zoryl 1 Tablet,Glimepiride,1mg,Tablet,Intas Pharmaceuticals Ltd,strip of 15 tablets,67.03,true
Zoryl 2 Tablet,Glimepiride,2mg,Tablet,Intas Pharmaceuticals Ltd,strip of 15 tablets,106.51,true
Zoryl 2mg Tablet,Glimepiride,2mg,Tablet,Intas Pharmaceuticals Ltd,strip of 10 tablets,96.1,true
Zoryl 3 Tablet,Glimepiride,3mg,Tablet,Intas Pharmaceuticals Ltd,strip of 15 tablets,217.0,true
Zoryl 3mg Tablet,Glimepiride,3mg,Tablet,Intas Pharmaceuticals Ltd,strip of 10 tablets,167.0,true
Zoryl 4 Tablet,Glimepiride,4mg,Tablet,Intas Pharmaceuticals Ltd,strip of 15 tablets,236.0,true
Zoryl 4mg Tablet,Glimepiride,4mg,Tablet,Intas Pharmaceuticals Ltd,strip of 10 tablets,128.0,true
Zoryl M 0.5 Tablet PR,Glimepiride + Metformin,0.5mg + 500mg,Tablet,Intas Pharmaceuticals Ltd,strip of 20 Tablet pr,78.0,true
Zoryl M 1 Forte Tablet PR,Glimepiride + Metformin,1mg + 1000mg,Tablet,Intas Pharmaceuticals Ltd,strip of 15 Tablet pr,172.0,true
Zoryl M 3 Forte Tablet PR,Glimepiride + Metformin,3mg + 1000mg,Tablet,Intas Pharmaceuticals Ltd,strip of 15 Tablet pr,233.0,true
Zoryl M 3mg/500mg Tablet PR,Glimepiride + Metformin,3mg + 500mg,Tablet,Intas Pharmaceuticals Ltd,strip of 15 Tablet pr,245.0,true
Zoryl M2 Forte Tablet PR,Glimepiride + Metformin,2mg + 1000mg,Tablet,Intas Pharmaceuticals Ltd,strip of 15 Tablet pr,214.0,true
Zoryl MF 1 Tablet,Glimepiride + Metformin,1mg + 850mg,Tablet,Intas Pharmaceuticals Ltd,strip of 10 tablets,71.5,true
Zoryl MF 3 Tablet,Glimepiride + Metformin,3mg + 850mg,Tablet,Intas Pharmaceuticals Ltd,strip of 10 tablets,103.0,true
Zoryl MP 1 Forte Tablet SR,Glimepiride + Metformin,1mg + 1000mg,Tablet,Intas Pharmaceuticals Ltd,strip of 10 tablet sr,113.5,true
Zoryl MP 2 Forte Tablet SR,Glimepiride + Metformin,2mg + 1000mg,Tablet,Intas Pharmaceuticals Ltd,strip of 10 tablet sr,135.5,true
Zoryl-M 4 Forte Tablet PR,Glimepiride + Metformin,4mg + 1000mg,Tablet,Intas Pharmaceuticals Ltd,strip of 15 Tablet pr,245.0,true
Zoryl-M4 Tablet PR,Glimepiride + Metformin,4mg + 500mg,Tablet,Intas Pharmaceuticals Ltd,strip of 15 Tablet pr,327.0,true
Zoryl-MF 2 Tablet PR,Glimepiride + Metformin,2mg + 850mg,Tablet,Intas Pharmaceuticals Ltd,strip of 10 Tablet pr,102.0,true
Zosec D Capsule,Domperidone + Omeprazole,,Capsule,Emcure Pharmaceuticals Ltd,strip of 15 capsules,11.25,true
Zosecta DSR 30mg/20mg Capsule,Domperidone + Pantoprazole,30mg + 20mg,Capsule,Emcure Pharmaceuticals Ltd,strip of 10 capsule sr,119.9,true
Zosert 100 Tablet,Sertraline,100mg,Tablet,Sun Pharmaceutical Industries Ltd,strip of 10 tablets,172.0,true
Zosert 25 Tablet,Sertraline,25mg,Tablet,Sun Pharmaceutical Industries Ltd,strip of 10 tablets,66.0,true
Zosert 50 Tablet,Sertraline,50mg,Tablet,Sun Pharmaceutical Industries Ltd,strip of 10 tablets,116.0,true
Zoster 400mg Tablet DT,Acyclovir,400mg,Tablet,Leeford Healthcare Ltd,strip of 10 tablet dt,153.0,true
Zoster 800 Tablet,Acyclovir,800mg,Tablet,Leeford Healthcare Ltd,strip of 10 tablets,220.0,true
Zoster Cream,Acyclovir,5% w/w,Cream,Leeford Healthcare Ltd,tube of 5 gm Cream,53.0,true
Zovenac 1.16% Gel,Diclofenac,1.16% w/w,Gel,East West Pharma,tube of 30 gm Gel,68.0,false
Zovox 100mg Tablet,Levofloxacin,100mg,Tablet,Dr Reddy's Laboratories Ltd,strip of 10 tablets,205.0,true
Zoxan Eye Ointment,Ciprofloxacin,0.3% w/w,Ointment,FDC Ltd,tube of 10 gm Eye Ointment,13.86,true
Zoxan Eye Ointment,Ciprofloxacin,0.3% w/w,Ointment,FDC Ltd,tube of 5 gm Eye Ointment,6.12,true
Zoxil 250mg Suspension,Cefadroxil,250mg,Suspension,Medley Pharmaceuticals,bottle of 30 ml Suspension,22.32,true
Zoxil CV 500 mg/100 mg Injection,Amoxycillin + Clavulanic Acid,500mg + 100mg,Injection,Medley Pharmaceuticals,vial of 1 Injection,129.0,true
Zuka Oral Drops,Chlorpheniramine Maleate + Phenylephrine,2mg/ml + 2.5mg/ml,Drops,Alkem Laboratories Ltd,packet of 15 ml Oral Drops,44.0,false
Zuka Suspension,Paracetamol + Phenylpropanolamine,,Suspension,Alkem Laboratories Ltd,bottle of 60 ml Suspension,14.37,false
Zukamin Cold Capsule TR,Chlorpheniramine Maleate + Paracetamol,50mg,Capsule,Alkem Laboratories Ltd,strip of 10 capsule tr,15.93,false
Zukamin Cold Oral Drops,Chlorpheniramine Maleate + Phenylephrine,2mg/ml + 2.5mg/ml,Drops,Alkem Laboratories Ltd,packet of 15 ml Oral Drops,48.0,false
Zukamin Cold Plus Tablet,Caffeine + Diphenhydramine,30mg + 25mg,Tablet,Alkem Laboratories Ltd,strip of 10 tablets,48.0,false
Zukamin Cold Suspension,Chlorpheniramine Maleate + Paracetamol,2mg + 125mg,Suspension,Alkem Laboratories Ltd,bottle of 60 ml Suspension,53.0,false
Zukamin Cold Tablet,Caffeine + Chlorpheniramine Maleate,30mg + 2mg,Tablet,Alkem Laboratories Ltd,strip of 10 tablets,40.0,false
Zukamin Oral Drops,Chlorpheniramine Maleate + Phenylephrine,2mg/ml + 2.5mg/ml,Drops,Alkem Laboratories Ltd,packet of 15 ml Oral Drops,35.0,false
Zukamin Plus Drop,Chlorpheniramine Maleate + Paracetamol,,Drops,Alkem Laboratories Ltd,packet of 15 ml Drop,45.0,false
Zukamin Suspension,Chlorpheniramine Maleate + Paracetamol,2mg + 125mg,Suspension,Alkem Laboratories Ltd,bottle of 60 ml Suspension,16.25,false
Zukamin Tablet,Chlorpheniramine Maleate + Paracetamol,,Tablet,Alkem Laboratories Ltd,strip of 10 tablets,6.25,false
Zukarest Tablet,Chlorpheniramine Maleate + Paracetamol,2mg + 325mg,Tablet,Alkem Laboratories Ltd,strip of 10 tablets,7.5,false
ZY-Q 200 Tablet,Hydroxychloroquine,200mg,Tablet,Zydus Cadila,bottle of 30 tablets,186.93,true
ZY-Q 200 Tablet,Hydroxychloroquine,200mg,Tablet,Zydus Cadila,strip of 10 tablets,55.93,true
ZY-Q 300 Tablet,Hydroxychloroquine,300mg,Tablet,Zydus Cadila,strip of 30 tablets,514.35,true
ZY-Q 400 Tablet,Hydroxychloroquine,400mg,Tablet,Zydus Cadila,strip of 30 tablets,445.49,true
Zybend Plus Oral Suspension,Ivermectin + Albendazole,3mg + 200mg,Suspension,Zydus Cadila,bottle of 10 ml Oral Suspension,40.26,true
Zycin 250mg Capsule,Azithromycin,250mg,Capsule,Cadila Pharmaceuticals Ltd,strip of 6 capsules,71.85,true
Zycin 500mg Injection,Azithromycin,500mg,Injection,Zydus Cadila,vial of 1 Injection,15.62,true
Zycin AM 500 mg/60 mg Tablet,Azithromycin + Ambroxol,500mg + 60mg,Tablet,Cadila Pharmaceuticals Ltd,strip of 3 tablets,51.08,true
ZyKT Cream,Ketoconazole,2% w/w,Cream,Zydus Cadila,tube of 15 gm Cream,108.75,false
Zylin OD 100mg Tablet,Pregabalin,100mg,Tablet,Zydus Cadila,strip of 10 tablets,119.0,true
Zylo Ointment,Lidocaine,5% w/w,Ointment,Lupin Ltd,tube of 20 gm Ointment,84.87,false
Zymmune 100mg Capsule,Ciclosporin,100mg,Capsule,Zydus Cadila,strip of 6 capsules,634.1,false
Zymmune 25mg Capsule,Ciclosporin,25mg,Capsule,Zydus Cadila,strip of 6 capsules,183.5,false
Zymmune 50mg Capsule,Ciclosporin,50mg,Capsule,Zydus Cadila,strip of 6 capsules,359.6,false
Zynac 150mg Injection,Aceclofenac,150mg,Injection,Zydus Cadila,vial of 1 ml Injection,15.0,true
Zyncet 10mg Syrup,Cetirizine,10mg,Syrup,Torrent Pharmaceuticals Ltd,bottle of 30 ml Syrup,37.31,false
Zyncet A Tablet,Cetirizine + Ambroxol,,Tablet,Torrent Pharmaceuticals Ltd,strip of 10 tablets,16.76,false
Zyncet Cold Tablet,Caffeine + Cetirizine,30mg + 5mg,Tablet,Torrent Pharmaceuticals Ltd,strip of 10 tablets,56.5,false
Zyncet Tablet,Cetirizine,10mg,Tablet,Torrent Pharmaceuticals Ltd,strip of 10 tablets,20.38,false
Zyncet-D Tablet,Cetirizine + Phenylephrine,5mg + 10mg,Tablet,Torrent Pharmaceuticals Ltd,strip of 10 tablets,45.0,false
Zypine 20mg Tablet MD,Olanzapine,20mg,Tablet,Torrent Pharmaceuticals Ltd,strip of 10 tablet md,77.0,true
Zypine MD 15mg Tablet,Olanzapine,15mg,Tablet,Torrent Pharmaceuticals Ltd,strip of 10 tablet md,60.06,true
Zypine MD 2.5mg Tablet,Olanzapine,2.5mg,Tablet,Torrent Pharmaceuticals Ltd,strip of 10 tablet md,26.0,true
Zyrova C 5 Capsule,Rosuvastatin + Clopidogrel,5mg + 75mg,Capsule,Zydus Cadila,strip of 10 capsules,159.7,true
Zyrova D3 Forte Tablet,Rosuvastatin + Vitamin D3,10mg + 1000IU,Tablet,Zydus Cadila,strip of 10 tablets,198.7,true
Zyrova D3 Tablet,Rosuvastatin + Vitamin D3,5mg + 1000IU,Tablet,Zydus Cadila,strip of 10 tablets,131.9,true
Zyrova F 10 Tablet,Fenofibrate + Rosuvastatin,145mg + 10mg,Tablet,Zydus Cadila,strip of 10 tablets,290.0,true
Zyrova F 5 Tablet,Fenofibrate + Rosuvastatin,145mg + 5mg,Tablet,Zydus Cadila,strip of 10 tablets,202.9,true
Zyrtec Drops,Cetirizine,10mg/ml,Drops,Dr Reddy's Laboratories Ltd,bottle of 10 ml Oral Drops,81.5,false
Zytis D Tablet,Diclofenac + Paracetamol,,Tablet,Zydus Cadila,strip of 10 tablets,36.0,false
Zyven OD 100 Tablet ER,Desvenlafaxine,100mg,Tablet,Zydus Cadila,strip of 10 tablet er,322.45,true
Zyven-OD 50 Tablet ER,Desvenlafaxine,50mg,Tablet,Zydus Cadila,strip of 10 tablet er,169.4,true
